SEASON_ID,Player_ID,Game_ID,GAME_DATE,MATCHUP,WL,MIN,FGM,FGA,FG_PCT,FG3M,FG3A,FG3_PCT,FTM,FTA,FT_PCT,OREB,DREB,REB,AST,STL,BLK,TOV,PF,PTS,PLUS_MINUS,VIDEO_AVAILABLE,PLAYER_NAME,SEASON,MIN_PLAYED,PTS_L5,PTS_L10,REB_L5,REB_L10,AST_L5,AST_L10,FG_PCT_L5,FG_PCT_L10,FG3_PCT_L5,FG3_PCT_L10,PLUS_MINUS_L5,PLUS_MINUS_L10,GAME_NUMBER,WIN
22022,1630162,22200010,2022-10-19,MIN vs. OKC,W,32,4,17,0.235,1,7,0.143,2,4,0.5,1,7,8,7,0,0,2,5,11,8,1,Anthony Edwards,2022-23,32,11.0,11.0,8.0,8.0,7.0,7.0,0.235,0.235,0.143,0.143,8.0,8.0,1,1
22022,1630162,22200025,2022-10-21,MIN vs. UTA,L,41,12,23,0.522,3,9,0.333,3,5,0.6,1,4,5,2,0,1,5,0,30,-6,1,Anthony Edwards,2022-23,41,20.5,20.5,6.5,6.5,4.5,4.5,0.3785,0.3785,0.238,0.238,1.0,1.0,2,0
22022,1630162,22200041,2022-10-23,MIN @ OKC,W,34,13,19,0.684,3,7,0.429,1,3,0.333,2,9,11,3,1,0,4,4,30,22,1,Anthony Edwards,2022-23,34,23.666666666666668,23.666666666666668,8.0,8.0,4.0,4.0,0.48033333333333333,0.48033333333333333,0.3016666666666667,0.3016666666666667,8.0,8.0,3,1
22022,1630162,22200050,2022-10-24,MIN vs. SAS,L,35,3,15,0.2,1,8,0.125,2,3,0.667,0,10,10,2,0,0,3,1,9,-14,1,Anthony Edwards,2022-23,35,20.0,20.0,8.5,8.5,3.5,3.5,0.41025,0.41025,0.2575,0.2575,2.5,2.5,4,0
22022,1630162,22200062,2022-10-26,MIN vs. SAS,W,38,12,21,0.571,7,12,0.583,3,4,0.75,0,3,3,9,2,0,5,3,34,16,1,Anthony Edwards,2022-23,38,22.8,22.8,7.4,7.4,4.6,4.6,0.44239999999999996,0.44239999999999996,0.3226,0.3226,5.2,5.2,5,1
22022,1630162,22200076,2022-10-28,MIN vs. LAL,W,38,11,22,0.5,3,8,0.375,4,6,0.667,0,4,4,2,1,0,2,4,29,4,1,Anthony Edwards,2022-23,38,26.4,23.833333333333332,6.6,6.833333333333333,3.6,4.166666666666667,0.49540000000000006,0.45199999999999996,0.369,0.3313333333333333,4.4,5.0,6,1
22022,1630162,22200092,2022-10-30,MIN @ SAS,L,36,7,18,0.389,1,4,0.25,3,3,1.0,0,2,2,6,2,1,1,4,18,-3,1,Anthony Edwards,2022-23,36,24.0,23.0,6.0,6.142857142857143,4.4,4.428571428571429,0.4688,0.443,0.3524,0.31971428571428573,5.0,3.857142857142857,7,0
22022,1630162,22200106,2022-11-01,MIN @ PHX,L,40,8,21,0.381,5,10,0.5,3,5,0.6,0,6,6,1,3,1,3,5,24,-12,1,Anthony Edwards,2022-23,40,22.8,23.125,5.0,6.125,4.0,4.0,0.4082,0.43525,0.3666,0.34225,-1.8,1.875,8,0
22022,1630162,22200129,2022-11-04,MIN vs. MIL,L,37,10,19,0.526,3,9,0.333,1,2,0.5,1,2,3,3,1,0,3,4,24,-16,1,Anthony Edwards,2022-23,37,25.8,23.22222222222222,3.6,5.777777777777778,4.2,3.888888888888889,0.4734,0.44533333333333336,0.4082,0.34122222222222226,-2.2,-0.1111111111111111,9,0
22022,1630162,22200137,2022-11-05,MIN vs. HOU,W,33,7,13,0.538,2,5,0.4,3,3,1.0,0,2,2,3,2,0,4,2,19,20,1,Anthony Edwards,2022-23,33,22.8,22.8,3.4,5.4,3.0,3.8,0.4668,0.4546,0.37160000000000004,0.3471,-1.4,1.9,10,1
22022,1630162,22200153,2022-11-07,MIN vs. NYK,L,37,5,14,0.357,1,7,0.143,5,6,0.833,1,8,9,1,1,0,3,1,16,-6,1,Anthony Edwards,2022-23,37,20.2,23.3,4.4,5.5,2.8,3.2,0.4382,0.46679999999999994,0.32520000000000004,0.3471,-3.4,0.5,11,0
22022,1630162,22200167,2022-11-09,MIN vs. PHX,L,35,4,12,0.333,0,4,0.0,3,6,0.5,0,3,3,6,2,0,3,5,11,-2,1,Anthony Edwards,2022-23,35,18.8,21.4,4.6,5.3,2.8,3.6,0.42700000000000005,0.4479,0.2752,0.31379999999999997,-3.2,0.9,12,0
22022,1630162,22200181,2022-11-11,MIN @ MEM,L,38,10,16,0.625,3,4,0.75,5,7,0.714,1,5,6,6,0,0,1,1,28,2,1,Anthony Edwards,2022-23,38,19.6,21.2,4.6,4.8,3.8,3.9,0.4758,0.442,0.3252,0.3459,-0.4,-1.1,13,0
22022,1630162,22200193,2022-11-13,MIN @ CLE,W,31,5,13,0.385,0,3,0.0,0,0,0.0,0,7,7,1,0,0,4,5,10,-11,1,Anthony Edwards,2022-23,31,16.8,21.3,5.4,4.5,3.4,3.8,0.4476,0.4605,0.25860000000000005,0.33340000000000003,0.6,-0.8,14,1
22022,1630162,22200212,2022-11-16,MIN @ ORL,W,39,12,20,0.6,7,13,0.538,4,7,0.571,0,8,8,6,2,1,1,1,35,29,1,Anthony Edwards,2022-23,39,20.0,21.4,6.6,5.0,4.0,3.5,0.45999999999999996,0.46340000000000003,0.2862,0.3289,2.4,0.5,15,1
22022,1630162,22200237,2022-11-19,MIN @ PHI,W,36,7,21,0.333,2,10,0.2,9,9,1.0,0,5,5,5,1,1,5,2,25,2,1,Anthony Edwards,2022-23,36,21.8,21.0,5.8,5.1,4.8,3.8,0.45519999999999994,0.44670000000000004,0.2976,0.3114,4.0,0.3,16,1
22022,1630162,22200252,2022-11-21,MIN vs. MIA,W,39,9,21,0.429,4,12,0.333,0,1,0.0,1,6,7,4,4,1,4,3,22,0,1,Anthony Edwards,2022-23,39,24.0,21.4,6.6,5.6,4.4,3.6,0.4744,0.4507,0.36419999999999997,0.3197,4.4,0.6,17,1
22022,1630162,22200262,2022-11-23,MIN @ IND,W,36,7,14,0.5,3,5,0.6,2,2,1.0,0,7,7,2,1,0,4,2,19,10,1,Anthony Edwards,2022-23,36,22.2,20.9,6.8,5.7,3.6,3.7,0.44939999999999997,0.46259999999999996,0.33420000000000005,0.3297,6.0,2.8,18,1
22022,1630162,22200272,2022-11-25,MIN @ CHA,L,37,10,21,0.476,3,10,0.3,2,2,1.0,1,4,5,4,1,0,2,3,25,7,1,Anthony Edwards,2022-23,37,25.2,21.0,6.4,5.9,4.2,3.8,0.4676,0.45759999999999995,0.3942,0.32639999999999997,9.6,5.1,19,0
22022,1630162,22200291,2022-11-27,MIN vs. GSW,L,36,7,17,0.412,2,6,0.333,10,11,0.909,1,3,4,4,1,0,1,1,26,-29,1,Anthony Edwards,2022-23,36,23.4,21.7,5.6,6.1,3.8,3.9,0.43,0.44499999999999995,0.3532,0.3197,-2.0,0.2,20,0
22022,1630162,22200300,2022-11-28,MIN @ WAS,L,37,9,19,0.474,1,6,0.167,10,11,0.909,3,5,8,2,2,0,7,2,29,-25,1,Anthony Edwards,2022-23,37,24.2,23.0,6.2,6.0,3.2,4.0,0.4582,0.4567,0.34659999999999996,0.3221,-7.4,-1.7,21,0
22022,1630162,22200317,2022-11-30,MIN vs. MEM,W,40,10,18,0.556,2,6,0.333,7,7,1.0,0,3,3,5,5,3,1,4,29,12,1,Anthony Edwards,2022-23,40,25.6,24.8,5.4,6.0,3.4,3.9,0.48360000000000003,0.479,0.3466,0.35540000000000005,-5.0,-0.3,22,1
22022,1630162,22200341,2022-12-03,MIN vs. OKC,L,37,10,22,0.455,2,6,0.333,4,6,0.667,0,3,3,4,6,0,5,2,26,5,1,Anthony Edwards,2022-23,37,27.0,24.6,4.6,5.7,3.8,3.7,0.4746,0.462,0.2932,0.3137,-6.0,0.0,23,0
22022,1630162,22200370,2022-12-07,MIN vs. IND,W,35,8,18,0.444,1,3,0.333,9,10,0.9,1,7,8,8,6,0,6,3,26,-4,1,Anthony Edwards,2022-23,35,27.2,26.2,5.2,5.8,4.6,4.4,0.46820000000000006,0.4678999999999999,0.2998,0.34700000000000003,-8.2,0.7,24,1
22022,1630162,22200385,2022-12-09,MIN @ UTA,W,34,3,14,0.214,2,6,0.333,6,6,1.0,2,4,6,2,3,0,1,4,14,11,1,Anthony Edwards,2022-23,34,24.8,24.1,5.6,5.6,4.2,4.0,0.42860000000000004,0.4293,0.29979999999999996,0.3265,-0.2,-1.1,25,1
22022,1630162,22200394,2022-12-10,MIN @ POR,L,41,10,20,0.5,4,8,0.5,2,4,0.5,1,5,6,7,2,0,3,3,26,0,1,Anthony Edwards,2022-23,41,24.2,24.2,5.2,5.7,5.2,4.2,0.4338,0.446,0.3664,0.35650000000000004,4.8,-1.3,26,0
22022,1630162,22200407,2022-12-12,MIN @ POR,L,33,6,16,0.375,3,3,1.0,2,6,0.333,1,1,2,3,2,0,2,4,17,-25,1,Anthony Edwards,2022-23,33,21.8,23.7,5.0,5.2,4.8,4.1,0.3976,0.4406,0.4998,0.4232,-2.6,-3.8,27,0
22022,1630162,22200423,2022-12-14,MIN @ LAC,L,37,6,14,0.429,2,7,0.286,5,7,0.714,0,7,7,3,2,1,5,5,19,-11,1,Anthony Edwards,2022-23,37,20.4,23.7,5.8,5.2,4.6,4.2,0.39239999999999997,0.4335,0.4904,0.3918,-5.8,-5.9,28,0
22022,1630162,22200435,2022-12-16,MIN @ OKC,W,35,8,16,0.5,2,3,0.667,1,5,0.2,2,9,11,7,1,1,2,0,19,12,1,Anthony Edwards,2022-23,35,19.0,23.1,6.4,5.8,4.4,4.5,0.40359999999999996,0.4359,0.5571999999999999,0.4285,-2.6,-5.4,29,1
22022,1630162,22200449,2022-12-18,MIN vs. CHI,W,38,13,24,0.542,4,10,0.4,7,7,1.0,1,6,7,11,2,0,4,2,37,15,1,Anthony Edwards,2022-23,38,23.6,24.2,6.6,6.1,6.2,5.2,0.4692,0.44889999999999997,0.5706,0.43520000000000003,-1.8,-1.0,30,1
22022,1630162,22200456,2022-12-19,MIN vs. DAL,W,38,7,21,0.333,3,6,0.5,10,11,0.909,2,11,13,9,1,2,1,3,27,20,1,Anthony Edwards,2022-23,38,23.8,24.0,8.0,6.6,6.6,5.9,0.4358000000000001,0.43479999999999996,0.5706,0.4685,2.2,3.5,31,1
22022,1630162,22200473,2022-12-21,MIN vs. DAL,L,38,11,21,0.524,0,4,0.0,1,2,0.5,0,4,4,5,1,1,4,1,23,-3,1,Anthony Edwards,2022-23,38,25.0,23.4,8.4,6.7,7.0,5.9,0.46560000000000007,0.4316,0.37060000000000004,0.43520000000000003,6.6,2.0,32,0
22022,1630162,22200482,2022-12-23,MIN @ BOS,L,40,13,25,0.52,3,10,0.3,1,1,1.0,0,6,6,4,0,2,3,3,30,-22,1,Anthony Edwards,2022-23,40,27.2,23.8,8.2,7.0,7.2,5.9,0.4838,0.43810000000000004,0.3734,0.4319,4.4,-0.7,33,0
22022,1630162,22200500,2022-12-26,MIN @ MIA,L,40,11,16,0.688,5,8,0.625,2,3,0.667,1,5,6,7,2,1,8,3,29,0,1,Anthony Edwards,2022-23,40,29.2,24.1,7.2,6.8,7.2,5.8,0.5214000000000001,0.4625,0.365,0.46109999999999995,2.0,-0.3,34,0
22022,1630162,22200520,2022-12-28,MIN @ NOP,L,39,10,23,0.435,2,6,0.333,5,9,0.556,1,5,6,2,2,1,4,4,27,-5,1,Anthony Edwards,2022-23,39,27.2,25.4,7.0,6.8,5.4,5.8,0.5,0.48460000000000003,0.35159999999999997,0.46109999999999995,-2.0,-1.9,35,0
22022,1630162,22200533,2022-12-30,MIN @ MIL,L,40,10,20,0.5,2,6,0.333,8,14,0.571,0,10,10,1,4,2,1,1,30,-4,1,Anthony Edwards,2022-23,40,27.8,25.8,6.4,7.2,3.8,5.2,0.5334,0.48460000000000003,0.31820000000000004,0.4444,-6.8,-2.3,36,0
22022,1630162,22200544,2022-12-31,MIN vs. DET,L,39,10,21,0.476,4,10,0.4,6,7,0.857,0,7,7,5,1,0,3,3,30,-5,1,Anthony Edwards,2022-23,39,29.2,27.1,7.0,7.7,3.8,5.4,0.5237999999999999,0.49470000000000003,0.3982,0.38439999999999996,-7.2,-0.3,37,0
22022,1630162,22200557,2023-01-02,MIN vs. DEN,W,36,10,24,0.417,3,11,0.273,6,6,1.0,1,9,10,5,1,0,3,5,29,13,1,Anthony Edwards,2022-23,36,29.0,28.1,7.8,8.0,4.0,5.6,0.5032,0.49350000000000005,0.3928,0.38310000000000005,-0.2,2.1,38,1
22022,1630162,22200571,2023-01-04,MIN vs. POR,W,36,11,26,0.423,3,9,0.333,7,9,0.778,0,7,7,3,0,0,3,4,32,8,1,Anthony Edwards,2022-23,36,29.6,29.4,8.0,7.6,3.2,5.2,0.4502,0.48580000000000007,0.33440000000000003,0.3497,1.4,1.7,39,1
22022,1630162,22200587,2023-01-06,MIN vs. LAC,W,23,2,7,0.286,0,3,0.0,1,2,0.5,0,3,3,5,0,1,2,1,5,18,1,Anthony Edwards,2022-23,23,25.2,26.2,7.4,7.2,3.8,4.6,0.4204,0.46019999999999994,0.26780000000000004,0.3097,6.0,2.0,40,1
22022,1630162,22200601,2023-01-08,MIN @ HOU,W,37,6,19,0.316,3,7,0.429,6,6,1.0,0,4,4,3,1,2,3,0,21,2,1,Anthony Edwards,2022-23,37,23.4,25.6,6.2,6.3,4.2,4.0,0.3836,0.4584999999999999,0.28700000000000003,0.30260000000000004,7.2,0.2,41,1
22022,1630162,22200618,2023-01-11,MIN @ DET,L,24,8,18,0.444,2,7,0.286,2,2,1.0,0,1,1,6,0,0,2,2,20,-1,1,Anthony Edwards,2022-23,24,21.4,25.3,5.0,6.0,4.4,4.1,0.3772,0.45050000000000007,0.2642,0.33120000000000005,8.0,0.4,42,0
22022,1630162,22200637,2023-01-13,MIN vs. PHX,W,37,12,24,0.5,2,8,0.25,5,5,1.0,0,6,6,3,2,0,3,4,31,2,1,Anthony Edwards,2022-23,37,21.8,25.4,4.2,6.0,4.0,4.0,0.3938,0.44849999999999995,0.2596,0.3262,5.8,2.8,43,1
22022,1630162,22200645,2023-01-14,MIN vs. CLE,W,35,10,18,0.556,3,6,0.5,3,3,1.0,0,6,6,7,1,0,4,1,26,7,1,Anthony Edwards,2022-23,35,20.6,25.1,4.0,6.0,4.8,4.0,0.42040000000000005,0.43529999999999996,0.293,0.31370000000000003,5.6,3.5,44,1
22022,1630162,22200662,2023-01-16,MIN vs. UTA,L,36,10,25,0.4,4,10,0.4,5,5,1.0,0,4,4,5,3,0,2,1,29,-2,1,Anthony Edwards,2022-23,36,25.4,25.3,4.2,5.8,4.8,4.3,0.44320000000000004,0.4318000000000001,0.37299999999999994,0.3204,1.6,3.8,45,0
22022,1630162,22200676,2023-01-18,MIN @ DEN,L,37,7,17,0.412,0,4,0.0,2,3,0.667,4,5,9,3,1,1,3,0,16,-12,1,Anthony Edwards,2022-23,37,24.4,23.9,5.2,5.7,4.8,4.5,0.4624,0.42300000000000004,0.2872,0.2871,-1.2,3.0,46,0
22022,1630162,22200680,2023-01-19,MIN vs. TOR,W,40,5,16,0.313,2,8,0.25,11,12,0.917,0,5,5,7,3,0,5,3,23,12,1,Anthony Edwards,2022-23,40,25.0,23.2,6.0,5.5,5.0,4.7,0.43620000000000003,0.4067,0.27999999999999997,0.2721,1.4,4.7,47,1
22022,1630162,22200696,2023-01-21,MIN vs. HOU,W,41,17,29,0.586,8,16,0.5,2,2,1.0,0,6,6,4,3,3,5,1,44,14,1,Anthony Edwards,2022-23,41,27.6,24.7,6.0,5.1,5.2,4.6,0.45339999999999997,0.4236,0.32999999999999996,0.2948,3.8,4.8,48,1
22022,1630162,22200709,2023-01-23,MIN @ HOU,L,37,9,20,0.45,6,10,0.6,7,9,0.778,1,2,3,5,4,1,6,3,31,-15,1,Anthony Edwards,2022-23,37,28.6,24.6,5.4,4.7,4.8,4.8,0.43220000000000003,0.4263,0.35,0.3215,-0.6,2.5,49,0
22022,1630162,22200724,2023-01-25,MIN @ NOP,W,37,12,25,0.48,4,10,0.4,9,10,0.9,0,6,6,5,0,0,4,1,37,13,1,Anthony Edwards,2022-23,37,30.2,27.8,5.8,5.0,4.8,4.8,0.44820000000000004,0.4457,0.35,0.36150000000000004,2.4,2.0,50,1
22022,1630162,22200737,2023-01-27,MIN vs. MEM,W,36,9,18,0.5,3,5,0.6,4,6,0.667,0,7,7,7,0,1,2,2,25,10,1,Anthony Edwards,2022-23,36,32.0,28.2,5.4,5.3,5.6,5.2,0.46579999999999994,0.4641,0.47000000000000003,0.37859999999999994,6.8,2.8,51,1
22022,1630162,22200746,2023-01-28,MIN vs. SAC,W,38,14,21,0.667,5,7,0.714,1,2,0.5,2,8,10,6,2,1,6,2,34,16,1,Anthony Edwards,2022-23,38,34.2,29.6,6.4,6.2,5.4,5.2,0.5366000000000001,0.4864,0.5628,0.42139999999999994,7.6,4.5,52,1
22022,1630162,22200758,2023-01-30,MIN vs. SAC,L,41,14,27,0.519,4,11,0.364,1,4,0.25,2,6,8,5,2,2,6,2,33,-11,1,Anthony Edwards,2022-23,41,32.0,29.8,6.8,6.4,5.6,5.4,0.5232,0.4883,0.5356,0.43279999999999996,2.6,3.2,53,0
22022,1630162,22200774,2023-02-01,MIN vs. GSW,W,39,10,26,0.385,2,11,0.182,5,6,0.833,0,6,6,5,2,1,6,1,27,-9,1,Anthony Edwards,2022-23,39,31.2,29.9,7.4,6.4,5.6,5.2,0.5102,0.47119999999999995,0.45199999999999996,0.40099999999999997,3.8,1.6,54,1
22022,1630162,22200790,2023-02-03,MIN vs. ORL,L,38,5,15,0.333,1,7,0.143,8,10,0.8,0,5,5,5,1,1,4,3,19,-10,1,Anthony Edwards,2022-23,38,27.6,28.9,7.2,6.5,5.6,5.2,0.48080000000000006,0.46449999999999997,0.4006,0.37529999999999997,-0.8,0.8,55,0
22022,1630162,22200806,2023-02-05,MIN vs. DEN,W,31,8,17,0.471,1,5,0.2,3,5,0.6,0,4,4,3,2,0,2,2,20,13,1,Anthony Edwards,2022-23,31,26.6,29.3,6.6,6.0,4.8,5.2,0.475,0.4704,0.3206,0.3953,-0.2,3.3,56,1
22022,1630162,22200820,2023-02-07,MIN @ DEN,L,21,7,11,0.636,1,3,0.333,4,5,0.8,0,3,3,3,0,1,1,3,19,-12,1,Anthony Edwards,2022-23,21,23.6,28.9,5.2,5.8,4.2,4.8,0.46880000000000005,0.5027,0.2444,0.40359999999999996,-5.8,0.9,57,0
22022,1630162,22200828,2023-02-08,MIN @ UTA,W,33,13,27,0.481,4,9,0.444,1,1,1.0,0,7,7,8,1,0,1,1,31,19,1,Anthony Edwards,2022-23,33,23.2,27.6,5.0,5.9,4.8,5.2,0.4612,0.49219999999999997,0.2604,0.398,0.2,1.4,58,1
22022,1630162,22200841,2023-02-10,MIN @ MEM,L,39,8,19,0.421,1,3,0.333,0,0,0.0,0,2,2,5,1,2,3,2,17,-18,1,Anthony Edwards,2022-23,39,21.2,26.2,4.2,5.8,4.8,5.2,0.46840000000000004,0.48930000000000007,0.2906,0.37129999999999996,-1.6,1.1,59,0
22022,1630162,22200865,2023-02-13,MIN @ DAL,W,36,12,22,0.545,1,4,0.25,7,7,1.0,1,4,5,1,0,0,3,4,32,9,1,Anthony Edwards,2022-23,36,23.8,25.7,4.2,5.7,4.0,4.8,0.5108,0.4958,0.312,0.35629999999999995,2.2,0.7,60,1
22022,1630162,22200884,2023-02-16,MIN vs. WAS,L,37,11,26,0.423,3,10,0.3,9,10,0.9,1,4,5,3,3,1,6,4,34,-6,1,Anthony Edwards,2022-23,37,26.6,26.6,4.4,5.5,4.0,4.4,0.5012,0.48810000000000003,0.332,0.32630000000000003,-1.6,-0.9,61,0
22022,1630162,22200898,2023-02-24,MIN vs. CHA,L,40,11,26,0.423,3,7,0.429,4,4,1.0,0,8,8,5,2,2,4,0,29,-3,1,Anthony Edwards,2022-23,40,28.6,26.1,5.4,5.3,4.4,4.3,0.4586,0.46370000000000006,0.35119999999999996,0.2978,0.2,-2.8,62,0
22022,1630162,22200916,2023-02-26,MIN @ GSW,L,39,5,19,0.263,2,8,0.25,0,1,0.0,0,5,5,7,2,2,5,1,12,1,1,Anthony Edwards,2022-23,39,24.8,24.0,5.0,5.0,4.2,4.5,0.41500000000000004,0.43810000000000004,0.31239999999999996,0.2864,-3.4,-1.6,63,0
22022,1630162,22200932,2023-02-28,MIN @ LAC,W,37,6,18,0.333,2,5,0.4,4,5,0.8,1,3,4,3,3,2,4,2,18,8,1,Anthony Edwards,2022-23,37,25.0,23.1,5.4,4.8,3.8,4.3,0.39740000000000003,0.43289999999999995,0.3258,0.3082,1.8,0.1,64,1
22022,1630162,22200955,2023-03-03,MIN @ LAL,W,36,7,16,0.438,5,8,0.625,0,0,0.0,0,5,5,2,4,2,5,5,19,4,1,Anthony Edwards,2022-23,36,22.4,23.1,5.4,4.8,4.0,4.0,0.376,0.4434,0.4008,0.3564,0.8,1.5,65,1
22022,1630162,22200961,2023-03-04,MIN @ SAC,W,36,10,20,0.5,2,8,0.25,5,8,0.625,1,3,4,8,0,0,4,4,27,-5,1,Anthony Edwards,2022-23,36,21.0,23.8,5.2,4.8,5.0,4.5,0.39139999999999997,0.44630000000000003,0.3908,0.3614,1.0,-0.3,66,1
22022,1630162,22200980,2023-03-07,MIN vs. PHI,L,34,12,24,0.5,5,10,0.5,3,4,0.75,0,7,7,1,0,0,2,2,32,-15,1,Anthony Edwards,2022-23,34,21.6,25.1,5.0,5.2,4.2,4.3,0.40679999999999994,0.4327,0.40499999999999997,0.3781,-1.4,-0.6,67,0
22022,1630162,22201001,2023-03-10,MIN vs. BKN,L,44,12,26,0.462,3,9,0.333,5,6,0.833,0,6,6,2,2,3,2,2,32,-4,1,Anthony Edwards,2022-23,44,25.6,25.2,5.2,5.1,3.2,3.7,0.4466,0.43079999999999996,0.42160000000000003,0.367,-2.4,-2.9,68,0
22022,1630162,22201021,2023-03-13,MIN @ ATL,W,36,12,25,0.48,2,10,0.2,6,10,0.6,0,8,8,5,1,2,3,1,32,23,1,Anthony Edwards,2022-23,36,28.4,26.7,6.0,5.7,3.6,3.7,0.476,0.4367,0.3816,0.3537,0.6,1.2,69,1
22022,1630162,22201039,2023-03-15,MIN vs. BOS,L,38,10,20,0.5,5,8,0.625,3,5,0.6,0,10,10,7,0,0,3,0,28,5,1,Anthony Edwards,2022-23,38,30.2,26.3,7.0,6.2,4.6,4.3,0.48840000000000006,0.43220000000000003,0.3816,0.3912,0.8,0.8,70,0
22022,1630162,22201050,2023-03-17,MIN @ CHI,L,8,3,4,0.75,2,2,1.0,0,0,0.0,0,0,0,1,0,0,0,0,8,5,1,Anthony Edwards,2022-23,8,26.4,23.7,6.2,5.7,3.2,4.1,0.5384,0.4649,0.5316,0.4612,2.8,1.9,71,0
22022,1630162,22201121,2023-03-26,MIN @ GSW,W,35,5,14,0.357,2,8,0.25,1,2,0.5,1,3,4,3,1,0,3,1,13,12,1,Anthony Edwards,2022-23,35,22.6,22.1,5.6,5.3,3.6,3.9,0.5098,0.45830000000000004,0.4816,0.44329999999999997,8.2,3.4,72,1
22022,1630162,22201128,2023-03-27,MIN @ SAC,W,39,6,15,0.4,1,3,0.333,4,8,0.5,1,4,5,7,0,0,1,4,17,6,1,Anthony Edwards,2022-23,39,19.6,22.6,5.4,5.3,4.6,3.9,0.4974,0.472,0.4816,0.4516,10.2,3.9,73,1
22022,1630162,22201144,2023-03-29,MIN @ PHX,L,40,13,22,0.591,3,9,0.333,2,3,0.667,0,0,0,6,1,1,1,2,31,-8,1,Anthony Edwards,2022-23,40,19.4,23.9,3.8,4.9,4.8,4.2,0.5196000000000001,0.49779999999999996,0.5082,0.44489999999999996,4.0,2.3,74,0
22022,1630162,22201157,2023-03-31,MIN vs. LAL,L,38,4,16,0.25,2,7,0.286,1,2,0.5,0,4,4,3,1,0,3,1,11,-7,1,Anthony Edwards,2022-23,38,16.0,23.1,2.6,4.8,4.0,4.3,0.46959999999999996,0.479,0.4404,0.41100000000000003,1.6,1.2,75,0
22022,1630162,22201166,2023-04-02,MIN vs. POR,L,38,15,30,0.5,3,8,0.375,4,5,0.8,0,5,5,6,1,0,4,1,37,-1,1,Anthony Edwards,2022-23,38,21.8,24.1,3.6,4.9,5.0,4.1,0.4196,0.479,0.3154,0.42350000000000004,0.4,1.6,76,0
22022,1630162,22201180,2023-04-04,MIN @ BKN,W,31,7,18,0.389,2,5,0.4,7,7,1.0,1,4,5,3,1,2,2,1,23,13,1,Anthony Edwards,2022-23,31,23.8,23.2,3.8,4.7,5.0,4.3,0.426,0.46790000000000004,0.34540000000000004,0.4135,0.6,4.4,77,1
22022,1630162,22201214,2023-04-08,MIN @ SAS,W,25,13,25,0.52,4,9,0.444,3,4,0.75,2,3,5,3,2,0,0,1,33,15,1,Anthony Edwards,2022-23,25,27.0,23.3,3.8,4.6,4.2,4.4,0.45,0.4737,0.36760000000000004,0.42460000000000003,2.4,6.3,78,1
22022,1630162,22201225,2023-04-09,MIN vs. NOP,W,39,8,21,0.381,3,9,0.333,7,13,0.538,3,10,13,4,4,4,8,3,26,-4,1,Anthony Edwards,2022-23,39,26.0,22.7,6.4,5.1,3.8,4.3,0.40800000000000003,0.4638,0.3676,0.43789999999999996,3.2,3.6,79,1
22023,1630162,22300069,2023-10-25,MIN @ TOR,L,38,8,27,0.296,4,7,0.571,6,6,1.0,5,9,14,1,0,0,2,1,26,0,1,Anthony Edwards,2023-24,38,29.0,22.5,8.4,5.5,3.4,3.7,0.41719999999999996,0.4434,0.42460000000000003,0.43249999999999994,4.6,3.1,1,0
22023,1630162,22300093,2023-10-28,MIN vs. MIA,W,33,7,15,0.467,3,5,0.6,2,2,1.0,0,2,2,7,0,0,2,3,19,21,1,Anthony Edwards,2023-24,33,25.4,23.6,7.8,5.7,3.6,4.3,0.41059999999999997,0.41509999999999997,0.46959999999999996,0.39249999999999996,9.0,4.7,2,1
22023,1630162,22300104,2023-10-30,MIN @ ATL,L,38,13,21,0.619,5,8,0.625,0,1,0.0,0,5,5,7,1,0,5,4,31,-9,1,Anthony Edwards,2023-24,38,27.0,25.4,7.8,5.8,4.4,4.7,0.45660000000000006,0.4413,0.5146,0.43,4.6,2.6,3,0
22023,1630162,22300123,2023-11-01,MIN vs. DEN,W,32,8,16,0.5,1,4,0.25,7,8,0.875,0,2,2,1,2,0,4,1,24,11,1,Anthony Edwards,2023-24,32,25.2,26.1,7.2,5.5,4.0,4.1,0.4526,0.4513,0.4758,0.42169999999999996,3.8,3.1,4,1
22023,1630162,22300138,2023-11-04,MIN vs. UTA,W,36,13,19,0.684,2,4,0.5,3,5,0.6,0,8,8,6,1,0,6,0,31,27,1,Anthony Edwards,2023-24,36,26.2,26.1,6.2,6.3,4.4,4.1,0.5132,0.4606,0.5092,0.43839999999999996,10.0,6.6,5,1
22023,1630162,22300154,2023-11-06,MIN vs. BOS,W,38,15,25,0.6,2,8,0.25,6,7,0.857,0,9,9,7,1,0,3,5,38,18,1,Anthony Edwards,2023-24,38,28.6,28.8,5.2,6.8,5.6,4.5,0.5740000000000001,0.49560000000000004,0.445,0.43479999999999996,13.6,9.1,6,1
22023,1630162,22300166,2023-11-08,MIN vs. NOP,W,33,10,22,0.455,2,8,0.25,4,5,0.8,0,3,3,8,3,2,3,1,26,35,1,Anthony Edwards,2023-24,33,30.0,27.7,5.4,6.6,5.8,4.7,0.5716,0.49110000000000004,0.375,0.4223,16.4,12.7,7,1
22023,1630162,22300013,2023-11-10,MIN @ SAS,W,37,9,21,0.429,2,8,0.25,8,11,0.727,2,5,7,5,2,1,4,1,28,3,1,Anthony Edwards,2023-24,37,29.4,28.2,5.8,6.8,5.4,4.9,0.5336,0.4951,0.3,0.40729999999999994,18.8,11.7,8,1
22023,1630162,22300186,2023-11-12,MIN @ GSW,W,38,11,27,0.407,1,9,0.111,10,10,1.0,1,5,6,7,2,0,4,0,33,15,1,Anthony Edwards,2023-24,38,31.2,28.2,6.6,6.9,6.6,5.3,0.515,0.4838,0.2722,0.374,19.6,11.7,9,1
22023,1630162,22300025,2023-11-14,MIN @ GSW,W,36,7,16,0.438,3,6,0.5,3,5,0.6,0,4,4,4,3,0,5,1,20,-9,1,Anthony Edwards,2023-24,36,29.0,27.6,5.8,6.0,6.2,5.3,0.46580000000000005,0.48950000000000005,0.2722,0.39069999999999994,12.4,11.2,10,1
22023,1630162,22300197,2023-11-15,MIN @ PHX,L,31,4,16,0.25,1,3,0.333,4,4,1.0,1,3,4,4,1,1,1,0,13,-29,1,Anthony Edwards,2023-24,31,24.0,26.3,4.8,5.0,5.6,5.6,0.39580000000000004,0.4849,0.2888,0.3669,3.0,8.3,11,0
22023,1630162,22300203,2023-11-18,MIN @ NOP,W,30,9,19,0.474,5,10,0.5,0,0,0.0,0,3,3,4,0,0,3,6,23,13,1,Anthony Edwards,2023-24,30,23.4,26.7,4.8,5.1,4.8,5.3,0.39959999999999996,0.4856,0.3388,0.3569,-1.4,7.5,12,1
22023,1630162,22300221,2023-11-20,MIN vs. NYK,W,39,9,21,0.429,1,6,0.167,4,4,1.0,2,8,10,5,2,0,3,1,23,9,1,Anthony Edwards,2023-24,39,22.4,25.9,5.4,5.6,4.8,5.1,0.3996,0.4666,0.3222,0.3111,-0.2,9.3,13,1
22023,1630162,22300232,2023-11-22,MIN vs. PHI,W,36,11,22,0.5,5,9,0.556,4,4,1.0,2,4,6,6,2,0,2,2,31,19,1,Anthony Edwards,2023-24,36,22.0,26.6,5.4,6.0,4.6,5.6,0.4182,0.4666,0.4112,0.3417,0.6,10.1,14,1
22023,1630162,22300050,2023-11-24,MIN vs. SAC,L,40,8,21,0.381,2,9,0.222,17,18,0.944,0,7,7,5,2,2,4,2,35,5,1,Anthony Edwards,2023-24,40,25.0,27.0,6.0,5.9,4.8,5.5,0.40679999999999994,0.43629999999999997,0.3556,0.31389999999999996,3.4,7.9,15,0
22023,1630162,22300249,2023-11-26,MIN @ MEM,W,34,8,14,0.571,1,4,0.25,7,7,1.0,0,5,5,7,0,1,2,3,24,23,1,Anthony Edwards,2023-24,34,27.2,25.6,6.2,5.5,5.4,5.5,0.4709999999999999,0.43339999999999995,0.339,0.31389999999999996,13.8,8.4,16,1
22023,1630162,22300058,2023-11-28,MIN vs. OKC,W,28,7,16,0.438,3,6,0.5,4,6,0.667,0,5,5,1,0,1,2,2,21,0,1,Anthony Edwards,2023-24,28,26.8,25.1,6.6,5.7,4.8,4.8,0.4638,0.43170000000000003,0.339,0.3389,11.2,4.9,17,1
22023,1630162,22301210,2023-12-06,MIN vs. SAS,W,37,4,17,0.235,2,5,0.4,7,8,0.875,1,6,7,6,1,1,3,2,17,14,1,Anthony Edwards,2023-24,37,25.6,24.0,6.0,5.7,5.0,4.9,0.425,0.41229999999999994,0.3856,0.3539,12.2,6.0,18,1
22023,1630162,22301221,2023-12-08,MIN @ MEM,W,4,0,1,0.0,0,0,0.0,0,0,0.0,0,0,0,1,0,0,0,0,0,-3,1,Anthony Edwards,2023-24,4,19.4,20.7,4.8,5.1,4.0,4.3,0.325,0.3716,0.2744,0.3428,7.8,4.2,19,1
22023,1630162,22300321,2023-12-14,MIN @ DAL,W,35,3,19,0.158,0,3,0.0,3,6,0.5,1,1,2,11,2,0,5,2,9,20,1,Anthony Edwards,2023-24,35,14.2,19.6,3.8,4.9,5.2,5.0,0.2804,0.3436,0.22999999999999998,0.2928,10.8,7.1,20,1
22023,1630162,22300338,2023-12-16,MIN vs. IND,W,34,14,23,0.609,7,10,0.7,2,2,1.0,0,2,2,4,3,0,4,3,37,17,1,Anthony Edwards,2023-24,34,16.8,22.0,3.2,4.7,4.6,5.0,0.288,0.3795,0.32,0.3295,9.6,11.7,21,1
22023,1630162,22300353,2023-12-18,MIN @ MIA,W,40,13,25,0.52,2,9,0.222,4,4,1.0,0,8,8,5,3,2,1,1,32,6,1,Anthony Edwards,2023-24,40,19.0,22.9,3.8,5.2,5.4,5.1,0.3044,0.3841,0.2644,0.30169999999999997,10.8,11.0,22,1
22023,1630162,22300367,2023-12-20,MIN @ PHI,L,36,9,20,0.45,2,6,0.333,7,8,0.875,1,6,7,5,0,0,1,2,27,-10,1,Anthony Edwards,2023-24,36,21.0,23.3,3.8,4.9,5.2,5.1,0.3474,0.3862,0.251,0.3183,6.0,9.1,23,0
22023,1630162,22300380,2023-12-21,MIN vs. LAL,W,38,9,19,0.474,2,6,0.333,7,8,0.875,0,7,7,5,3,1,5,0,27,2,1,Anthony Edwards,2023-24,38,26.4,22.9,5.2,5.0,6.0,5.0,0.4422,0.3836,0.3176,0.296,7.0,7.4,24,1
22023,1630162,22300400,2023-12-23,MIN @ SAC,W,39,13,27,0.481,3,12,0.25,5,5,1.0,0,5,5,10,1,1,5,1,34,8,1,Anthony Edwards,2023-24,39,31.4,22.8,5.8,4.8,5.8,5.5,0.5067999999999999,0.3936,0.36760000000000004,0.2988,4.6,7.7,25,1
22023,1630162,22300411,2023-12-26,MIN @ OKC,L,34,7,16,0.438,2,5,0.4,9,13,0.692,1,6,7,6,1,0,4,3,25,-16,1,Anthony Edwards,2023-24,34,29.0,22.9,6.8,5.0,6.2,5.4,0.4726,0.38029999999999997,0.3076,0.3138,-2.0,3.8,26,0
22023,1630162,22300423,2023-12-28,MIN vs. DAL,W,38,12,23,0.522,6,11,0.545,14,18,0.778,0,3,3,4,3,1,6,2,44,11,1,Anthony Edwards,2023-24,38,31.4,25.2,5.8,4.8,6.0,5.7,0.47300000000000003,0.38869999999999993,0.37220000000000003,0.3183,-1.0,4.9,27,1
22023,1630162,22300443,2023-12-30,MIN vs. LAL,W,38,10,23,0.435,2,8,0.25,9,11,0.818,0,3,3,3,0,3,3,3,31,8,1,Anthony Edwards,2023-24,38,32.2,26.6,5.0,4.4,5.6,5.4,0.47000000000000003,0.40869999999999995,0.3556,0.3033,2.6,4.3,28,1
22023,1630162,22300451,2024-01-01,MIN @ NYK,L,38,11,21,0.524,4,9,0.444,9,10,0.9,0,4,4,2,0,2,4,1,35,2,1,Anthony Edwards,2023-24,38,33.8,30.1,4.4,4.8,5.0,5.5,0.4800000000000001,0.46109999999999995,0.3778,0.3477,2.6,4.8,29,0
22023,1630162,22300471,2024-01-03,MIN vs. NOP,L,37,11,22,0.5,4,7,0.571,9,10,0.9,2,2,4,5,1,1,6,1,35,-15,1,Anthony Edwards,2023-24,37,34.0,32.7,4.2,5.0,4.0,4.9,0.4838,0.49529999999999996,0.442,0.4048,-2.0,1.3,30,0
22023,1630162,22300485,2024-01-05,MIN @ HOU,W,33,8,17,0.471,2,5,0.4,6,6,1.0,0,3,3,5,2,0,5,2,24,14,1,Anthony Edwards,2023-24,33,33.8,31.4,3.4,5.1,3.8,5.0,0.4904,0.48149999999999993,0.442,0.3748,4.0,1.0,31,1
22023,1630162,22300501,2024-01-07,MIN @ DAL,L,37,14,27,0.519,3,6,0.5,5,7,0.714,5,5,10,3,3,1,2,3,36,-5,1,Anthony Edwards,2023-24,37,32.2,31.8,4.8,5.3,3.6,4.8,0.48979999999999996,0.4814,0.433,0.40259999999999996,0.8,-0.1,32,0
22023,1630162,22300513,2024-01-09,MIN @ ORL,W,26,2,7,0.286,0,2,0.0,2,3,0.667,1,3,4,3,0,0,5,3,6,1,1,Anthony Edwards,2023-24,26,27.2,29.7,5.0,5.0,3.6,4.6,0.45999999999999996,0.46499999999999997,0.383,0.3693,-0.6,1.0,33,1
22023,1630162,22300517,2024-01-10,MIN @ BOS,L,46,11,25,0.44,3,6,0.5,4,4,1.0,0,6,6,3,0,0,5,1,29,-1,1,Anthony Edwards,2023-24,46,26.0,29.9,5.4,4.9,3.8,4.4,0.44320000000000004,0.46159999999999995,0.3942,0.386,-1.2,0.7,34,0
22023,1630162,22300538,2024-01-12,MIN vs. POR,W,27,4,9,0.444,0,3,0.0,1,2,0.5,0,3,3,6,1,1,0,2,9,41,1,Anthony Edwards,2023-24,27,20.8,27.4,5.2,4.7,4.0,4.0,0.43200000000000005,0.4579,0.27999999999999997,0.36100000000000004,10.0,4.0,35,1
22023,1630162,22300553,2024-01-14,MIN vs. LAC,W,38,10,16,0.625,2,4,0.5,11,12,0.917,1,8,9,6,2,0,5,1,33,13,1,Anthony Edwards,2023-24,38,22.6,28.2,6.4,4.9,4.2,4.0,0.4628,0.4766,0.3,0.371,9.8,6.9,36,1
22023,1630162,22300569,2024-01-17,MIN @ DET,W,33,10,24,0.417,3,8,0.375,4,4,1.0,0,5,5,8,0,0,3,3,27,5,1,Anthony Edwards,2023-24,33,20.8,26.5,5.4,5.1,5.2,4.4,0.44239999999999996,0.46609999999999996,0.275,0.354,11.8,6.3,37,1
22023,1630162,22300582,2024-01-18,MIN vs. MEM,W,34,11,19,0.579,1,6,0.167,5,6,0.833,0,5,5,5,1,0,3,2,28,10,1,Anthony Edwards,2023-24,34,25.2,26.2,5.6,5.3,5.6,4.6,0.501,0.4805,0.3084,0.3457,13.6,6.5,38,1
22023,1630162,22300599,2024-01-20,MIN vs. OKC,L,38,6,10,0.6,1,3,0.333,6,10,0.6,0,5,5,5,0,0,5,2,19,-13,1,Anthony Edwards,2023-24,38,23.2,24.6,5.4,5.4,6.0,4.9,0.533,0.48810000000000003,0.275,0.3346,11.2,5.0,39,0
22023,1630162,22300610,2024-01-22,MIN vs. CHA,L,37,3,11,0.273,1,5,0.2,2,2,1.0,0,5,5,11,0,0,1,1,9,7,1,Anthony Edwards,2023-24,37,23.2,22.0,5.8,5.5,7.0,5.5,0.49879999999999997,0.4654,0.315,0.2975,4.4,7.2,40,0
22023,1630162,22300620,2024-01-24,MIN @ WAS,W,34,11,28,0.393,3,10,0.3,13,14,0.929,1,2,3,5,1,0,4,4,38,6,1,Anthony Edwards,2023-24,34,24.2,23.4,4.6,5.5,6.8,5.5,0.4524,0.45760000000000006,0.275,0.2875,3.0,6.4,41,1
22023,1630162,22300629,2024-01-25,MIN @ BKN,W,36,8,23,0.348,3,7,0.429,5,6,0.833,0,1,1,3,1,0,3,3,24,-5,1,Anthony Edwards,2023-24,36,23.6,22.2,3.8,4.6,5.8,5.5,0.4386,0.4405,0.2858,0.2804,1.0,6.4,42,1
22023,1630162,22300649,2024-01-27,MIN @ SAS,L,38,12,18,0.667,6,8,0.75,2,4,0.5,1,5,6,12,1,0,4,0,32,7,1,Anthony Edwards,2023-24,38,24.4,24.8,4.0,4.8,7.2,6.4,0.45620000000000005,0.4786,0.4024,0.3554,0.4,7.0,43,0
22023,1630162,22300664,2024-01-29,MIN @ OKC,W,40,10,20,0.5,3,5,0.6,4,4,1.0,0,4,4,4,1,0,4,4,27,-1,1,Anthony Edwards,2023-24,40,26.0,24.6,3.8,4.6,7.0,6.5,0.43620000000000003,0.48460000000000003,0.4558,0.3654,2.8,7.0,44,1
22023,1630162,22300680,2024-01-31,MIN vs. DAL,W,30,3,5,0.6,1,2,0.5,2,2,1.0,0,5,5,5,0,0,2,1,9,18,1,Anthony Edwards,2023-24,30,26.0,24.6,3.8,4.8,5.8,6.4,0.5016,0.5002,0.5157999999999999,0.4154,5.0,4.7,45,1
22023,1630162,22300694,2024-02-02,MIN vs. ORL,L,35,9,18,0.5,2,8,0.25,2,3,0.667,0,1,1,5,1,0,3,1,22,6,1,Anthony Edwards,2023-24,35,22.8,23.5,3.4,4.0,5.8,6.3,0.523,0.48769999999999997,0.5058,0.39039999999999997,5.0,4.0,46,0
22023,1630162,22300709,2024-02-04,MIN vs. HOU,W,34,11,22,0.5,4,8,0.5,6,8,0.75,1,5,6,1,1,1,4,3,32,27,1,Anthony Edwards,2023-24,34,24.4,24.0,4.4,4.1,5.4,5.6,0.5534,0.496,0.52,0.4029,11.4,6.2,47,1
22023,1630162,22300723,2024-02-06,MIN @ CHI,L,44,12,26,0.462,5,9,0.556,9,11,0.818,0,12,12,5,2,1,5,5,38,-4,1,Anthony Edwards,2023-24,44,25.6,25.0,5.6,4.8,4.0,5.6,0.5124000000000001,0.48430000000000006,0.4812,0.4418,9.2,4.8,48,0
22023,1630162,22300738,2024-02-08,MIN @ MIL,W,36,9,20,0.45,4,11,0.364,4,6,0.667,0,3,3,9,1,0,0,3,26,16,1,Anthony Edwards,2023-24,36,25.4,25.7,5.4,4.6,5.0,6.0,0.5024,0.46929999999999994,0.434,0.44489999999999996,12.6,7.7,49,1
22023,1630162,22300770,2024-02-12,MIN @ LAC,W,32,8,18,0.444,1,11,0.091,6,6,1.0,0,7,7,8,1,0,1,2,23,18,1,Anthony Edwards,2023-24,32,28.2,27.1,5.8,4.8,5.6,5.7,0.47119999999999995,0.4864,0.35219999999999996,0.434,12.6,8.8,50,1
22023,1630162,22300775,2024-02-13,MIN @ POR,W,34,16,27,0.593,4,8,0.5,5,5,1.0,0,4,4,2,2,1,2,1,41,16,1,Anthony Edwards,2023-24,34,32.0,27.4,6.4,4.9,5.0,5.4,0.48979999999999996,0.5064,0.4022,0.454,14.6,9.8,51,1
22023,1630162,22300791,2024-02-15,MIN @ POR,W,33,12,21,0.571,3,7,0.429,7,8,0.875,1,5,6,7,2,1,1,1,34,36,1,Anthony Edwards,2023-24,33,32.4,28.4,6.4,5.4,6.2,5.8,0.504,0.5287,0.388,0.4539999999999999,16.4,13.9,52,1
22023,1630162,22300808,2024-02-23,MIN vs. MIL,L,38,10,27,0.37,4,12,0.333,4,6,0.667,0,9,9,5,1,0,3,2,28,-16,1,Anthony Edwards,2023-24,38,30.4,28.0,5.8,5.7,6.2,5.1,0.4856,0.499,0.3434,0.4123,14.0,11.6,53,0
22023,1630162,22300815,2024-02-24,MIN vs. BKN,W,38,11,23,0.478,1,3,0.333,6,9,0.667,0,8,8,3,2,1,1,0,29,16,1,Anthony Edwards,2023-24,38,31.0,28.2,6.8,6.1,5.0,5.0,0.49119999999999997,0.4968,0.3372,0.3856,14.0,13.3,54,1
22023,1630162,22300838,2024-02-27,MIN vs. SAS,W,33,13,29,0.448,4,10,0.4,4,4,1.0,1,4,5,5,4,1,4,0,34,5,1,Anthony Edwards,2023-24,33,33.2,30.7,6.4,6.1,4.4,5.0,0.492,0.4816,0.399,0.3756,11.4,12.0,55,1
22023,1630162,22300845,2024-02-28,MIN vs. MEM,W,40,11,21,0.524,1,6,0.167,11,11,1.0,0,2,2,4,0,1,3,3,34,8,1,Anthony Edwards,2023-24,40,31.8,31.9,6.0,6.2,4.8,4.9,0.4782,0.484,0.33240000000000003,0.3673,9.8,12.2,56,1
22023,1630162,22300862,2024-03-01,MIN vs. SAC,L,19,2,11,0.182,1,3,0.333,6,6,1.0,0,2,2,2,0,1,1,0,11,-3,1,Anthony Edwards,2023-24,19,27.2,29.8,5.2,5.8,3.8,5.0,0.40040000000000003,0.45220000000000005,0.31320000000000003,0.3506,2.0,9.2,57,0
22023,1630162,22300873,2024-03-03,MIN vs. LAC,L,37,9,20,0.45,3,10,0.3,6,6,1.0,0,5,5,2,3,0,3,1,27,10,1,Anthony Edwards,2023-24,37,27.0,28.7,4.4,5.1,3.2,4.7,0.4164,0.45099999999999996,0.30660000000000004,0.325,7.2,10.6,58,0
22023,1630162,22300881,2024-03-04,MIN vs. POR,W,35,4,10,0.4,1,3,0.333,4,6,0.667,0,4,4,6,1,0,2,2,13,8,1,Anthony Edwards,2023-24,35,23.8,27.4,3.6,5.2,3.8,4.4,0.4008000000000001,0.44600000000000006,0.30660000000000004,0.3219,5.6,9.8,59,1
22023,1630162,22300903,2024-03-07,MIN @ IND,W,39,18,35,0.514,3,7,0.429,5,8,0.625,2,4,6,3,2,2,0,1,44,2,1,Anthony Edwards,2023-24,39,25.8,29.5,3.8,5.1,3.4,3.9,0.41400000000000003,0.453,0.3124,0.3557,5.0,8.2,60,1
22023,1630162,22300911,2024-03-08,MIN @ CLE,L,42,7,27,0.259,0,7,0.0,5,5,1.0,1,4,5,3,1,1,5,3,19,-20,1,Anthony Edwards,2023-24,42,22.8,27.3,4.4,5.2,3.2,4.0,0.36100000000000004,0.4196,0.279,0.3057,-0.6,4.6,61,0
22023,1630162,22300932,2024-03-10,MIN @ LAL,L,40,10,23,0.435,2,9,0.222,3,4,0.75,1,6,7,7,2,2,3,2,25,-14,1,Anthony Edwards,2023-24,40,25.6,26.4,5.4,5.3,4.2,4.0,0.4116000000000001,0.406,0.25680000000000003,0.28500000000000003,-2.8,-0.4,62,0
22023,1630162,22300944,2024-03-12,MIN @ LAC,W,37,15,29,0.517,2,8,0.25,5,7,0.714,2,6,8,4,1,0,2,3,37,22,1,Anthony Edwards,2023-24,37,27.6,27.3,6.0,5.2,4.6,3.9,0.425,0.4207000000000001,0.2468,0.27670000000000006,-0.4,3.4,63,1
22023,1630162,22300974,2024-03-16,MIN @ UTA,W,35,12,20,0.6,5,7,0.714,2,3,0.667,1,9,10,5,3,3,4,1,31,16,1,Anthony Edwards,2023-24,35,31.2,27.5,7.2,5.4,4.4,4.1,0.465,0.43289999999999995,0.323,0.3148,1.2,3.4,64,1
22023,1630162,22300987,2024-03-18,MIN @ UTA,W,38,13,23,0.565,2,8,0.25,4,4,1.0,1,6,7,8,1,2,3,2,32,-1,1,Anthony Edwards,2023-24,38,28.8,27.3,7.4,5.6,5.4,4.4,0.47519999999999996,0.4446,0.2872,0.2998,0.6,2.8,65,1
22023,1630162,22300995,2024-03-19,MIN vs. DEN,L,38,13,26,0.5,3,8,0.375,1,2,0.5,1,7,8,8,2,0,3,1,30,-8,1,Anthony Edwards,2023-24,38,31.0,26.9,8.0,6.2,6.4,4.8,0.5234,0.4422,0.36219999999999997,0.3206,3.0,1.2,66,0
22023,1630162,22301014,2024-03-22,MIN vs. CLE,W,35,6,17,0.353,1,1,1.0,3,4,0.75,2,11,13,5,0,0,3,1,16,12,1,Anthony Edwards,2023-24,35,29.2,27.4,9.2,7.3,6.0,5.1,0.507,0.4593,0.5178,0.38730000000000003,8.2,2.7,67,1
22023,1630162,22301031,2024-03-24,MIN vs. GSW,W,38,7,18,0.389,4,8,0.5,5,8,0.625,0,6,6,8,0,0,2,1,23,-9,1,Anthony Edwards,2023-24,38,26.4,27.0,8.8,7.4,6.8,5.7,0.48139999999999994,0.4532,0.5678,0.40730000000000005,2.0,0.8,68,1
22023,1630162,22301056,2024-03-27,MIN vs. DET,W,29,4,11,0.364,1,4,0.25,0,2,0.0,1,2,3,5,1,0,3,0,9,9,1,Anthony Edwards,2023-24,29,22.0,26.6,7.4,7.3,6.8,5.6,0.43420000000000003,0.44960000000000006,0.475,0.39899999999999997,0.6,0.9,69,1
22023,1630162,22301071,2024-03-29,MIN @ DEN,W,39,8,19,0.421,0,8,0.0,9,10,0.9,1,3,4,5,3,0,2,2,25,11,1,Anthony Edwards,2023-24,39,20.6,24.7,6.8,7.1,6.2,5.8,0.40540000000000004,0.44029999999999997,0.425,0.35609999999999997,3.0,1.8,70,1
22023,1630162,22301084,2024-03-31,MIN vs. CHI,L,36,9,20,0.45,0,5,0.0,4,6,0.667,2,9,11,5,0,1,6,1,22,-10,1,Anthony Edwards,2023-24,36,19.0,25.0,7.4,7.7,5.6,6.0,0.39540000000000003,0.45940000000000003,0.35,0.35609999999999997,2.6,2.8,71,0
22023,1630162,22301098,2024-04-02,MIN vs. HOU,W,36,5,16,0.313,0,6,0.0,11,11,1.0,1,4,5,3,2,0,3,1,21,0,1,Anthony Edwards,2023-24,36,20.0,24.6,5.8,7.5,5.2,5.6,0.3874,0.44719999999999993,0.15,0.3339,0.2,4.2,72,1
22023,1630162,22301108,2024-04-03,MIN vs. TOR,W,30,10,23,0.435,5,12,0.417,3,5,0.6,0,3,3,6,2,0,0,0,28,26,1,Anthony Edwards,2023-24,30,21.0,23.7,5.2,7.0,4.8,5.8,0.3966,0.43899999999999995,0.13340000000000002,0.35059999999999997,7.2,4.6,73,1
22023,1630162,22301125,2024-04-05,MIN @ PHX,L,33,6,19,0.316,2,6,0.333,3,3,1.0,3,5,8,3,3,0,4,3,17,-13,1,Anthony Edwards,2023-24,33,22.6,22.3,6.2,6.8,4.4,5.6,0.387,0.41059999999999997,0.15,0.3125,2.8,1.7,74,0
22023,1630162,22301143,2024-04-07,MIN @ LAL,W,35,9,20,0.45,3,8,0.375,5,5,1.0,0,1,1,8,1,0,1,1,26,2,1,Anthony Edwards,2023-24,35,22.8,21.7,5.6,6.2,5.0,5.6,0.3928,0.39909999999999995,0.225,0.325,1.0,2.0,75,1
22023,1630162,22301152,2024-04-09,MIN vs. WAS,W,38,17,29,0.586,6,13,0.462,11,11,1.0,1,5,6,7,0,0,2,0,51,6,1,Anthony Edwards,2023-24,38,28.6,23.8,4.6,6.0,5.4,5.5,0.42000000000000004,0.4077,0.3174,0.3337,4.2,3.4,76,1
22023,1630162,22301164,2024-04-10,MIN @ DEN,L,35,9,18,0.5,2,6,0.333,5,7,0.714,0,2,2,4,0,0,1,1,25,-16,1,Anthony Edwards,2023-24,35,29.4,24.7,4.0,4.9,5.6,5.4,0.4574,0.4224,0.384,0.267,1.0,0.6,77,0
22023,1630162,22301178,2024-04-12,MIN vs. ATL,W,27,4,12,0.333,0,5,0.0,6,6,1.0,0,4,4,4,2,0,3,4,14,0,1,Anthony Edwards,2023-24,27,26.6,23.8,4.2,4.7,5.2,5.0,0.437,0.4168,0.30060000000000003,0.217,-4.2,1.5,78,1
22023,1630162,22301194,2024-04-14,MIN vs. PHX,L,35,3,7,0.429,0,2,0.0,7,8,0.875,1,5,6,4,1,1,5,3,13,-21,1,Anthony Edwards,2023-24,35,25.8,24.2,3.8,5.0,5.4,4.9,0.4596,0.42329999999999995,0.23399999999999999,0.192,-5.8,-1.5,79,0
22024,1630162,22400062,2024-10-22,MIN @ LAL,L,41,10,25,0.4,5,13,0.385,2,3,0.667,0,6,6,3,0,0,4,3,27,0,1,Anthony Edwards,2024-25,41,26.0,24.4,4.8,5.2,4.4,4.7,0.44960000000000006,0.42119999999999996,0.23600000000000004,0.2305,-6.2,-2.6,1,0
22024,1630162,22400076,2024-10-24,MIN @ SAC,W,39,10,24,0.417,5,15,0.333,7,7,1.0,1,6,7,4,1,0,3,4,32,8,1,Anthony Edwards,2024-25,39,22.2,25.4,5.0,4.8,3.8,4.6,0.41580000000000006,0.41790000000000005,0.21020000000000003,0.2638,-5.8,-0.8,2,1
22024,1630162,22400093,2024-10-26,MIN vs. TOR,W,39,9,21,0.429,5,12,0.417,1,3,0.333,0,6,6,4,1,1,4,3,24,5,1,Anthony Edwards,2024-25,39,22.0,25.7,5.8,4.9,3.8,4.7,0.4016,0.4295,0.227,0.3055,-1.6,-0.3,3,1
22024,1630162,22400114,2024-10-29,MIN vs. DAL,L,37,12,20,0.6,7,13,0.538,6,12,0.5,0,6,6,3,0,1,5,1,37,-8,1,Anthony Edwards,2024-25,37,26.6,26.6,6.2,5.2,3.6,4.4,0.45499999999999996,0.446,0.3346,0.3176,-3.2,-3.7,4,0
22024,1630162,22400139,2024-11-01,MIN vs. DEN,W,38,11,23,0.478,7,14,0.5,0,0,0.0,0,4,4,4,1,1,2,1,29,5,1,Anthony Edwards,2024-25,38,29.8,27.8,5.8,4.8,3.6,4.5,0.4648,0.4622,0.4346,0.3343,2.0,-1.9,5,1
22024,1630162,22400146,2024-11-02,MIN @ SAS,L,36,8,17,0.471,3,7,0.429,2,4,0.5,0,5,5,2,2,0,3,0,21,-20,1,Anthony Edwards,2024-25,36,28.6,27.3,5.6,5.2,3.4,3.9,0.479,0.4643,0.4434,0.3397,-2.0,-4.1,6,0
22024,1630162,22400162,2024-11-04,MIN vs. CHA,W,29,6,11,0.545,4,6,0.667,5,7,0.714,0,5,5,1,1,0,1,1,21,9,1,Anthony Edwards,2024-25,29,26.4,24.3,5.2,5.1,2.8,3.3,0.5045999999999999,0.46020000000000005,0.5102,0.36019999999999996,-1.8,-3.8,7,1
22024,1630162,22400181,2024-11-07,MIN @ CHI,W,35,13,23,0.565,5,9,0.556,2,2,1.0,3,5,8,6,0,1,2,2,33,15,1,Anthony Edwards,2024-25,35,28.2,25.1,5.6,5.7,3.2,3.5,0.5317999999999999,0.4667,0.538,0.3825,0.2,-0.7,8,1
22024,1630162,22400193,2024-11-08,MIN vs. POR,W,30,12,21,0.571,9,15,0.6,4,5,0.8,0,6,6,5,1,1,6,2,37,29,1,Anthony Edwards,2024-25,30,28.2,27.4,5.6,5.9,3.6,3.6,0.526,0.49049999999999994,0.5504,0.4425,7.6,2.2,9,1
22024,1630162,22400206,2024-11-10,MIN vs. MIA,L,37,8,24,0.333,4,14,0.286,2,3,0.667,1,4,5,6,2,0,6,3,22,2,1,Anthony Edwards,2024-25,37,26.8,28.3,5.8,5.8,4.0,3.8,0.49700000000000005,0.4809,0.5076,0.4711,7.0,4.5,10,0
22024,1630162,22400008,2024-11-12,MIN @ POR,L,37,8,19,0.421,4,10,0.4,6,6,1.0,0,0,0,3,2,1,1,2,26,-20,1,Anthony Edwards,2024-25,37,27.8,28.2,4.8,5.2,4.2,3.8,0.487,0.483,0.5018,0.4726,7.0,2.5,11,0
22024,1630162,22400226,2024-11-13,MIN @ POR,L,40,10,25,0.4,0,9,0.0,4,4,1.0,0,4,4,4,4,1,3,2,24,-1,1,Anthony Edwards,2024-25,40,28.4,27.4,4.6,4.9,4.8,3.8,0.458,0.48129999999999995,0.3684,0.43929999999999997,5.0,1.6,12,0
22024,1630162,22400020,2024-11-15,MIN @ SAC,W,42,14,27,0.519,6,14,0.429,2,2,1.0,1,4,5,2,0,0,2,4,36,16,1,Anthony Edwards,2024-25,42,29.0,28.6,4.0,4.8,4.0,3.6,0.4488,0.49029999999999996,0.34299999999999997,0.4405,5.2,2.7,13,1
22024,1630162,22400234,2024-11-17,MIN vs. PHX,W,39,9,14,0.643,3,7,0.429,3,3,1.0,0,4,4,6,1,0,2,2,24,-6,1,Anthony Edwards,2024-25,39,26.4,27.3,3.6,4.6,4.2,3.9,0.46319999999999995,0.4946,0.30879999999999996,0.42960000000000004,-1.8,2.9,14,1
22024,1630162,22400261,2024-11-21,MIN @ TOR,L,36,9,20,0.45,5,9,0.556,3,3,1.0,1,2,3,2,2,2,2,4,26,4,1,Anthony Edwards,2024-25,36,27.2,27.0,3.2,4.5,3.4,3.7,0.48660000000000003,0.4918,0.3628,0.43520000000000003,-1.4,2.8,15,0
22024,1630162,22400271,2024-11-24,MIN @ BOS,L,39,9,21,0.429,6,11,0.545,4,4,1.0,0,9,9,7,0,0,3,3,28,2,1,Anthony Edwards,2024-25,39,27.6,27.7,5.0,4.9,4.2,4.2,0.4882000000000001,0.48760000000000003,0.39180000000000004,0.4468,3.0,5.0,16,0
22024,1630162,22400037,2024-11-26,MIN vs. HOU,L,43,8,22,0.364,3,12,0.25,10,10,1.0,3,7,10,1,1,3,3,1,29,-14,1,Anthony Edwards,2024-25,43,28.6,28.5,6.2,5.4,3.6,4.2,0.481,0.4694999999999999,0.4418,0.4051,0.4,2.7,17,0
22024,1630162,22400294,2024-11-27,MIN vs. SAC,L,37,9,24,0.375,4,9,0.444,7,8,0.875,1,4,5,5,3,0,1,0,29,-5,1,Anthony Edwards,2024-25,37,27.2,28.1,6.2,5.1,4.2,4.1,0.45220000000000005,0.4505,0.44480000000000003,0.39390000000000003,-3.8,0.7,18,0
22024,1630162,22400044,2024-11-29,MIN vs. LAC,W,36,7,21,0.333,4,9,0.444,3,5,0.6,2,2,4,3,2,0,4,0,21,-5,1,Anthony Edwards,2024-25,36,26.6,26.5,6.2,4.9,3.6,3.9,0.3902,0.4267,0.4478,0.37829999999999997,-3.6,-2.7,19,1
22024,1630162,22400318,2024-12-02,MIN vs. LAL,W,27,3,13,0.231,1,5,0.2,1,2,0.5,0,7,7,3,2,0,3,1,8,1,1,Anthony Edwards,2024-25,27,23.0,25.1,7.0,5.1,3.8,3.6,0.3464,0.4165,0.3766,0.36970000000000003,-4.2,-2.8,20,1
22024,1630162,22400324,2024-12-04,MIN @ LAC,W,26,5,14,0.357,4,9,0.444,2,2,1.0,1,5,6,4,4,0,2,3,16,27,1,Anthony Edwards,2024-25,26,20.6,24.1,6.4,5.7,3.2,3.7,0.332,0.4101,0.3564,0.3741,0.8,1.9,21,1
22024,1630162,22400338,2024-12-06,MIN @ GSW,W,35,11,18,0.611,4,10,0.4,4,4,1.0,0,4,4,9,1,2,4,1,30,23,1,Anthony Edwards,2024-25,35,20.8,24.7,5.2,5.7,4.8,4.2,0.3814,0.4312,0.3864,0.4141,8.2,4.3,22,1
22024,1630162,22400355,2024-12-08,MIN @ GSW,L,37,10,19,0.526,5,9,0.556,2,2,1.0,0,5,5,6,1,0,6,3,27,-3,1,Anthony Edwards,2024-25,37,20.4,23.8,5.2,5.7,5.0,4.6,0.4116000000000001,0.4319,0.4088,0.42680000000000007,8.6,2.4,23,0
22024,1630162,22401210,2024-12-13,MIN vs. LAL,W,33,9,20,0.45,2,7,0.286,3,5,0.6,2,4,6,1,1,1,5,1,23,25,1,Anthony Edwards,2024-25,33,20.8,23.7,5.6,5.9,4.6,4.1,0.43499999999999994,0.4126,0.37720000000000004,0.4125,14.6,5.5,24,1
22024,1630162,22401218,2024-12-15,MIN @ SAS,W,28,10,21,0.476,3,7,0.429,3,3,1.0,0,5,5,2,0,0,1,3,26,9,1,Anthony Edwards,2024-25,28,24.4,23.7,5.2,6.1,4.4,4.1,0.484,0.4152,0.42300000000000004,0.3998,16.2,6.0,25,1
22024,1630162,22400367,2024-12-19,MIN vs. NYK,L,34,7,16,0.438,3,7,0.429,0,0,0.0,0,5,5,7,3,1,2,0,17,-15,1,Anthony Edwards,2024-25,34,24.6,22.6,5.0,5.7,5.0,4.1,0.5002,0.41609999999999997,0.42000000000000004,0.3882,7.8,4.3,26,0
22024,1630162,22400383,2024-12-21,MIN vs. GSW,L,39,6,20,0.3,4,11,0.364,3,4,0.75,1,6,7,5,0,0,1,4,19,-1,1,Anthony Edwards,2024-25,39,22.4,21.6,5.6,5.4,4.2,4.5,0.438,0.40970000000000006,0.4128,0.3996,3.0,5.6,27,0
22024,1630162,22400395,2024-12-23,MIN @ ATL,L,32,7,20,0.35,1,7,0.143,1,1,1.0,2,4,6,4,2,0,5,1,16,-23,1,Anthony Edwards,2024-25,32,20.2,20.3,5.8,5.5,3.8,4.4,0.40279999999999994,0.4072,0.3302,0.3695,-1.0,3.8,28,0
22024,1630162,22400406,2024-12-25,MIN @ DAL,W,39,11,24,0.458,4,7,0.571,0,0,0.0,1,7,8,5,2,1,4,0,26,8,1,Anthony Edwards,2024-25,39,20.8,20.8,6.2,5.9,4.6,4.6,0.4044,0.4197,0.3872,0.3822,-4.4,5.1,29,1
22024,1630162,22400422,2024-12-27,MIN @ HOU,W,35,9,17,0.529,4,8,0.5,2,3,0.667,0,5,5,3,0,1,3,3,24,-1,1,Anthony Edwards,2024-25,35,20.4,22.4,6.2,5.7,4.8,4.6,0.41500000000000004,0.4495,0.40140000000000003,0.4122,-6.4,4.9,30,1
22024,1630162,22400441,2024-12-29,MIN vs. SAS,W,38,6,20,0.3,1,9,0.111,1,1,1.0,1,7,8,4,0,1,2,1,14,2,1,Anthony Edwards,2024-25,38,19.8,22.2,6.8,5.9,4.2,4.6,0.3874,0.4438,0.3378,0.37889999999999996,-3.0,2.4,31,1
22024,1630162,22400452,2024-12-31,MIN @ OKC,L,39,6,12,0.5,4,7,0.571,4,4,1.0,0,7,7,2,0,1,3,3,20,-3,1,Anthony Edwards,2024-25,39,20.0,21.2,6.8,6.2,3.6,3.9,0.4274,0.4327,0.3792,0.396,-3.4,-0.2,32,0
22024,1630162,22400464,2025-01-02,MIN vs. BOS,L,36,5,16,0.313,2,9,0.222,3,4,0.75,0,4,4,6,0,0,2,0,15,-10,1,Anthony Edwards,2024-25,36,19.8,20.0,6.4,6.1,4.0,3.9,0.42000000000000004,0.4114,0.39499999999999996,0.3626,-0.8,-0.9,33,0
22024,1630162,22400479,2025-01-04,MIN @ DET,L,44,16,31,0.516,10,15,0.667,11,12,0.917,1,5,6,2,0,0,6,4,53,-3,1,Anthony Edwards,2024-25,44,25.2,23.0,6.0,6.1,3.4,4.0,0.4316,0.418,0.41419999999999996,0.40069999999999995,-3.0,-3.7,34,0
22024,1630162,22400500,2025-01-06,MIN vs. LAC,W,37,14,29,0.483,6,13,0.462,3,4,0.75,1,6,7,8,1,0,2,2,37,4,1,Anthony Edwards,2024-25,37,27.8,24.1,6.4,6.3,4.4,4.6,0.4224,0.4187,0.40659999999999996,0.404,-2.0,-4.2,35,1
22024,1630162,22400505,2025-01-07,MIN @ NOP,W,38,10,21,0.476,7,11,0.636,5,6,0.833,1,8,9,3,2,0,4,3,32,3,1,Anthony Edwards,2024-25,38,31.4,25.6,6.6,6.7,4.2,4.2,0.45759999999999995,0.4225,0.5115999999999999,0.42469999999999997,-1.8,-2.4,36,1
22024,1630162,22400519,2025-01-09,MIN @ ORL,W,36,5,19,0.263,4,11,0.364,7,9,0.778,1,2,3,7,2,0,2,2,21,20,1,Anthony Edwards,2024-25,36,31.6,25.8,5.8,6.3,5.2,4.4,0.4102,0.41880000000000006,0.4702,0.42469999999999997,2.8,-0.3,37,1
22024,1630162,22400535,2025-01-11,MIN vs. MEM,L,39,4,13,0.308,0,5,0.0,7,7,1.0,0,5,5,6,1,0,6,3,15,-5,1,Anthony Edwards,2024-25,39,31.6,25.7,6.0,6.2,5.2,4.6,0.40919999999999995,0.41459999999999997,0.4258,0.4104,3.8,1.5,38,0
22024,1630162,22400548,2025-01-13,MIN @ WAS,W,36,14,25,0.56,5,11,0.455,8,8,1.0,2,4,6,7,3,1,7,2,41,18,1,Anthony Edwards,2024-25,36,29.2,27.2,6.0,6.0,6.2,4.8,0.418,0.4248,0.38339999999999996,0.3988,8.0,2.5,39,1
22024,1630162,22400565,2025-01-15,MIN vs. GSW,L,41,7,19,0.368,4,9,0.444,10,11,0.909,1,7,8,2,1,1,5,1,28,-2,1,Anthony Edwards,2024-25,41,27.4,27.6,6.2,6.3,5.0,4.7,0.395,0.40869999999999995,0.3798,0.3932,6.8,2.4,40,0
22024,1630162,22400578,2025-01-17,MIN @ NYK,W,38,12,21,0.571,8,13,0.615,4,4,1.0,2,11,13,7,0,0,6,0,36,24,1,Anthony Edwards,2024-25,38,28.2,29.8,7.0,6.8,5.8,5.0,0.414,0.4358000000000001,0.37560000000000004,0.4436,11.0,4.6,41,1
22024,1630162,22400590,2025-01-18,MIN vs. CLE,L,41,9,22,0.409,4,9,0.444,6,6,1.0,0,3,3,5,1,1,2,2,28,-2,1,Anthony Edwards,2024-25,41,29.6,30.6,7.0,6.4,5.4,5.3,0.44320000000000004,0.4267,0.39160000000000006,0.4309,6.6,4.7,42,0
22024,1630162,22400601,2025-01-20,MIN @ MEM,L,38,8,19,0.421,3,8,0.375,13,18,0.722,1,3,4,3,0,1,5,1,32,-7,1,Anthony Edwards,2024-25,38,33.0,32.3,6.8,6.4,4.8,5.0,0.46579999999999994,0.4375,0.4666,0.44620000000000004,6.2,5.0,43,0
22024,1630162,22400614,2025-01-22,MIN @ DAL,W,37,6,19,0.316,2,7,0.286,7,8,0.875,1,4,5,7,0,0,3,0,21,-10,1,Anthony Edwards,2024-25,37,29.0,29.1,6.6,6.3,4.8,5.5,0.417,0.4175,0.4328,0.4081,0.6,4.3,44,1
22024,1630162,22400634,2025-01-25,MIN vs. DEN,W,33,14,23,0.609,3,8,0.375,3,4,0.75,1,0,1,9,0,0,3,4,34,27,1,Anthony Edwards,2024-25,33,30.2,28.8,5.2,5.7,6.2,5.6,0.4652,0.43010000000000004,0.41900000000000004,0.3994,6.4,6.6,45,1
22024,1630162,22400656,2025-01-27,MIN vs. ATL,W,35,6,20,0.3,2,11,0.182,9,13,0.692,2,3,5,4,2,1,3,2,23,8,1,Anthony Edwards,2024-25,35,27.6,27.9,3.6,5.3,5.6,5.7,0.4109999999999999,0.4125,0.3324,0.354,3.2,7.1,46,1
22024,1630162,22400672,2025-01-29,MIN @ PHX,W,40,11,20,0.55,3,8,0.375,8,9,0.889,0,7,7,5,2,4,7,2,33,10,1,Anthony Edwards,2024-25,40,28.6,29.1,4.4,5.7,5.6,5.5,0.43920000000000003,0.4412,0.3186,0.35509999999999997,5.6,6.1,47,1
22024,1630162,22400677,2025-01-30,MIN @ UTA,W,35,12,18,0.667,6,9,0.667,6,7,0.857,1,5,6,11,0,3,3,3,36,25,1,Anthony Edwards,2024-25,35,29.4,31.2,4.8,5.8,7.2,6.0,0.48840000000000006,0.4771000000000001,0.377,0.4218,12.0,9.1,48,1
22024,1630162,22400704,2025-02-03,MIN vs. SAC,L,38,7,21,0.333,3,10,0.3,4,4,1.0,1,5,6,4,2,1,3,3,21,0,1,Anthony Edwards,2024-25,38,29.4,29.2,5.0,5.8,6.6,5.7,0.4918000000000001,0.45439999999999997,0.3798,0.4063,14.0,7.3,49,0
22024,1630162,22400723,2025-02-05,MIN vs. CHI,W,37,13,28,0.464,6,14,0.429,17,18,0.944,3,6,9,3,1,1,5,2,49,17,1,Anthony Edwards,2024-25,37,32.4,31.3,6.6,5.9,5.4,5.8,0.4628,0.4640000000000001,0.39059999999999995,0.4048,12.0,9.2,50,1
22024,1630162,22400729,2025-02-06,MIN vs. HOU,W,38,11,25,0.44,5,12,0.417,14,15,0.933,2,5,7,6,0,1,4,3,41,9,1,Anthony Edwards,2024-25,38,36.0,31.8,7.0,5.3,5.8,5.7,0.4908,0.45089999999999997,0.43760000000000004,0.385,12.2,7.7,51,1
22024,1630162,22400755,2025-02-10,MIN @ CLE,L,37,13,28,0.464,8,15,0.533,10,13,0.769,0,6,6,1,1,0,7,0,44,-12,1,Anthony Edwards,2024-25,37,38.2,33.4,6.8,5.6,5.0,5.3,0.4736000000000001,0.45640000000000003,0.4692,0.39390000000000003,7.8,6.7,52,0
22024,1630162,22400776,2025-02-12,MIN vs. MIL,L,37,10,33,0.303,4,17,0.235,4,5,0.8,0,7,7,4,2,0,2,0,28,0,1,Anthony Edwards,2024-25,37,36.6,33.0,7.0,5.9,3.6,5.4,0.4008,0.44460000000000005,0.38280000000000003,0.3799,2.8,7.4,53,0
22024,1630162,22400787,2025-02-13,MIN vs. OKC,W,36,5,18,0.278,3,12,0.25,10,11,0.909,1,6,7,7,3,0,2,0,23,10,1,Anthony Edwards,2024-25,36,37.0,33.2,7.2,6.1,4.2,5.4,0.38980000000000004,0.4408,0.37279999999999996,0.3763,4.8,9.4,54,1
22024,1630162,22400801,2025-02-21,MIN @ HOU,L,39,13,32,0.406,4,14,0.286,7,10,0.7,0,4,4,3,0,1,3,2,37,-11,1,Anthony Edwards,2024-25,39,34.6,33.5,6.2,6.4,4.2,4.8,0.3782,0.4205,0.3442,0.36740000000000006,-0.8,5.6,55,0
22024,1630162,22400820,2025-02-23,MIN vs. OKC,L,39,8,21,0.381,4,13,0.308,9,10,0.9,2,8,10,7,2,0,5,3,29,-11,1,Anthony Edwards,2024-25,39,32.2,34.1,6.8,6.9,4.4,5.1,0.3664,0.42860000000000004,0.3224,0.38,-4.8,3.7,56,0
22024,1630162,22400826,2025-02-24,MIN @ OKC,W,36,5,15,0.333,1,6,0.167,6,10,0.6,2,11,13,8,0,1,4,4,17,-7,1,Anthony Edwards,2024-25,36,26.8,32.5,8.2,7.5,5.8,5.4,0.3402,0.4069000000000001,0.2492,0.3592,-3.8,2.0,57,1
22024,1630162,22400849,2025-02-27,MIN @ LAL,L,26,6,12,0.5,2,6,0.333,4,4,1.0,0,6,6,5,1,0,0,1,18,-13,1,Anthony Edwards,2024-25,26,24.8,30.7,8.0,7.5,6.0,4.8,0.37960000000000005,0.3902,0.26880000000000004,0.3258,-6.4,-1.8,58,0
22024,1630162,22400873,2025-03-02,MIN @ PHX,W,36,12,22,0.545,6,14,0.429,14,14,1.0,0,5,5,7,2,0,1,0,44,22,1,Anthony Edwards,2024-25,36,29.0,33.0,7.6,7.4,6.0,5.1,0.433,0.4114,0.3046,0.3387,-4.0,0.4,59,1
22024,1630162,22400887,2025-03-04,MIN vs. PHI,W,30,5,11,0.455,2,6,0.333,6,7,0.857,0,5,5,1,0,0,2,2,18,-3,1,Anthony Edwards,2024-25,30,25.2,29.9,7.8,7.0,5.6,4.9,0.44279999999999997,0.41050000000000003,0.314,0.3291,-2.4,-1.6,60,1
22024,1630162,22400892,2025-03-05,MIN @ CHA,W,38,9,20,0.45,6,13,0.462,5,8,0.625,0,3,3,6,2,1,0,2,29,12,1,Anthony Edwards,2024-25,38,25.2,28.7,6.4,6.6,5.4,4.9,0.4566,0.41150000000000003,0.3448,0.3336,2.2,-1.3,61,1
22024,1630162,22400907,2025-03-07,MIN @ MIA,W,39,4,10,0.4,3,8,0.375,2,4,0.5,1,12,13,6,0,0,2,1,13,0,1,Anthony Edwards,2024-25,39,24.4,25.6,6.4,7.3,5.0,5.4,0.47000000000000003,0.4051,0.38639999999999997,0.31779999999999997,3.6,-0.1,62,1
22024,1630162,22400925,2025-03-09,MIN vs. SAS,W,30,10,15,0.667,2,5,0.4,3,3,1.0,1,2,3,3,1,0,3,0,25,11,1,Anthony Edwards,2024-25,30,25.8,25.3,5.8,6.9,4.6,5.3,0.5034000000000001,0.4415,0.39980000000000004,0.3343,8.4,1.0,63,1
22024,1630162,22400952,2025-03-12,MIN @ DEN,W,35,10,22,0.455,5,12,0.417,4,5,0.8,0,4,4,6,1,0,3,2,29,10,1,Anthony Edwards,2024-25,35,22.8,25.9,5.6,6.6,4.4,5.2,0.4854,0.45919999999999994,0.39740000000000003,0.351,6.0,1.0,64,1
22024,1630162,22400963,2025-03-14,MIN vs. ORL,W,39,9,19,0.474,3,8,0.375,7,8,0.875,0,4,4,5,0,1,3,2,28,-5,1,Anthony Edwards,2024-25,39,24.8,25.0,5.4,6.6,5.2,5.4,0.4892,0.466,0.4058,0.3599,5.6,1.6,65,1
22024,1630162,22400981,2025-03-16,MIN vs. UTA,W,31,16,27,0.593,5,14,0.357,4,6,0.667,0,2,2,2,1,0,1,1,41,31,1,Anthony Edwards,2024-25,31,27.2,26.2,5.2,5.8,4.4,4.9,0.5178,0.48719999999999997,0.3848,0.3648,9.4,5.8,66,1
22024,1630162,22400986,2025-03-17,MIN vs. IND,L,41,9,24,0.375,1,11,0.091,19,20,0.95,0,3,3,5,2,2,3,3,38,-7,1,Anthony Edwards,2024-25,41,32.2,28.3,3.2,4.8,4.2,4.6,0.5128,0.49139999999999995,0.328,0.3572,8.0,5.8,67,0
22024,1630162,22401001,2025-03-19,MIN vs. NOP,L,38,5,19,0.263,4,10,0.4,15,17,0.882,2,4,6,4,1,1,2,0,29,-6,1,Anthony Edwards,2024-25,38,33.0,29.4,3.8,4.8,4.4,4.5,0.43200000000000005,0.46769999999999995,0.32799999999999996,0.3639,4.6,6.5,68,0
22024,1630162,22401016,2025-03-21,MIN vs. NOP,W,26,6,13,0.462,3,7,0.429,2,2,1.0,2,1,3,5,2,0,3,0,17,21,1,Anthony Edwards,2024-25,26,30.6,26.7,3.6,4.6,4.2,4.3,0.43339999999999995,0.4593999999999999,0.33039999999999997,0.3639,6.8,6.4,69,1
22024,1630162,22401037,2025-03-24,MIN @ IND,L,34,7,19,0.368,1,11,0.091,2,3,0.667,0,2,2,4,1,0,3,2,17,-24,1,Anthony Edwards,2024-25,34,28.4,26.6,3.2,4.3,4.0,4.6,0.4122,0.4507,0.2736,0.3397,3.0,4.3,70,0
22024,1630162,22401071,2025-03-28,MIN vs. PHX,W,28,8,19,0.421,4,10,0.4,0,0,0.0,3,1,4,5,1,0,2,1,20,9,1,Anthony Edwards,2024-25,28,24.2,25.7,3.6,4.4,4.6,4.5,0.3778,0.4478000000000001,0.2822,0.3335,-1.4,4.0,71,1
22024,1630162,22401084,2025-03-30,MIN vs. DET,W,36,9,19,0.474,4,10,0.4,3,4,0.75,0,6,6,4,0,2,4,4,25,5,1,Anthony Edwards,2024-25,36,21.6,26.9,4.2,3.7,4.4,4.3,0.3976,0.45519999999999994,0.344,0.33599999999999997,1.0,4.5,72,1
22024,1630162,22401102,2025-04-01,MIN @ DEN,W,50,12,25,0.48,5,15,0.333,5,7,0.714,1,9,10,8,1,0,5,4,34,8,1,Anthony Edwards,2024-25,50,22.6,27.8,5.0,4.4,5.2,4.8,0.441,0.4365,0.3306,0.32930000000000004,3.8,4.2,73,1
22024,1630162,22401113,2025-04-03,MIN @ BKN,W,32,10,15,0.667,5,10,0.5,3,5,0.6,1,4,5,3,2,1,2,3,28,17,1,Anthony Edwards,2024-25,32,24.8,27.7,5.4,4.5,4.8,4.5,0.48200000000000004,0.4577,0.3448,0.3376,3.0,4.9,74,1
22024,1630162,22401130,2025-04-05,MIN @ PHI,W,38,12,21,0.571,6,13,0.462,7,8,0.875,1,1,2,2,1,1,2,1,37,-4,1,Anthony Edwards,2024-25,38,28.8,28.6,5.4,4.3,4.4,4.2,0.5226,0.4673999999999999,0.41900000000000004,0.3463,7.0,5.0,75,1
22024,1630162,22401152,2025-04-08,MIN @ MIL,L,39,10,27,0.37,2,11,0.182,3,3,1.0,1,6,7,4,1,1,2,4,25,-4,1,Anthony Edwards,2024-25,39,29.8,27.0,6.0,4.8,4.2,4.4,0.5124000000000001,0.44509999999999994,0.37540000000000007,0.3288,4.4,1.5,76,0
22024,1630162,22401170,2025-04-10,MIN @ MEM,W,38,13,19,0.684,7,11,0.636,11,13,0.846,1,4,5,3,1,1,5,3,44,15,1,Anthony Edwards,2024-25,38,33.6,27.6,5.8,5.0,4.0,4.2,0.5544,0.476,0.4226,0.38330000000000003,6.4,3.7,77,1
22024,1630162,22401179,2025-04-11,MIN vs. BKN,W,31,4,11,0.364,1,7,0.143,0,0,0.0,0,4,4,5,1,2,0,3,9,16,1,Anthony Edwards,2024-25,31,28.6,25.6,4.6,4.8,3.4,4.3,0.5312,0.4861,0.3846,0.3576,8.0,5.9,78,1
22024,1630162,22401195,2025-04-13,MIN vs. UTA,W,40,15,31,0.484,7,18,0.389,6,7,0.857,0,6,6,5,3,1,2,1,43,20,1,Anthony Edwards,2024-25,40,31.6,28.2,4.8,5.1,3.8,4.3,0.4946,0.4883,0.3624,0.3536,8.6,5.8,79,1
22022,203944,22200009,2022-10-19,NYK @ MEM,L,35,9,16,0.563,2,6,0.333,4,5,0.8,2,9,11,6,2,0,3,6,24,7,1,Julius Randle,2022-23,35,24.0,24.0,11.0,11.0,6.0,6.0,0.563,0.563,0.333,0.333,7.0,7.0,1,0
22022,203944,22200023,2022-10-21,NYK vs. DET,W,25,5,12,0.417,2,3,0.667,3,4,0.75,1,5,6,0,0,0,0,2,15,-1,1,Julius Randle,2022-23,25,19.5,19.5,8.5,8.5,3.0,3.0,0.49,0.49,0.5,0.5,3.0,3.0,2,1
22022,203944,22200046,2022-10-24,NYK vs. ORL,W,34,10,19,0.526,2,9,0.222,3,5,0.6,4,8,12,4,1,0,2,5,25,4,1,Julius Randle,2022-23,34,21.333333333333332,21.333333333333332,9.666666666666666,9.666666666666666,3.3333333333333335,3.3333333333333335,0.502,0.502,0.4073333333333333,0.4073333333333333,3.3333333333333335,3.3333333333333335,3,1
22022,203944,22200058,2022-10-26,NYK vs. CHA,W,40,7,19,0.368,0,2,0.0,3,4,0.75,2,4,6,2,2,1,1,5,17,6,1,Julius Randle,2022-23,40,20.25,20.25,8.75,8.75,3.0,3.0,0.4685,0.4685,0.3055,0.3055,4.0,4.0,4,1
22022,203944,22200075,2022-10-28,NYK @ MIL,L,31,3,10,0.3,0,2,0.0,8,9,0.889,4,8,12,2,1,0,3,4,14,-14,1,Julius Randle,2022-23,31,19.0,19.0,9.4,9.4,2.8,2.8,0.43479999999999996,0.43479999999999996,0.2444,0.2444,0.4,0.4,5,0
22022,203944,22200090,2022-10-30,NYK @ CLE,L,33,5,13,0.385,0,3,0.0,5,10,0.5,0,9,9,7,2,0,4,5,15,-8,1,Julius Randle,2022-23,33,17.2,18.333333333333332,9.0,9.333333333333334,3.0,3.5,0.3992,0.42650000000000005,0.1778,0.20366666666666666,-2.6,-1.0,6,0
22022,203944,22200110,2022-11-02,NYK vs. ATL,L,30,4,12,0.333,0,4,0.0,6,9,0.667,2,4,6,2,0,1,4,2,14,-10,1,Julius Randle,2022-23,30,17.0,17.714285714285715,9.0,8.857142857142858,3.4,3.2857142857142856,0.38239999999999996,0.41314285714285715,0.0444,0.17457142857142857,-4.4,-2.2857142857142856,7,0
22022,203944,22200122,2022-11-04,NYK @ PHI,W,37,6,13,0.462,1,5,0.2,4,5,0.8,3,7,10,5,0,1,6,1,17,7,1,Julius Randle,2022-23,37,15.4,17.625,8.6,9.0,3.6,3.5,0.36960000000000004,0.41925,0.04,0.17775,-3.8,-1.125,8,1
22022,203944,22200135,2022-11-05,NYK vs. BOS,L,40,10,19,0.526,3,7,0.429,6,6,1.0,5,4,9,2,0,0,3,3,29,-8,1,Julius Randle,2022-23,40,17.8,18.88888888888889,9.2,9.0,3.6,3.3333333333333335,0.40120000000000006,0.4311111111111111,0.1258,0.20566666666666666,-6.6,-1.8888888888888888,9,0
22022,203944,22200153,2022-11-07,NYK @ MIN,W,33,9,16,0.563,8,13,0.615,5,6,0.833,2,6,8,3,0,0,5,5,31,4,1,Julius Randle,2022-23,33,21.2,20.1,8.4,8.9,3.8,3.3,0.45380000000000004,0.4443,0.2488,0.2466,-3.0,-1.3,10,1
22022,203944,22200164,2022-11-09,NYK @ BKN,L,31,7,15,0.467,4,8,0.5,6,9,0.667,1,10,11,3,0,0,4,1,24,-29,1,Julius Randle,2022-23,31,23.0,20.1,8.8,8.9,3.0,3.0,0.4702,0.43470000000000003,0.3488,0.2633,-7.2,-4.9,11,0
22022,203944,22200178,2022-11-11,NYK vs. DET,W,33,8,18,0.444,0,7,0.0,5,5,1.0,4,4,8,5,0,0,2,5,21,13,1,Julius Randle,2022-23,33,24.4,20.7,9.2,9.1,3.6,3.5,0.49239999999999995,0.43740000000000007,0.3488,0.1966,-2.6,-3.5,12,1
22022,203944,22200192,2022-11-13,NYK vs. OKC,L,33,7,14,0.5,3,6,0.5,8,10,0.8,3,7,10,3,0,0,2,3,25,-10,1,Julius Randle,2022-23,33,26.0,20.7,9.2,8.9,3.2,3.4,0.5,0.4348000000000001,0.4088,0.2244,-6.0,-4.9,13,0
22022,203944,22200208,2022-11-15,NYK @ UTA,W,31,5,11,0.455,2,6,0.333,3,3,1.0,1,4,5,1,0,1,4,2,15,-12,1,Julius Randle,2022-23,31,23.2,20.5,8.4,8.8,3.0,3.3,0.48579999999999995,0.44349999999999995,0.3896,0.2577,-6.8,-6.7,14,1
22022,203944,22200219,2022-11-16,NYK @ DEN,W,32,11,21,0.524,3,10,0.3,9,13,0.692,3,8,11,4,4,0,3,3,34,7,1,Julius Randle,2022-23,32,23.8,22.5,9.0,8.7,3.2,3.5,0.47800000000000004,0.4659000000000001,0.3266,0.28769999999999996,-6.2,-4.6,15,1
22022,203944,22200233,2022-11-18,NYK @ GSW,L,30,7,15,0.467,3,7,0.429,3,4,0.75,4,3,7,2,0,0,4,3,20,-17,1,Julius Randle,2022-23,30,23.0,23.0,8.2,8.5,3.0,3.0,0.47800000000000004,0.4741000000000001,0.3124,0.3306,-3.8,-5.5,16,0
22022,203944,22200240,2022-11-20,NYK @ PHX,L,27,4,11,0.364,1,4,0.25,0,0,0.0,1,5,6,2,1,0,3,1,9,-6,1,Julius Randle,2022-23,27,20.6,22.5,7.8,8.5,2.4,3.0,0.462,0.4772,0.3624,0.3556,-7.6,-5.1,17,0
22022,203944,22200254,2022-11-21,NYK @ OKC,W,33,9,16,0.563,2,6,0.333,5,6,0.833,1,10,11,1,0,0,2,5,25,8,1,Julius Randle,2022-23,33,20.6,23.3,8.0,8.6,2.0,2.6,0.4746,0.4873,0.329,0.3689,-4.0,-5.0,18,1
22022,203944,22200274,2022-11-25,NYK vs. POR,L,39,8,19,0.421,3,8,0.375,4,4,1.0,0,6,6,3,3,0,2,4,23,-17,1,Julius Randle,2022-23,39,22.2,22.7,8.2,8.3,2.4,2.7,0.4678,0.4768,0.33740000000000003,0.3635,-5.0,-5.9,19,0
22022,203944,22200296,2022-11-27,NYK vs. MEM,L,35,4,9,0.444,1,5,0.2,5,6,0.833,2,8,10,9,0,0,1,4,14,-2,1,Julius Randle,2022-23,35,18.2,21.0,8.0,8.5,3.4,3.3,0.4518,0.4649,0.3174,0.32199999999999995,-6.8,-6.5,20,0
22022,203944,22200309,2022-11-29,NYK @ DET,W,31,14,24,0.583,6,13,0.462,2,4,0.5,1,6,7,5,1,0,3,3,36,36,1,Julius Randle,2022-23,31,21.4,22.2,8.0,8.1,4.0,3.5,0.475,0.47650000000000003,0.324,0.3182,3.8,0.0,21,1
22022,203944,22200316,2022-11-30,NYK vs. MIL,L,39,8,24,0.333,1,8,0.125,1,1,1.0,3,5,8,5,0,0,1,3,18,-7,1,Julius Randle,2022-23,39,23.2,21.9,8.4,8.1,4.6,3.5,0.4688,0.4654,0.29900000000000004,0.33070000000000005,3.6,-2.0,22,0
22022,203944,22200337,2022-12-03,NYK vs. DAL,L,30,8,15,0.533,3,8,0.375,5,5,1.0,1,4,5,3,0,0,3,2,24,-11,1,Julius Randle,2022-23,30,23.0,21.8,7.2,7.6,5.0,3.5,0.4628,0.46869999999999995,0.3074,0.31820000000000004,-0.2,-2.1,23,0
22022,203944,22200348,2022-12-04,NYK vs. CLE,W,35,7,19,0.368,1,7,0.143,3,3,1.0,1,8,9,4,0,0,1,0,18,0,1,Julius Randle,2022-23,35,22.0,22.1,7.8,8.0,5.2,3.8,0.45220000000000005,0.4600000000000001,0.261,0.2992,3.2,-0.9,24,1
22022,203944,22200365,2022-12-07,NYK vs. ATL,W,33,10,19,0.526,6,12,0.5,8,8,1.0,1,16,17,5,1,0,0,3,34,29,1,Julius Randle,2022-23,33,26.0,22.1,9.2,8.6,4.4,3.9,0.4686,0.46020000000000005,0.321,0.31920000000000004,9.4,1.3,25,1
22022,203944,22200377,2022-12-09,NYK @ CHA,W,36,9,21,0.429,4,10,0.4,11,14,0.786,1,6,7,2,1,1,2,3,33,17,1,Julius Randle,2022-23,36,25.4,23.4,9.2,8.6,3.8,3.9,0.4378,0.45640000000000003,0.3086,0.3163,5.6,4.7,26,1
22022,203944,22200397,2022-12-11,NYK vs. SAC,W,27,9,20,0.45,3,11,0.273,6,6,1.0,1,7,8,3,0,0,2,3,27,12,1,Julius Randle,2022-23,27,27.2,25.2,9.2,8.8,3.4,4.0,0.4612,0.465,0.33820000000000006,0.3186,9.4,6.5,27,1
22022,203944,22200418,2022-12-14,NYK @ CHI,W,46,8,19,0.421,3,7,0.429,12,15,0.8,1,12,13,7,0,0,6,2,31,1,1,Julius Randle,2022-23,46,28.6,25.8,10.8,9.0,4.2,4.6,0.43879999999999997,0.4508,0.34900000000000003,0.3282,11.8,5.8,28,1
22022,203944,22200434,2022-12-16,NYK @ CHI,W,36,6,16,0.375,2,8,0.25,5,7,0.714,2,10,12,4,3,1,2,1,19,21,1,Julius Randle,2022-23,36,28.8,25.4,11.4,9.6,4.2,4.7,0.44020000000000004,0.4462,0.3704,0.3157,16.0,9.6,29,1
22022,203944,22200446,2022-12-18,NYK @ IND,W,39,7,17,0.412,2,8,0.25,9,12,0.75,3,11,14,3,0,0,3,4,25,5,1,Julius Randle,2022-23,39,27.0,26.5,10.8,10.0,3.8,4.1,0.41739999999999994,0.44299999999999995,0.32039999999999996,0.32070000000000004,11.2,10.3,30,1
22022,203944,22200463,2022-12-20,NYK vs. GSW,W,30,5,12,0.417,1,6,0.167,4,7,0.571,2,10,12,5,0,0,3,2,15,17,1,Julius Randle,2022-23,30,23.4,24.4,11.8,10.5,4.4,4.1,0.41500000000000004,0.4264,0.2738,0.2912,11.2,8.4,31,1
22022,203944,22200471,2022-12-21,NYK vs. TOR,L,40,13,17,0.765,0,3,0.0,4,9,0.444,2,11,13,4,0,0,2,5,30,7,1,Julius Randle,2022-23,40,24.0,25.6,12.8,11.0,4.6,4.0,0.4779999999999999,0.46959999999999996,0.2192,0.2787,10.2,9.8,32,0
22022,203944,22200485,2022-12-23,NYK vs. CHI,L,38,11,22,0.5,5,10,0.5,2,5,0.4,2,10,12,3,1,2,1,2,29,-9,1,Julius Randle,2022-23,38,23.6,26.1,12.6,11.7,3.8,4.0,0.49380000000000007,0.46630000000000005,0.2334,0.2912,8.2,10.0,33,0
22022,203944,22200493,2022-12-25,NYK vs. PHI,L,40,12,24,0.5,4,9,0.444,7,7,1.0,1,7,8,4,2,1,1,1,35,5,1,Julius Randle,2022-23,40,26.8,27.8,11.8,11.6,3.8,4.0,0.5188,0.4795,0.2722,0.32130000000000003,5.0,10.5,34,0
22022,203944,22200512,2022-12-27,NYK @ DAL,L,45,11,23,0.478,5,11,0.455,2,4,0.5,2,16,18,4,0,0,2,5,29,2,1,Julius Randle,2022-23,45,27.6,27.3,12.6,11.7,4.0,3.9,0.532,0.4747,0.31320000000000003,0.3168,4.4,7.8,35,0
22022,203944,22200527,2022-12-29,NYK @ SAS,L,43,14,27,0.519,6,13,0.462,7,11,0.636,3,8,11,7,1,0,4,3,41,-2,1,Julius Randle,2022-23,43,32.8,28.1,12.4,12.1,4.4,4.4,0.5524,0.4837000000000001,0.3722,0.323,0.6,5.9,36,0
22022,203944,22200541,2022-12-31,NYK @ HOU,W,39,9,20,0.45,5,13,0.385,12,16,0.75,4,8,12,6,0,1,1,3,35,25,1,Julius Randle,2022-23,39,33.8,28.9,12.2,12.5,4.8,4.7,0.4894,0.48369999999999996,0.4492,0.3342,4.2,7.2,37,1
22022,203944,22200550,2023-01-02,NYK vs. PHX,W,40,7,18,0.389,4,12,0.333,10,12,0.833,0,16,16,6,1,0,1,3,28,12,1,Julius Randle,2022-23,40,33.6,28.6,13.0,12.8,5.4,4.6,0.46719999999999995,0.4805,0.41580000000000006,0.3246,8.4,8.3,38,1
22022,203944,22200568,2023-01-04,NYK vs. SAS,W,41,9,26,0.346,1,8,0.125,6,11,0.545,2,11,13,3,3,4,5,4,25,9,1,Julius Randle,2022-23,41,31.6,29.2,14.0,12.9,5.2,4.5,0.4364,0.47759999999999997,0.35200000000000004,0.3121,9.2,7.1,39,1
22022,203944,22200582,2023-01-06,NYK @ TOR,W,40,10,22,0.455,6,11,0.545,6,9,0.667,1,10,11,3,0,0,3,3,32,2,1,Julius Randle,2022-23,40,32.2,29.9,12.6,12.6,5.0,4.5,0.43179999999999996,0.4819,0.37,0.3416,9.2,6.8,40,1
22022,203944,22200607,2023-01-09,NYK vs. MIL,L,40,9,29,0.31,1,12,0.083,6,7,0.857,7,9,16,5,2,0,3,3,25,2,1,Julius Randle,2022-23,40,29.0,30.9,13.6,13.0,4.6,4.5,0.39,0.47119999999999995,0.2942,0.33320000000000005,10.0,5.3,41,0
22022,203944,22200622,2023-01-11,NYK vs. IND,W,39,5,12,0.417,2,7,0.286,2,4,0.5,3,13,16,4,0,1,6,2,14,9,1,Julius Randle,2022-23,39,24.8,29.3,14.4,13.3,4.2,4.5,0.38339999999999996,0.4364,0.27440000000000003,0.3618,6.8,5.5,42,1
22022,203944,22200634,2023-01-13,NYK @ WAS,W,36,8,19,0.421,2,6,0.333,5,8,0.625,3,13,16,1,0,1,3,2,23,12,1,Julius Randle,2022-23,36,23.8,28.7,14.4,13.7,3.2,4.3,0.3898,0.4285,0.27440000000000003,0.3451,6.8,7.6,43,1
22022,203944,22200648,2023-01-15,NYK @ DET,W,40,15,24,0.625,4,7,0.571,8,8,1.0,3,12,15,4,0,1,1,4,42,14,1,Julius Randle,2022-23,40,27.2,29.4,14.8,14.4,3.4,4.3,0.44559999999999994,0.441,0.3636,0.3578,7.8,8.5,44,1
22022,203944,22200659,2023-01-16,NYK vs. TOR,L,42,7,20,0.35,1,6,0.167,6,9,0.667,3,12,15,8,1,0,3,3,21,1,1,Julius Randle,2022-23,42,25.0,28.6,15.6,14.1,4.4,4.7,0.4246,0.4282,0.288,0.329,7.6,8.4,45,0
22022,203944,22200669,2023-01-18,NYK vs. WAS,L,34,6,17,0.353,0,5,0.0,2,5,0.4,7,8,15,4,1,0,2,5,14,-11,1,Julius Randle,2022-23,34,22.8,25.9,15.4,14.5,4.2,4.4,0.4332,0.41159999999999997,0.2714,0.2828,5.0,7.5,46,0
22022,203944,22200684,2023-01-20,NYK @ ATL,L,33,11,22,0.5,3,10,0.3,7,9,0.778,1,8,9,6,0,0,3,1,32,-12,1,Julius Randle,2022-23,33,26.4,25.6,14.0,14.2,4.6,4.4,0.44980000000000003,0.41659999999999997,0.2742,0.2743,0.8,3.8,47,0
22022,203944,22200700,2023-01-22,NYK @ TOR,L,37,8,14,0.571,2,6,0.333,5,8,0.625,5,14,19,8,0,0,4,5,23,-4,1,Julius Randle,2022-23,37,26.4,25.1,14.6,14.5,6.0,4.6,0.4798,0.43479999999999996,0.2742,0.2743,-2.4,2.2,48,0
22022,203944,22200715,2023-01-24,NYK vs. CLE,W,38,11,21,0.524,8,12,0.667,6,7,0.857,4,9,13,4,0,0,5,3,36,-10,1,Julius Randle,2022-23,38,25.2,26.2,14.2,14.5,6.0,4.7,0.4596,0.4526,0.2934,0.3285,-7.2,0.3,49,1
22022,203944,22200730,2023-01-26,NYK @ BOS,W,37,13,25,0.52,5,13,0.385,6,7,0.857,1,8,9,2,0,0,2,5,37,-16,1,Julius Randle,2022-23,37,28.4,26.7,13.0,14.3,4.8,4.6,0.4936,0.4591,0.337,0.3125,-10.6,-1.5,50,1
22022,203944,22200742,2023-01-28,NYK @ BKN,L,38,7,16,0.438,1,6,0.167,4,6,0.667,2,8,10,8,1,0,3,2,19,6,1,Julius Randle,2022-23,38,29.4,26.1,12.0,13.7,5.6,4.9,0.5105999999999999,0.47190000000000004,0.3704,0.32089999999999996,-7.2,-1.1,51,0
22022,203944,22200765,2023-01-31,NYK vs. LAL,L,43,6,19,0.316,2,9,0.222,9,11,0.818,2,10,12,5,0,0,4,4,23,-9,1,Julius Randle,2022-23,43,27.6,27.0,12.6,13.3,5.4,5.0,0.47380000000000005,0.46179999999999993,0.3548,0.31450000000000006,-6.6,-2.9,52,0
22022,203944,22200780,2023-02-02,NYK vs. MIA,W,34,8,19,0.421,3,9,0.333,4,5,0.8,1,9,10,6,3,0,7,4,23,14,1,Julius Randle,2022-23,34,27.6,27.0,10.8,12.7,5.0,5.5,0.4438,0.46180000000000004,0.3548,0.3145,-3.0,-2.7,53,1
22022,203944,22200795,2023-02-04,NYK vs. LAC,L,41,10,18,0.556,2,6,0.333,6,8,0.75,0,11,11,7,1,0,5,5,28,-11,1,Julius Randle,2022-23,41,26.0,25.6,10.4,12.3,5.6,5.8,0.4502,0.4549,0.288,0.2907,-3.2,-5.2,54,0
22022,203944,22200804,2023-02-05,NYK vs. PHI,W,34,8,19,0.421,1,8,0.125,7,8,0.875,4,5,9,7,0,0,3,2,24,-6,1,Julius Randle,2022-23,34,23.4,25.9,10.4,11.7,6.6,5.7,0.43039999999999995,0.4619999999999999,0.23600000000000004,0.28650000000000003,-1.2,-5.9,55,1
22022,203944,22200816,2023-02-07,NYK @ ORL,W,34,7,15,0.467,4,10,0.4,4,6,0.667,1,13,14,6,0,0,4,2,22,9,1,Julius Randle,2022-23,34,24.0,26.7,11.2,11.6,6.2,5.9,0.43620000000000003,0.4734,0.2826,0.3265,-0.6,-3.9,56,1
22022,203944,22200837,2023-02-10,NYK @ PHI,L,37,11,20,0.55,5,11,0.455,3,3,1.0,0,10,10,3,0,0,3,1,30,-6,1,Julius Randle,2022-23,37,25.4,26.5,10.8,11.7,5.8,5.6,0.483,0.4784,0.32920000000000005,0.342,0.0,-3.3,57,0
22022,203944,22200851,2023-02-11,NYK vs. UTA,W,39,12,26,0.462,3,11,0.273,4,5,0.8,1,5,6,2,0,0,1,2,31,4,1,Julius Randle,2022-23,39,27.0,27.3,10.0,10.4,5.0,5.0,0.49119999999999997,0.46749999999999997,0.31720000000000004,0.336,-2.0,-2.5,58,1
22022,203944,22200862,2023-02-13,NYK vs. BKN,W,32,7,17,0.412,1,6,0.167,3,3,1.0,0,10,10,4,1,1,1,1,18,14,1,Julius Randle,2022-23,32,25.0,25.5,9.8,10.1,4.4,5.0,0.46240000000000003,0.45630000000000004,0.28400000000000003,0.28600000000000003,3.0,-0.1,59,1
22022,203944,22200876,2023-02-15,NYK @ ATL,W,35,9,19,0.474,3,8,0.375,4,5,0.8,3,8,11,2,0,0,3,4,25,20,1,Julius Randle,2022-23,35,25.2,24.3,10.2,10.3,3.4,5.0,0.47300000000000003,0.45169999999999993,0.33399999999999996,0.28500000000000003,8.2,3.5,60,1
22022,203944,22200895,2023-02-24,NYK @ WAS,W,36,16,29,0.552,7,14,0.5,7,7,1.0,0,2,2,2,2,0,1,1,46,8,1,Julius Randle,2022-23,36,30.0,27.0,7.8,9.5,2.6,4.4,0.49000000000000005,0.4631,0.354,0.3183,8.0,3.7,61,1
22022,203944,22200906,2023-02-25,NYK vs. NOP,W,33,11,20,0.55,5,10,0.5,1,1,1.0,1,6,7,5,0,0,2,1,28,26,1,Julius Randle,2022-23,33,29.6,27.5,7.2,9.0,3.0,4.4,0.49000000000000005,0.48650000000000004,0.363,0.3461,14.4,7.2,62,1
22022,203944,22200921,2023-02-27,NYK vs. BOS,W,36,7,16,0.438,3,9,0.333,6,9,0.667,1,6,7,4,0,0,1,2,23,8,1,Julius Randle,2022-23,36,28.0,27.5,7.4,8.7,3.4,4.2,0.4852,0.48819999999999997,0.375,0.3461,15.2,6.6,63,1
22022,203944,22200937,2023-03-01,NYK vs. BKN,W,35,7,15,0.467,4,8,0.5,3,5,0.6,0,8,8,8,0,0,4,3,21,27,1,Julius Randle,2022-23,35,28.6,26.8,7.0,8.4,4.2,4.3,0.4962,0.4793,0.44160000000000005,0.3628,17.8,10.4,64,1
22022,203944,22200949,2023-03-03,NYK @ MIA,W,36,16,25,0.64,8,13,0.615,3,4,0.75,0,9,9,3,0,1,3,2,43,1,1,Julius Randle,2022-23,36,32.2,28.7,6.6,8.4,4.4,3.9,0.5294,0.5012000000000001,0.4896,0.41180000000000005,14.0,11.1,65,1
22022,203944,22200969,2023-03-05,NYK @ BOS,W,47,11,22,0.5,5,13,0.385,4,4,1.0,2,7,9,4,1,0,7,5,31,-8,1,Julius Randle,2022-23,47,29.2,29.6,8.0,7.9,4.8,3.7,0.5189999999999999,0.5045,0.4666,0.4103,10.8,9.4,66,1
22022,203944,22200979,2023-03-07,NYK vs. CHA,L,35,5,17,0.294,2,9,0.222,4,6,0.667,1,7,8,3,0,0,2,4,16,-20,1,Julius Randle,2022-23,35,26.8,28.2,8.2,7.7,4.4,3.7,0.4678,0.47890000000000005,0.41100000000000003,0.387,1.6,8.0,67,0
22022,203944,22200997,2023-03-09,NYK @ SAC,L,36,8,22,0.364,2,12,0.167,5,9,0.556,1,9,10,5,2,0,4,5,23,-4,1,Julius Randle,2022-23,36,26.8,27.4,8.8,8.1,4.6,4.0,0.453,0.4691000000000001,0.3778,0.37639999999999996,-0.8,7.2,68,0
22022,203944,22201004,2023-03-11,NYK @ LAC,L,35,5,24,0.208,3,10,0.3,6,8,0.75,1,7,8,3,0,0,2,5,19,-8,1,Julius Randle,2022-23,35,26.4,27.5,8.8,7.9,3.6,3.9,0.40119999999999995,0.44869999999999993,0.3378,0.3897,-7.8,5.0,69,0
22022,203944,22201019,2023-03-12,NYK @ LAL,W,36,11,24,0.458,3,12,0.25,8,11,0.727,1,7,8,5,1,0,3,2,33,-1,1,Julius Randle,2022-23,36,24.4,28.3,8.6,7.6,4.0,4.2,0.36479999999999996,0.4471,0.26480000000000004,0.3772,-8.2,2.9,70,1
22022,203944,22201034,2023-03-14,NYK @ POR,W,34,8,20,0.4,0,5,0.0,8,10,0.8,1,9,10,4,0,0,2,3,24,8,1,Julius Randle,2022-23,34,23.0,26.1,8.8,8.4,4.0,4.4,0.34479999999999994,0.4319,0.18780000000000002,0.3272,-5.0,2.9,71,1
22022,203944,22201055,2023-03-18,NYK vs. DEN,W,36,6,15,0.4,1,6,0.167,7,7,1.0,0,7,7,4,1,0,3,2,20,5,1,Julius Randle,2022-23,36,23.8,25.3,8.6,8.4,4.2,4.3,0.366,0.41690000000000005,0.1768,0.2939,0.0,0.8,72,1
22022,203944,22201073,2023-03-20,NYK vs. MIN,L,37,19,29,0.655,8,14,0.571,11,13,0.846,0,4,4,1,0,0,4,4,57,-6,1,Julius Randle,2022-23,37,30.6,28.7,7.4,8.1,3.4,4.0,0.4242,0.4386,0.25759999999999994,0.3177,-0.4,-0.6,73,0
22022,203944,22201084,2023-03-22,NYK @ MIA,L,36,7,16,0.438,1,5,0.2,0,1,0.0,0,6,6,9,1,0,4,5,15,-6,1,Julius Randle,2022-23,36,29.8,28.1,7.0,7.9,4.6,4.1,0.4702,0.43570000000000003,0.23759999999999998,0.28769999999999996,0.0,-3.9,74,0
22022,203944,22201093,2023-03-23,NYK @ ORL,L,36,7,20,0.35,2,9,0.222,7,10,0.7,0,9,9,4,0,2,1,4,23,20,1,Julius Randle,2022-23,36,27.8,26.1,7.2,7.9,4.4,4.2,0.4486,0.4067,0.23199999999999998,0.2484,4.2,-2.0,75,0
22022,203944,22201124,2023-03-27,NYK vs. HOU,W,28,10,19,0.526,3,8,0.375,3,3,1.0,0,4,4,3,1,0,1,0,26,11,1,Julius Randle,2022-23,28,28.2,25.6,6.0,7.4,4.2,4.1,0.47380000000000005,0.4093,0.307,0.2474,4.8,-0.1,76,1
22022,203944,22201138,2023-03-29,NYK vs. MIA,W,15,1,5,0.2,0,2,0.0,1,2,0.5,2,3,5,1,0,0,2,1,3,-3,1,Julius Randle,2022-23,15,24.8,24.3,5.6,7.1,3.6,3.9,0.4338,0.39990000000000003,0.27359999999999995,0.22519999999999998,3.2,1.6,77,1
22023,203944,22300065,2023-10-25,NYK vs. BOS,L,34,5,22,0.227,3,8,0.375,1,5,0.2,4,7,11,7,2,0,0,3,14,-13,1,Julius Randle,2023-24,34,16.2,23.4,7.0,7.2,4.8,4.1,0.3482,0.3862,0.23440000000000003,0.246,1.8,0.7,1,0
22023,203944,22300079,2023-10-27,NYK @ ATL,W,34,4,10,0.4,3,7,0.429,6,8,0.75,2,10,12,9,0,0,3,3,17,7,1,Julius Randle,2023-24,34,16.6,23.2,8.2,7.6,4.8,4.7,0.34060000000000007,0.40540000000000004,0.2802,0.2589,4.4,2.2,2,1
22023,203944,22300090,2023-10-28,NYK @ NOP,L,34,4,15,0.267,0,5,0.0,2,2,1.0,0,12,12,4,0,0,8,4,10,-11,1,Julius Randle,2023-24,34,14.0,20.9,8.8,8.0,4.8,4.6,0.324,0.3863,0.2358,0.2339,-1.8,1.2,3,0
22023,203944,22300112,2023-10-31,NYK @ CLE,W,31,5,14,0.357,2,5,0.4,7,10,0.7,3,7,10,2,1,0,1,1,19,18,1,Julius Randle,2023-24,31,12.6,20.4,10.0,8.0,4.6,4.4,0.2902,0.382,0.2408,0.27390000000000003,-0.4,2.2,4,1
22023,203944,22300120,2023-11-01,NYK vs. CLE,L,35,3,15,0.2,0,6,0.0,0,0,0.0,0,6,6,4,1,0,3,2,6,-4,1,Julius Randle,2023-24,35,13.2,19.0,10.2,7.9,5.2,4.4,0.2902,0.362,0.2408,0.2572,-0.6,1.3,5,0
22023,203944,22300002,2023-11-03,NYK @ MIL,L,39,5,20,0.25,1,9,0.111,5,9,0.556,4,8,12,5,2,0,1,4,16,-5,1,Julius Randle,2023-24,39,13.6,14.9,10.4,8.7,4.8,4.8,0.2948,0.3215,0.188,0.2112,1.0,1.4,6,0
22023,203944,22300151,2023-11-06,NYK vs. LAC,W,37,9,21,0.429,3,8,0.375,6,6,1.0,2,8,10,3,0,0,6,3,27,2,1,Julius Randle,2023-24,37,15.6,16.1,10.0,9.1,3.6,4.2,0.3006,0.32060000000000005,0.17720000000000002,0.2287,0.0,2.2,7,1
22023,203944,22300161,2023-11-08,NYK vs. SAS,W,31,8,19,0.421,2,6,0.333,5,8,0.625,4,12,16,5,1,0,2,1,23,31,1,Julius Randle,2023-24,31,18.2,16.1,10.8,9.8,3.8,4.3,0.33140000000000003,0.3277,0.24380000000000002,0.2398,8.4,3.3,8,1
22023,203944,22300177,2023-11-12,NYK vs. CHA,W,27,8,16,0.5,1,4,0.25,6,8,0.75,1,4,5,5,3,0,3,1,23,8,1,Julius Randle,2023-24,27,19.0,15.8,9.8,9.9,4.4,4.5,0.36,0.32510000000000006,0.2138,0.2273,6.4,3.0,9,1
22023,203944,22300188,2023-11-13,NYK @ BOS,L,38,7,19,0.368,2,8,0.25,9,11,0.818,3,6,9,5,0,0,3,4,25,-10,1,Julius Randle,2023-24,38,22.8,18.0,10.4,10.3,4.6,4.9,0.3936,0.3419,0.2638,0.2523,5.2,2.3,10,0
22023,203944,22300193,2023-11-15,NYK @ ATL,W,39,12,24,0.5,3,5,0.6,2,2,1.0,2,8,10,8,1,0,1,4,29,12,1,Julius Randle,2023-24,39,25.4,19.5,10.0,10.2,5.2,5.0,0.4436,0.36920000000000003,0.3616,0.27480000000000004,8.6,4.8,11,1
22023,203944,22300028,2023-11-17,NYK @ WAS,W,35,9,18,0.5,1,5,0.2,3,6,0.5,1,6,7,8,1,2,6,3,22,15,1,Julius Randle,2023-24,35,24.4,20.0,9.4,9.7,6.2,4.9,0.45779999999999993,0.3792,0.3266,0.2519,11.2,5.6,12,1
22023,203944,22300202,2023-11-18,NYK @ CHA,W,38,8,17,0.471,2,5,0.4,3,7,0.429,0,6,6,8,0,0,4,4,21,9,1,Julius Randle,2023-24,38,24.0,21.1,7.4,9.1,6.8,5.3,0.4678,0.3996,0.33999999999999997,0.2919,6.8,7.6,13,1
22023,203944,22300221,2023-11-20,NYK @ MIN,L,34,6,16,0.375,1,6,0.167,8,12,0.667,3,11,14,1,0,0,2,2,21,-12,1,Julius Randle,2023-24,34,23.6,21.3,9.2,9.5,6.0,5.2,0.44279999999999997,0.40140000000000003,0.3234,0.2686,2.8,4.6,14,0
22023,203944,22300045,2023-11-24,NYK vs. MIA,W,35,5,12,0.417,1,4,0.25,2,2,1.0,0,8,8,7,0,0,6,0,13,-8,1,Julius Randle,2023-24,35,21.2,22.0,9.0,9.7,6.4,5.5,0.4526,0.4231,0.3234,0.29359999999999997,3.2,4.2,15,1
22023,203944,22300247,2023-11-26,NYK vs. PHX,L,36,10,21,0.476,1,4,0.25,7,8,0.875,3,2,5,2,0,0,2,2,28,-9,1,Julius Randle,2023-24,36,21.0,23.2,8.0,9.0,5.2,5.2,0.4478,0.4457,0.25339999999999996,0.3075,-1.0,3.8,16,0
22023,203944,22300057,2023-11-28,NYK vs. CHA,W,34,8,15,0.533,2,7,0.286,7,8,0.875,4,16,20,5,2,0,4,2,25,27,1,Julius Randle,2023-24,34,21.6,23.0,10.6,10.0,4.6,5.4,0.4544,0.4561,0.2706,0.29860000000000003,1.4,6.3,17,1
22023,203944,22300268,2023-11-30,NYK vs. DET,W,38,12,21,0.571,2,5,0.4,3,6,0.5,2,8,10,8,0,1,3,3,29,11,1,Julius Randle,2023-24,38,23.2,23.6,11.4,9.4,4.6,5.7,0.4744,0.4711,0.2706,0.3053,1.8,4.3,18,1
22023,203944,22300276,2023-12-01,NYK @ TOR,W,35,8,15,0.533,1,4,0.25,3,3,1.0,2,8,10,9,0,0,2,3,20,15,1,Julius Randle,2023-24,35,23.0,23.3,10.6,9.9,6.2,6.1,0.506,0.47440000000000004,0.2872,0.3053,7.2,5.0,19,1
22023,203944,22301201,2023-12-05,NYK @ MIL,L,37,14,19,0.737,2,2,1.0,11,12,0.917,3,3,6,5,0,0,4,3,41,-21,1,Julius Randle,2023-24,37,28.6,24.9,10.2,9.6,5.8,6.1,0.5700000000000001,0.5113,0.4372,0.38029999999999997,4.6,3.9,20,0
22023,203944,22301227,2023-12-08,NYK @ BOS,L,34,7,15,0.467,3,4,0.75,3,4,0.75,1,4,5,3,1,1,6,2,20,-18,1,Julius Randle,2023-24,34,27.0,24.0,10.2,9.1,6.0,5.6,0.5682,0.508,0.5372,0.39530000000000004,2.8,0.9,21,0
22023,203944,22300297,2023-12-11,NYK vs. TOR,W,35,14,21,0.667,1,3,0.333,5,7,0.714,3,5,8,5,0,0,3,1,34,-1,1,Julius Randle,2023-24,35,28.8,25.2,7.8,9.2,6.0,5.3,0.595,0.5246999999999999,0.5466,0.4086,-2.8,-0.7,22,1
22023,203944,22300318,2023-12-13,NYK @ UTA,L,39,14,23,0.609,2,6,0.333,2,2,1.0,3,9,12,6,1,1,2,4,32,13,1,Julius Randle,2023-24,39,29.4,26.3,8.2,9.8,5.6,5.1,0.6026,0.5385,0.5332,0.40190000000000003,-2.4,-0.3,23,0
22023,203944,22300333,2023-12-15,NYK @ PHX,W,35,10,16,0.625,1,3,0.333,2,2,1.0,1,7,8,6,0,1,5,4,23,4,1,Julius Randle,2023-24,35,30.0,26.5,7.8,9.2,5.0,5.6,0.6210000000000001,0.5635,0.5498000000000001,0.4185,-4.6,1.3,24,1
22023,203944,22300343,2023-12-16,NYK @ LAC,L,31,8,17,0.471,0,3,0.0,6,6,1.0,2,2,4,3,0,0,3,3,22,-20,1,Julius Randle,2023-24,31,26.2,27.4,7.4,8.8,4.6,5.2,0.5678,0.5689,0.3498,0.3935,-4.4,0.1,25,0
22023,203944,22300359,2023-12-18,NYK @ LAL,W,43,12,22,0.545,1,4,0.25,2,2,1.0,1,13,14,3,0,0,2,3,27,17,1,Julius Randle,2023-24,43,27.6,27.3,9.2,9.7,4.6,5.3,0.5833999999999999,0.5758,0.24980000000000002,0.3935,2.6,2.7,26,1
22023,203944,22300368,2023-12-20,NYK @ BKN,W,34,9,20,0.45,0,4,0.0,8,9,0.889,2,5,7,4,0,0,1,3,26,27,1,Julius Randle,2023-24,34,26.0,27.4,9.0,8.4,4.4,5.2,0.54,0.5675,0.18320000000000003,0.3649,8.2,2.7,27,1
22023,203944,22300388,2023-12-23,NYK vs. MIL,L,34,8,17,0.471,0,2,0.0,10,10,1.0,1,7,8,1,1,0,3,3,26,-3,1,Julius Randle,2023-24,34,24.8,27.1,8.2,8.2,3.4,4.5,0.5124000000000001,0.5575,0.1166,0.3249,5.0,1.3,28,0
22023,203944,22300401,2023-12-25,NYK vs. MIL,W,41,8,17,0.471,2,5,0.4,6,6,1.0,1,8,9,2,1,0,4,3,24,6,1,Julius Randle,2023-24,41,25.0,27.5,8.4,8.1,2.6,3.8,0.4816,0.5513,0.13,0.3399,5.4,0.4,29,1
22023,203944,22300419,2023-12-27,NYK @ OKC,L,36,7,15,0.467,1,4,0.25,10,13,0.769,1,8,9,2,0,0,3,3,25,-12,1,Julius Randle,2023-24,36,25.6,25.9,9.4,8.4,2.4,3.5,0.4808,0.5243,0.18,0.2649,7.0,1.3,30,0
22023,203944,22300429,2023-12-29,NYK @ ORL,L,36,16,25,0.64,0,4,0.0,6,8,0.75,3,9,12,6,0,1,5,5,38,0,1,Julius Randle,2023-24,36,27.8,27.7,9.0,9.1,3.0,3.8,0.4998,0.5416000000000001,0.13,0.1899,3.6,3.1,31,0
22023,203944,22300441,2023-12-30,NYK @ IND,L,39,9,22,0.409,1,5,0.2,9,13,0.692,6,6,12,4,0,0,5,1,28,-6,1,Julius Randle,2023-24,39,28.2,27.1,10.0,9.5,3.0,3.7,0.4915999999999999,0.5158,0.17,0.1766,-3.0,2.6,32,0
22023,203944,22300451,2024-01-01,NYK vs. MIN,W,36,14,24,0.583,2,6,0.333,9,13,0.692,3,6,9,0,0,0,6,5,39,2,1,Julius Randle,2023-24,36,30.8,27.8,10.2,9.2,2.8,3.1,0.514,0.5132,0.2366,0.1766,-2.0,1.5,33,1
22023,203944,22300468,2024-01-03,NYK vs. CHI,W,39,13,23,0.565,3,7,0.429,6,7,0.857,0,6,6,4,2,1,3,3,35,13,1,Julius Randle,2023-24,39,33.0,29.0,9.6,9.0,3.2,2.9,0.5327999999999999,0.5072,0.2424,0.1862,-0.6,2.4,34,1
22023,203944,22300483,2024-01-05,NYK @ PHI,W,30,1,11,0.091,0,3,0.0,6,6,1.0,0,7,7,5,1,1,4,3,8,13,1,Julius Randle,2023-24,30,29.6,27.6,9.2,9.3,3.8,3.1,0.45760000000000006,0.4692,0.1924,0.1862,4.4,5.7,35,1
22023,203944,22300494,2024-01-06,NYK @ WAS,W,38,13,23,0.565,3,8,0.375,10,13,0.769,3,4,7,5,1,0,2,2,39,24,1,Julius Randle,2023-24,38,29.8,28.8,8.2,8.6,3.6,3.3,0.4426,0.47119999999999995,0.26739999999999997,0.19870000000000002,9.2,6.4,36,1
22023,203944,22300514,2024-01-09,NYK vs. POR,W,32,7,17,0.412,2,4,0.5,4,4,1.0,0,7,7,8,0,1,2,1,20,31,1,Julius Randle,2023-24,32,28.2,28.2,7.2,8.6,4.4,3.7,0.4431999999999999,0.4673999999999999,0.3274,0.2487,16.6,6.8,37,1
22023,203944,22300530,2024-01-11,NYK @ DAL,L,37,12,23,0.522,2,7,0.286,6,7,0.857,1,5,6,5,2,0,4,3,32,-1,1,Julius Randle,2023-24,37,26.8,28.8,6.6,8.4,5.4,4.1,0.43099999999999994,0.4725,0.31799999999999995,0.2773,16.0,7.0,38,0
22023,203944,22300544,2024-01-13,NYK @ MEM,W,36,9,21,0.429,1,6,0.167,5,6,0.833,5,6,11,5,0,1,6,2,24,10,1,Julius Randle,2023-24,36,24.6,28.8,7.6,8.6,5.6,4.4,0.40379999999999994,0.4683,0.2656,0.254,15.4,7.4,39,1
22023,203944,22300557,2024-01-15,NYK vs. ORL,L,38,5,18,0.278,2,9,0.222,3,5,0.6,1,5,6,5,0,0,0,3,15,2,1,Julius Randle,2023-24,38,26.0,27.8,7.4,8.3,5.6,4.7,0.4412,0.44939999999999997,0.31,0.2512,13.2,8.8,40,0
22023,203944,22300573,2024-01-17,NYK vs. HOU,W,34,11,19,0.579,4,8,0.5,5,6,0.833,2,6,8,4,0,1,4,4,31,15,1,Julius Randle,2023-24,34,24.4,27.1,7.6,7.9,5.4,4.5,0.44399999999999995,0.44329999999999997,0.335,0.3012,11.4,10.3,41,1
22023,203944,22300579,2024-01-18,NYK vs. WAS,W,39,8,17,0.471,3,8,0.375,2,4,0.5,1,7,8,5,0,0,5,2,21,1,1,Julius Randle,2023-24,39,24.6,26.4,7.8,7.5,4.8,4.6,0.4558,0.4495,0.31,0.3187,5.4,11.0,42,1
22023,203944,22300596,2024-01-20,NYK vs. TOR,W,32,7,13,0.538,3,7,0.429,1,2,0.5,7,9,16,10,0,0,7,3,18,16,1,Julius Randle,2023-24,32,21.8,24.3,9.8,8.2,5.8,5.6,0.45899999999999996,0.445,0.3386,0.3283,8.8,12.4,43,1
22023,203944,22300615,2024-01-23,NYK @ BKN,W,37,10,19,0.526,2,2,1.0,8,8,1.0,2,7,9,7,0,0,4,3,30,-3,1,Julius Randle,2023-24,37,23.0,23.8,9.4,8.5,6.2,5.9,0.4784,0.44109999999999994,0.5052,0.3854,6.2,10.8,44,1
22023,203944,22300631,2024-01-25,NYK vs. DEN,W,30,7,15,0.467,1,5,0.2,2,2,1.0,3,4,7,8,1,0,2,2,17,25,1,Julius Randle,2023-24,30,23.4,24.7,9.6,8.5,6.8,6.2,0.5162,0.4787,0.5008,0.40540000000000004,10.8,12.0,45,1
22023,203944,22300643,2024-01-27,NYK vs. MIA,W,32,6,14,0.429,3,4,0.75,4,4,1.0,3,6,9,3,0,0,4,2,19,3,1,Julius Randle,2023-24,32,21.0,22.7,9.8,8.7,6.6,6.0,0.4862,0.46509999999999996,0.5508,0.4429,8.4,9.9,46,1
22024,203944,22400062,2024-10-22,MIN @ LAL,L,34,5,10,0.5,1,3,0.333,5,7,0.714,3,6,9,4,0,0,2,3,16,2,1,Julius Randle,2024-25,34,20.0,22.3,10.0,8.9,6.4,5.6,0.492,0.4739000000000001,0.5424,0.42619999999999997,8.6,7.0,1,0
22024,203944,22400076,2024-10-24,MIN @ SAC,W,35,13,17,0.765,5,6,0.833,2,3,0.667,0,5,5,4,0,0,3,3,33,-3,1,Julius Randle,2024-25,35,23.0,22.4,7.8,8.8,5.2,5.5,0.5374,0.49820000000000003,0.6232,0.48089999999999994,4.8,6.8,2,1
22024,203944,22400093,2024-10-26,MIN vs. TOR,W,36,9,16,0.563,1,4,0.25,5,7,0.714,3,6,9,5,0,0,4,2,24,7,1,Julius Randle,2024-25,36,21.8,22.4,7.8,8.6,4.8,5.5,0.5448000000000001,0.5115999999999999,0.4732,0.48919999999999997,6.8,6.5,3,1
22024,203944,22400114,2024-10-29,MIN vs. DAL,L,35,7,13,0.538,3,3,1.0,3,4,0.75,2,5,7,7,2,0,3,4,20,-4,1,Julius Randle,2024-25,35,22.4,22.9,7.8,8.7,4.6,5.7,0.5589999999999999,0.5376000000000001,0.6332,0.567,1.0,5.9,4,0
22024,203944,22400139,2024-11-01,MIN vs. DEN,W,37,8,13,0.615,2,5,0.4,5,5,1.0,1,5,6,7,0,0,3,3,23,-14,1,Julius Randle,2024-25,37,23.2,22.1,7.2,8.5,5.4,6.0,0.5962,0.5412000000000001,0.5632,0.5569999999999999,-2.4,3.0,5,1
22024,203944,22400146,2024-11-02,MIN @ SAS,L,30,8,15,0.533,0,3,0.0,5,6,0.833,1,4,5,2,1,0,3,3,21,-11,1,Julius Randle,2024-25,30,24.2,22.1,6.4,8.2,5.0,5.7,0.6028,0.5474,0.49660000000000004,0.5195,-5.0,1.8,6,0
22024,203944,22400162,2024-11-04,MIN vs. CHA,W,25,4,10,0.4,1,4,0.25,4,6,0.667,3,1,4,4,2,0,1,1,13,8,1,Julius Randle,2024-25,25,20.2,21.6,6.2,7.0,5.0,5.1,0.5298,0.5336000000000001,0.38000000000000006,0.5016,-2.8,1.0,7,1
22024,203944,22400181,2024-11-07,MIN @ CHI,W,35,8,15,0.533,1,4,0.25,5,5,1.0,2,8,10,3,1,0,4,1,22,21,1,Julius Randle,2024-25,35,19.8,20.8,6.4,7.1,4.6,4.7,0.5237999999999999,0.5343,0.38000000000000006,0.4266,0.0,3.4,8,1
22024,203944,22400193,2024-11-08,MIN vs. POR,W,32,8,18,0.444,3,6,0.5,3,4,0.75,3,3,6,4,0,1,2,1,22,15,1,Julius Randle,2024-25,32,20.2,21.3,6.2,7.0,4.0,4.3,0.5050000000000001,0.532,0.2800000000000001,0.4566,3.8,2.4,9,1
22024,203944,22400206,2024-11-10,MIN vs. MIA,L,36,6,16,0.375,1,6,0.167,4,4,1.0,2,4,6,6,1,0,4,4,17,-2,1,Julius Randle,2024-25,36,19.0,21.1,6.2,6.7,3.8,4.6,0.457,0.5266,0.23340000000000005,0.3983,6.2,1.9,10,0
22024,203944,22400008,2024-11-12,MIN @ POR,L,29,3,9,0.333,0,3,0.0,5,6,0.833,3,3,6,2,0,0,4,5,11,-6,1,Julius Randle,2024-25,29,17.0,20.6,6.4,6.4,3.8,4.4,0.417,0.5098999999999999,0.23340000000000005,0.365,7.2,1.1,11,0
22024,203944,22400226,2024-11-13,MIN @ POR,L,37,7,15,0.467,1,3,0.333,5,7,0.714,3,7,10,2,0,0,1,2,20,1,1,Julius Randle,2024-25,37,18.4,19.3,7.6,6.9,3.4,4.2,0.4304,0.4801,0.25000000000000006,0.315,5.8,1.5,12,0
22024,203944,22400020,2024-11-15,MIN @ SAC,W,41,8,20,0.4,2,7,0.286,8,8,1.0,1,3,4,5,1,0,4,1,26,17,1,Julius Randle,2024-25,41,19.2,19.5,6.4,6.4,3.8,4.2,0.40380000000000005,0.4638,0.25720000000000004,0.3186,5.0,2.5,13,1
22024,203944,22400234,2024-11-17,MIN vs. PHX,W,34,11,20,0.55,5,11,0.455,8,9,0.889,1,3,4,7,1,0,3,2,35,16,1,Julius Randle,2024-25,34,21.8,21.0,6.0,6.1,4.4,4.2,0.425,0.465,0.24820000000000003,0.2641,5.2,4.5,14,1
22024,203944,22400261,2024-11-21,MIN @ TOR,L,38,5,12,0.417,1,6,0.167,12,16,0.75,1,8,9,3,2,0,4,2,23,-6,1,Julius Randle,2024-25,38,23.0,21.0,6.6,6.4,3.8,3.8,0.43340000000000006,0.4452,0.24820000000000003,0.2408,4.4,5.3,15,0
22024,203944,22400271,2024-11-24,MIN @ BOS,L,36,7,15,0.467,1,4,0.25,8,13,0.615,2,4,6,2,0,0,0,1,23,-10,1,Julius Randle,2024-25,36,25.4,21.2,6.6,6.5,3.8,3.8,0.46020000000000005,0.4386,0.2982,0.26580000000000004,3.6,5.4,16,0
22024,203944,22400037,2024-11-26,MIN vs. HOU,L,35,9,18,0.5,0,1,0.0,3,3,1.0,2,4,6,3,1,0,3,5,21,-20,1,Julius Randle,2024-25,35,25.6,22.0,5.8,6.7,4.0,3.7,0.4668,0.4486,0.23160000000000008,0.24080000000000004,-0.6,2.6,17,0
22024,203944,22400294,2024-11-27,MIN vs. SAC,L,36,8,14,0.571,1,5,0.2,4,4,1.0,1,8,9,4,2,0,4,4,21,-8,1,Julius Randle,2024-25,36,24.6,21.9,6.8,6.6,3.8,3.8,0.501,0.4524,0.21440000000000006,0.2358,-5.6,-0.3,18,0
22024,203944,22400044,2024-11-29,MIN vs. LAC,W,30,4,9,0.444,1,5,0.2,2,2,1.0,0,10,10,4,0,0,3,2,11,-5,1,Julius Randle,2024-25,30,19.8,20.8,8.0,7.0,3.2,3.8,0.4798,0.4524,0.16340000000000005,0.20580000000000004,-9.8,-2.3,19,1
22024,203944,22400318,2024-12-02,MIN vs. LAL,W,24,6,13,0.462,2,3,0.667,4,4,1.0,1,4,5,3,2,0,1,3,18,7,1,Julius Randle,2024-25,24,18.8,20.9,7.2,6.9,3.2,3.5,0.4888,0.46110000000000007,0.2634,0.2558,-7.2,-1.4,20,1
22024,203944,22400324,2024-12-04,MIN @ LAC,W,26,8,16,0.5,4,9,0.444,0,0,0.0,0,4,4,4,1,0,1,2,20,28,1,Julius Randle,2024-25,26,18.2,21.8,6.8,6.7,3.6,3.7,0.49539999999999995,0.47780000000000006,0.3022000000000001,0.3002,0.4,2.0,21,1
22024,203944,22400338,2024-12-06,MIN @ GSW,W,24,5,11,0.455,2,4,0.5,4,4,1.0,2,7,9,4,1,0,3,1,16,3,1,Julius Randle,2024-25,24,17.2,21.4,7.4,6.6,3.8,3.9,0.4864,0.4766,0.4022,0.3169,5.0,2.2,22,1
22024,203944,22400355,2024-12-08,MIN @ GSW,L,37,4,14,0.286,2,4,0.5,4,4,1.0,3,8,11,4,0,2,2,2,14,-2,1,Julius Randle,2024-25,37,15.8,20.2,7.8,7.3,3.8,3.8,0.42940000000000006,0.4652,0.46220000000000006,0.3383,6.2,0.3,23,0
22024,203944,22401210,2024-12-13,MIN vs. LAL,W,33,7,16,0.438,0,5,0.0,7,8,0.875,2,3,5,3,1,0,2,5,21,23,1,Julius Randle,2024-25,33,17.8,18.8,6.8,7.4,3.6,3.4,0.4282,0.454,0.4222,0.2928,11.8,1.0,24,1
22024,203944,22401218,2024-12-15,MIN @ SAS,W,29,4,11,0.364,0,1,0.0,3,4,0.75,2,2,4,3,2,1,2,3,11,8,1,Julius Randle,2024-25,29,16.4,17.6,6.6,6.9,3.6,3.4,0.4086,0.4487,0.28880000000000006,0.2761,12.0,2.4,25,1
22024,203944,22400367,2024-12-19,MIN vs. NYK,L,30,8,17,0.471,4,8,0.5,4,6,0.667,2,3,5,3,0,0,5,2,24,-13,1,Julius Randle,2024-25,30,17.2,17.7,6.8,6.8,3.4,3.5,0.40279999999999994,0.44909999999999994,0.30000000000000004,0.30110000000000003,3.8,2.1,26,0
22024,203944,22400383,2024-12-21,MIN vs. GSW,L,32,4,13,0.308,1,3,0.333,7,9,0.778,1,6,7,6,0,0,3,1,16,-6,1,Julius Randle,2024-25,32,17.2,17.2,6.4,6.9,3.8,3.8,0.3734,0.42989999999999995,0.26660000000000006,0.33440000000000003,2.0,3.5,27,0
22024,203944,22400395,2024-12-23,MIN @ ATL,L,36,6,15,0.4,2,7,0.286,5,6,0.833,6,7,13,7,0,1,8,3,19,-5,1,Julius Randle,2024-25,36,18.2,17.0,6.8,7.3,4.4,4.1,0.3962,0.4128,0.22380000000000005,0.34299999999999997,1.4,3.8,28,0
22024,203944,22400406,2024-12-25,MIN @ DAL,W,34,6,13,0.462,3,5,0.6,8,10,0.8,2,8,10,8,0,0,3,2,23,5,1,Julius Randle,2024-25,34,18.6,18.2,7.8,7.3,5.4,4.5,0.40099999999999997,0.41459999999999997,0.34380000000000005,0.383,-2.2,4.8,29,1
22024,203944,22400422,2024-12-27,MIN @ HOU,W,36,10,16,0.625,5,6,0.833,2,2,1.0,1,7,8,8,0,1,5,3,27,2,1,Julius Randle,2024-25,36,21.8,19.1,8.6,7.6,6.4,5.0,0.4532,0.4309,0.5104,0.39959999999999996,-3.4,4.3,30,1
22024,203944,22400441,2024-12-29,MIN vs. SAS,W,35,7,16,0.438,0,7,0.0,2,2,1.0,1,3,4,4,0,0,1,1,16,-9,1,Julius Randle,2024-25,35,20.2,18.7,8.4,7.6,6.6,5.0,0.4466,0.42469999999999997,0.4104,0.35519999999999996,-2.6,0.6,31,1
22024,203944,22400452,2024-12-31,MIN @ OKC,L,27,5,12,0.417,1,4,0.25,0,0,0.0,4,2,6,6,0,1,4,1,11,-7,1,Julius Randle,2024-25,27,19.2,18.2,8.2,7.3,6.6,5.2,0.46840000000000004,0.42089999999999994,0.39380000000000004,0.33019999999999994,-2.8,-0.4,32,0
22024,203944,22400464,2025-01-02,MIN vs. BOS,L,39,9,16,0.563,5,7,0.714,4,4,1.0,2,6,8,7,1,0,4,1,27,10,1,Julius Randle,2024-25,39,20.8,19.5,7.2,7.0,6.6,5.5,0.501,0.4486,0.47940000000000005,0.3516,0.2,0.8,33,0
22024,203944,22400479,2025-01-04,MIN @ DET,L,36,6,12,0.5,0,4,0.0,5,5,1.0,2,5,7,6,0,0,3,4,17,-20,1,Julius Randle,2024-25,36,19.6,19.1,6.6,7.2,6.2,5.8,0.5085999999999999,0.4548,0.35940000000000005,0.3516,-4.8,-3.5,34,0
22024,203944,22400500,2025-01-06,MIN vs. LAC,W,23,2,10,0.2,0,3,0.0,1,2,0.5,4,2,6,2,0,0,3,4,5,2,1,Julius Randle,2024-25,23,15.2,18.5,6.2,7.4,5.0,5.7,0.4236,0.4384,0.19280000000000005,0.3516,-4.8,-4.1,35,1
22024,203944,22400505,2025-01-07,MIN @ NOP,W,35,6,11,0.545,1,4,0.25,3,5,0.6,0,6,6,3,2,0,3,4,16,21,1,Julius Randle,2024-25,35,15.2,17.7,6.6,7.5,4.8,5.7,0.445,0.44580000000000003,0.24280000000000007,0.3266,1.2,-0.7,36,1
22024,203944,22400519,2025-01-09,MIN @ ORL,W,31,8,16,0.5,1,3,0.333,6,6,1.0,4,6,10,2,0,1,2,2,23,13,1,Julius Randle,2024-25,31,17.6,18.4,7.4,7.8,4.0,5.3,0.46159999999999995,0.465,0.2594000000000001,0.32659999999999995,5.2,1.2,37,1
22024,203944,22400535,2025-01-11,MIN vs. MEM,L,33,7,13,0.538,1,5,0.2,3,4,0.75,2,6,8,8,0,0,4,3,18,-5,1,Julius Randle,2024-25,33,15.8,18.3,7.4,7.3,4.2,5.4,0.45660000000000006,0.4788,0.15660000000000007,0.318,2.2,1.2,38,0
22024,203944,22400548,2025-01-13,MIN @ WAS,W,33,8,15,0.533,0,2,0.0,4,8,0.5,3,7,10,3,0,0,3,1,20,16,1,Julius Randle,2024-25,33,16.4,18.0,8.0,7.3,3.6,4.9,0.46320000000000006,0.4859,0.15660000000000007,0.258,9.4,2.3,39,1
22024,203944,22400565,2025-01-15,MIN vs. GSW,L,27,8,18,0.444,1,3,0.333,0,0,0.0,4,2,6,1,1,0,2,3,17,-2,1,Julius Randle,2024-25,27,18.8,17.0,8.0,7.1,3.4,4.2,0.512,0.4678,0.22320000000000007,0.20800000000000002,8.6,1.9,40,0
22024,203944,22400578,2025-01-17,MIN @ NYK,W,35,2,6,0.333,0,2,0.0,4,4,1.0,2,5,7,6,0,0,4,3,8,20,1,Julius Randle,2024-25,35,17.2,16.2,8.2,7.4,4.0,4.4,0.46959999999999996,0.45729999999999993,0.17320000000000008,0.20800000000000002,8.4,4.8,41,1
22024,203944,22400590,2025-01-18,MIN vs. CLE,L,38,7,12,0.583,1,5,0.2,5,7,0.714,3,11,14,9,1,0,3,1,20,0,1,Julius Randle,2024-25,38,16.6,17.1,9.0,8.2,5.4,4.7,0.4862,0.4739,0.1466000000000001,0.203,5.8,5.5,42,0
22024,203944,22400601,2025-01-20,MIN @ MEM,L,34,2,13,0.154,0,7,0.0,1,3,0.333,4,7,11,7,0,2,1,4,5,-9,1,Julius Randle,2024-25,34,14.0,14.9,9.6,8.5,5.2,4.7,0.40940000000000004,0.433,0.10660000000000007,0.1316,5.0,3.6,43,0
22024,203944,22400614,2025-01-22,MIN @ DAL,W,34,4,13,0.308,1,2,0.5,7,8,0.875,3,3,6,3,3,0,2,5,16,6,1,Julius Randle,2024-25,34,13.2,14.8,8.8,8.4,5.2,4.4,0.3644,0.4138,0.20660000000000006,0.1816,3.0,6.2,44,1
22024,203944,22400634,2025-01-25,MIN vs. DEN,W,32,9,20,0.45,1,6,0.167,2,2,1.0,5,2,7,7,2,1,2,2,21,16,1,Julius Randle,2024-25,32,14.0,16.4,9.0,8.5,6.4,4.9,0.3656,0.43879999999999997,0.17340000000000008,0.1983,6.6,7.6,45,1
22024,203944,22400656,2025-01-27,MIN vs. ATL,W,32,7,17,0.412,3,8,0.375,3,3,1.0,3,5,8,2,1,0,5,3,20,12,1,Julius Randle,2024-25,32,16.4,16.8,9.2,8.7,5.6,4.8,0.3814,0.4255,0.2484000000000001,0.21080000000000002,5.0,6.7,46,1
22024,203944,22400672,2025-01-29,MIN @ PHX,W,35,10,16,0.625,0,3,0.0,8,10,0.8,0,7,7,6,3,0,0,4,28,-4,1,Julius Randle,2024-25,35,18.0,17.3,7.8,8.4,5.0,5.2,0.3898,0.438,0.20840000000000006,0.17750000000000002,4.2,5.0,47,1
22024,203944,22400677,2025-01-30,MIN @ UTA,W,10,3,7,0.429,0,2,0.0,0,0,0.0,0,1,1,1,0,0,0,0,6,-14,1,Julius Randle,2024-25,10,18.2,16.1,5.8,7.7,3.8,4.5,0.44480000000000003,0.4271,0.20840000000000006,0.15750000000000003,3.2,4.1,48,1
22024,203944,22400873,2025-03-02,MIN @ PHX,W,34,8,14,0.571,2,5,0.4,2,2,1.0,2,4,6,3,0,0,2,4,20,0,1,Julius Randle,2024-25,34,19.0,16.1,5.8,7.3,3.8,4.5,0.4974,0.43089999999999995,0.18840000000000007,0.1975,2.0,2.5,49,1
22024,203944,22400887,2025-03-04,MIN vs. PHI,W,30,5,9,0.556,0,3,0.0,6,6,1.0,3,5,8,5,1,0,5,1,16,6,1,Julius Randle,2024-25,30,18.0,16.0,6.0,7.5,3.4,4.9,0.5186,0.44209999999999994,0.15500000000000008,0.16419999999999998,0.0,3.3,50,1
22024,203944,22400892,2025-03-05,MIN @ CHA,W,36,8,18,0.444,2,7,0.286,7,8,0.875,4,6,10,9,0,0,2,3,25,14,1,Julius Randle,2024-25,36,19.0,17.7,6.4,7.8,4.8,5.2,0.525,0.4532,0.13720000000000007,0.1928,0.4,2.7,51,1
22024,203944,22400907,2025-03-07,MIN @ MIA,W,34,4,9,0.444,0,1,0.0,5,6,0.833,1,9,10,9,0,0,5,1,13,0,1,Julius Randle,2024-25,34,16.0,17.0,7.0,7.4,5.4,5.2,0.4888,0.43929999999999997,0.13720000000000007,0.1728,1.2,2.7,52,1
22024,203944,22400925,2025-03-09,MIN vs. SAS,W,30,5,14,0.357,2,6,0.333,2,2,1.0,6,1,7,10,0,1,0,2,14,10,1,Julius Randle,2024-25,30,17.6,17.9,8.2,7.0,7.2,5.5,0.4744,0.4596,0.20380000000000006,0.2061,6.0,4.6,53,1
22024,203944,22400952,2025-03-12,MIN @ DEN,W,28,9,12,0.75,3,5,0.6,4,6,0.667,1,3,4,3,2,0,4,3,25,17,1,Julius Randle,2024-25,28,18.6,18.8,7.8,6.8,7.2,5.5,0.5102,0.5038,0.24380000000000007,0.21610000000000001,9.4,5.7,54,1
22024,203944,22400963,2025-03-14,MIN vs. ORL,W,29,7,13,0.538,1,3,0.333,7,8,0.875,2,5,7,5,0,0,3,4,22,-7,1,Julius Randle,2024-25,29,19.8,18.9,7.6,6.8,7.2,5.3,0.5065999999999999,0.5126000000000001,0.31040000000000006,0.2327,6.8,3.4,55,1
22024,203944,22400981,2025-03-16,MIN vs. UTA,W,20,4,9,0.444,1,2,0.5,2,4,0.5,2,1,3,4,0,0,1,2,11,14,1,Julius Randle,2024-25,20,17.0,18.0,6.2,6.3,6.2,5.5,0.5065999999999999,0.5158,0.35320000000000007,0.2452,6.8,3.6,56,1
22024,203944,22400986,2025-03-17,MIN vs. IND,L,41,5,11,0.455,1,2,0.5,6,10,0.6,1,5,6,4,1,0,4,2,17,-6,1,Julius Randle,2024-25,41,17.8,16.9,5.4,6.2,5.2,5.3,0.5088,0.4988,0.4532,0.2952,5.6,3.4,57,0
22024,203944,22401001,2025-03-19,MIN vs. NOP,L,28,7,10,0.7,2,4,0.5,1,2,0.5,0,3,3,3,0,1,6,2,17,-20,1,Julius Randle,2024-25,28,18.4,18.0,4.6,6.4,3.8,5.5,0.5774,0.5258999999999999,0.48660000000000003,0.3452,-0.4,2.8,58,0
22024,203944,22401016,2025-03-21,MIN vs. NOP,W,25,7,11,0.636,2,5,0.4,4,4,1.0,4,2,6,5,2,0,2,3,20,13,1,Julius Randle,2024-25,25,17.4,18.0,5.0,6.4,4.2,5.7,0.5546,0.5324,0.4466,0.3452,-1.2,4.1,59,1
22024,203944,22401037,2025-03-24,MIN @ IND,L,24,3,7,0.429,0,2,0.0,3,5,0.6,1,5,6,2,0,0,2,1,9,-12,1,Julius Randle,2024-25,24,14.8,17.3,4.8,6.2,3.6,5.4,0.5328,0.5197,0.38000000000000006,0.3452,-2.2,2.3,60,0
22024,203944,22401071,2025-03-28,MIN vs. PHX,W,32,9,15,0.6,2,4,0.5,5,5,1.0,1,5,6,8,1,1,0,1,25,7,1,Julius Randle,2024-25,32,17.6,17.3,5.4,5.8,4.4,5.3,0.5640000000000001,0.5353,0.38000000000000006,0.3666,-3.6,1.6,61,1
22024,203944,22401084,2025-03-30,MIN vs. DET,W,32,9,18,0.5,1,4,0.25,7,7,1.0,2,6,8,5,0,1,2,3,26,14,1,Julius Randle,2024-25,32,19.4,18.6,5.8,5.6,4.6,4.9,0.5730000000000001,0.5408999999999999,0.33000000000000007,0.3916,0.4,3.0,62,1
22024,203944,22401102,2025-04-01,MIN @ DEN,W,50,11,22,0.5,4,8,0.5,0,0,0.0,2,7,9,7,1,0,4,5,26,1,1,Julius Randle,2024-25,50,21.2,19.8,7.0,5.8,5.4,4.6,0.533,0.5551999999999999,0.33000000000000007,0.4083,4.6,2.1,63,1
22024,203944,22401113,2025-04-03,MIN @ BKN,W,27,4,11,0.364,3,8,0.375,0,0,0.0,2,6,8,4,0,0,4,3,11,2,1,Julius Randle,2024-25,27,19.4,18.4,7.4,6.2,5.2,4.7,0.47859999999999997,0.5166,0.32500000000000007,0.38580000000000003,2.4,0.6,64,1
22024,203944,22401130,2025-04-05,MIN @ PHI,W,33,5,11,0.455,0,2,0.0,5,9,0.556,2,3,5,4,0,0,0,3,15,-11,1,Julius Randle,2024-25,33,20.6,17.7,7.2,6.0,5.6,4.6,0.4838,0.5083,0.32500000000000007,0.3525,2.6,0.2,65,1
22024,203944,22401152,2025-04-08,MIN @ MIL,L,35,3,8,0.375,1,3,0.333,2,2,1.0,1,6,7,6,1,0,5,4,9,-16,1,Julius Randle,2024-25,35,17.4,17.5,7.4,6.4,5.2,4.8,0.43879999999999997,0.5014,0.2916000000000001,0.3358,-2.0,-2.8,66,0
22024,203944,22401170,2025-04-10,MIN @ MEM,W,35,13,22,0.591,5,10,0.5,0,0,0.0,1,9,10,5,1,0,2,2,31,18,1,Julius Randle,2024-25,35,18.4,18.9,7.8,6.8,5.2,4.9,0.457,0.5149999999999999,0.34160000000000007,0.3358,-1.2,-0.4,67,1
22024,203944,22401179,2025-04-11,MIN vs. BKN,W,30,8,11,0.727,5,6,0.833,0,0,0.0,1,3,4,3,2,0,3,2,21,21,1,Julius Randle,2024-25,30,17.4,19.3,6.8,6.9,4.4,4.9,0.5024,0.5177,0.40820000000000006,0.3691,2.8,3.7,68,1
22024,203944,22401195,2025-04-13,MIN vs. UTA,W,33,5,11,0.455,0,3,0.0,0,0,0.0,3,7,10,5,0,1,4,2,10,7,1,Julius Randle,2024-25,33,17.2,18.3,7.2,7.3,4.6,4.9,0.5206000000000001,0.49960000000000004,0.33320000000000005,0.32910000000000006,3.8,3.1,69,1
22022,201144,22200012,2022-10-19,UTA vs. DEN,W,32,3,8,0.375,2,4,0.5,5,5,1.0,0,2,2,8,2,1,3,0,13,16,1,Mike Conley,2022-23,32,13.0,13.0,2.0,2.0,8.0,8.0,0.375,0.375,0.5,0.5,16.0,16.0,1,1
22022,201144,22200025,2022-10-21,UTA @ MIN,W,36,4,15,0.267,3,9,0.333,1,2,0.5,1,2,3,11,2,0,1,5,12,13,1,Mike Conley,2022-23,36,12.5,12.5,2.5,2.5,9.5,9.5,0.321,0.321,0.4165,0.4165,14.5,14.5,2,1
22022,201144,22200040,2022-10-23,UTA @ NOP,W,36,3,12,0.25,1,6,0.167,0,0,0.0,0,2,2,8,0,1,1,1,7,-10,1,Mike Conley,2022-23,36,10.666666666666666,10.666666666666666,2.3333333333333335,2.3333333333333335,9.0,9.0,0.29733333333333334,0.29733333333333334,0.3333333333333333,0.3333333333333333,6.333333333333333,6.333333333333333,3,1
22022,201144,22200048,2022-10-24,UTA @ HOU,L,27,3,6,0.5,0,3,0.0,1,3,0.333,0,2,2,7,3,2,2,0,7,1,1,Mike Conley,2022-23,27,9.75,9.75,2.25,2.25,8.5,8.5,0.348,0.348,0.25,0.25,5.0,5.0,4,0
22022,201144,22200063,2022-10-26,UTA vs. HOU,W,28,4,11,0.364,3,8,0.375,2,4,0.5,0,3,3,5,1,0,3,5,13,6,1,Mike Conley,2022-23,28,10.4,10.4,2.4,2.4,7.8,7.8,0.3512,0.3512,0.275,0.275,5.2,5.2,5,1
22022,201144,22200078,2022-10-28,UTA @ DEN,L,23,4,7,0.571,4,5,0.8,2,2,1.0,1,1,2,5,0,0,0,2,14,-4,1,Mike Conley,2022-23,23,10.6,11.0,2.4,2.3333333333333335,7.2,7.333333333333333,0.39039999999999997,0.3878333333333333,0.335,0.3625,1.2,3.6666666666666665,6,0
22022,201144,22200101,2022-10-31,UTA vs. MEM,W,30,5,9,0.556,5,7,0.714,0,0,0.0,0,2,2,5,1,0,0,2,15,15,1,Mike Conley,2022-23,30,11.2,11.571428571428571,2.2,2.2857142857142856,6.0,7.0,0.44820000000000004,0.41185714285714287,0.4112,0.41271428571428576,1.6,5.285714285714286,7,1
22022,201144,22200115,2022-11-02,UTA @ DAL,L,33,3,8,0.375,1,4,0.25,4,4,1.0,0,1,1,8,1,0,3,1,11,4,1,Mike Conley,2022-23,33,12.0,11.5,2.0,2.125,6.0,7.125,0.4732,0.40725,0.42780000000000007,0.39237500000000003,4.4,5.125,8,0
22022,201144,22200131,2022-11-04,UTA @ LAL,W,31,6,11,0.545,2,5,0.4,1,1,1.0,2,0,2,10,1,0,2,0,15,9,1,Mike Conley,2022-23,31,13.6,11.88888888888889,2.0,2.111111111111111,6.6,7.444444444444445,0.4822,0.4225555555555556,0.5078,0.39322222222222225,6.0,5.555555555555555,9,1
22022,201144,22200143,2022-11-06,UTA @ LAC,W,33,7,13,0.538,2,6,0.333,1,1,1.0,1,6,7,4,2,0,1,0,17,11,1,Mike Conley,2022-23,33,14.4,12.4,2.8,2.6,6.4,7.1,0.517,0.43410000000000004,0.49939999999999996,0.3872,7.0,6.1,10,1
22022,201144,22200157,2022-11-07,UTA vs. LAL,W,24,5,7,0.714,3,4,0.75,1,2,0.5,0,1,1,12,0,0,0,2,14,12,1,Mike Conley,2022-23,24,14.4,12.5,2.6,2.5,7.8,7.5,0.5456000000000001,0.46799999999999997,0.4894,0.4122,10.2,5.7,11,1
22022,201144,22200162,2022-11-09,UTA @ ATL,W,29,2,6,0.333,0,2,0.0,3,4,0.75,0,1,1,13,0,0,1,2,7,-11,1,Mike Conley,2022-23,29,12.8,12.0,2.4,2.3,9.4,7.7,0.501,0.47459999999999997,0.3466,0.37889999999999996,5.0,3.3,12,1
22022,201144,22200185,2022-11-12,UTA @ WAS,L,30,1,8,0.125,0,5,0.0,1,1,1.0,0,3,3,10,1,0,2,1,3,-21,1,Mike Conley,2022-23,30,11.2,11.6,2.8,2.4,9.8,7.9,0.45099999999999996,0.46209999999999996,0.29660000000000003,0.36219999999999997,0.0,2.2,13,0
22022,201144,22200195,2022-11-13,UTA @ PHI,L,32,1,7,0.143,1,4,0.25,0,0,0.0,0,1,1,8,0,0,3,2,3,-13,1,Mike Conley,2022-23,32,8.8,11.2,2.6,2.3,9.4,8.0,0.37060000000000004,0.42639999999999995,0.26660000000000006,0.3872,-4.4,0.8,14,0
22022,201144,22200208,2022-11-15,UTA vs. NYK,L,34,3,10,0.3,1,6,0.167,3,3,1.0,1,3,4,7,4,0,1,5,10,4,1,Mike Conley,2022-23,34,7.4,10.9,2.0,2.4,10.0,8.2,0.32299999999999995,0.42000000000000004,0.2334,0.3664,-5.8,0.6,15,0
22022,201144,22200232,2022-11-18,UTA vs. PHX,W,30,4,9,0.444,4,5,0.8,1,2,0.5,1,3,4,10,1,1,2,5,13,-2,1,Mike Conley,2022-23,30,7.2,10.8,2.6,2.6,9.6,8.7,0.269,0.40730000000000005,0.2434,0.36639999999999995,-8.6,0.8,16,1
22022,201144,22200238,2022-11-19,UTA @ POR,W,9,0,1,0.0,0,0,0.0,0,0,0.0,0,1,1,3,1,0,0,2,0,-12,1,Mike Conley,2022-23,9,5.8,9.3,2.6,2.5,7.6,8.5,0.2024,0.3517,0.2434,0.29500000000000004,-8.8,-1.9,17,1
22022,201144,22200385,2022-12-09,UTA vs. MIN,L,25,6,11,0.545,3,7,0.429,2,2,1.0,0,1,1,6,0,0,2,2,17,-12,1,Mike Conley,2022-23,25,8.6,9.9,2.2,2.5,6.8,8.3,0.28640000000000004,0.3687,0.32920000000000005,0.31290000000000007,-7.0,-3.5,18,0
22022,201144,22200412,2022-12-13,UTA vs. NOP,W,29,2,8,0.25,2,7,0.286,1,1,1.0,0,0,0,6,1,0,3,3,7,12,1,Mike Conley,2022-23,29,9.4,9.1,2.0,2.3,6.4,7.9,0.3078,0.33920000000000006,0.3364,0.3015,-2.0,-3.2,19,1
22022,201144,22200426,2022-12-15,UTA vs. NOP,W,32,1,8,0.125,0,4,0.0,2,6,0.333,0,2,2,6,0,0,2,3,4,5,1,Mike Conley,2022-23,32,8.2,7.8,1.6,1.8,6.2,8.1,0.27280000000000004,0.2979,0.30300000000000005,0.26820000000000005,-1.8,-3.8,20,1
22022,201144,22200442,2022-12-17,UTA @ MIL,L,25,2,6,0.333,0,3,0.0,0,0,0.0,0,1,1,4,1,0,0,2,4,-9,1,Mike Conley,2022-23,25,6.4,6.8,1.0,1.8,5.0,7.3,0.25060000000000004,0.2598,0.143,0.19319999999999998,-3.2,-5.9,21,0
22022,201144,22200452,2022-12-19,UTA @ CLE,L,28,3,8,0.375,1,3,0.333,0,0,0.0,1,1,2,9,2,0,3,2,7,-10,1,Mike Conley,2022-23,28,7.8,6.8,1.2,1.9,6.2,6.9,0.3256,0.264,0.2096,0.2265,-2.8,-5.8,22,0
22022,201144,22200461,2022-12-20,UTA @ DET,W,26,3,7,0.429,1,5,0.2,0,1,0.0,1,2,3,7,1,0,0,2,7,9,1,Mike Conley,2022-23,26,5.8,7.2,1.6,1.9,6.4,6.6,0.3024,0.2944,0.1638,0.2465,1.4,-2.8,23,1
22022,201144,22200478,2022-12-22,UTA vs. WAS,W,27,3,7,0.429,0,2,0.0,2,2,1.0,0,0,0,6,0,0,1,1,8,-8,1,Mike Conley,2022-23,27,6.0,7.7,1.6,1.8,6.4,6.4,0.3382,0.323,0.1066,0.22149999999999997,-2.6,-2.3,24,1
22022,201144,22200503,2022-12-26,UTA @ SAS,L,33,6,12,0.5,5,7,0.714,0,0,0.0,1,4,5,6,3,1,3,3,17,0,1,Mike Conley,2022-23,33,8.6,8.4,2.2,1.9,6.4,6.3,0.41319999999999996,0.343,0.24939999999999998,0.27620000000000006,-3.6,-2.7,25,0
22022,201144,22200521,2022-12-28,UTA @ GSW,L,32,2,11,0.182,1,8,0.125,0,0,0.0,0,2,2,10,1,0,3,5,5,0,1,Mike Conley,2022-23,32,8.8,7.6,2.4,1.7,7.6,6.3,0.383,0.3168,0.2744,0.20869999999999997,-1.8,-2.5,26,0
22022,201144,22200537,2022-12-30,UTA @ SAC,L,30,4,11,0.364,4,8,0.5,5,6,0.833,1,1,2,8,1,0,3,5,17,-1,1,Mike Conley,2022-23,30,10.8,9.3,2.4,1.8,7.4,6.8,0.38079999999999997,0.3532,0.3078,0.2587,0.0,-1.4,27,0
22022,201144,22200546,2022-12-31,UTA vs. MIA,L,31,2,7,0.286,1,4,0.25,4,4,1.0,0,4,4,8,0,0,4,3,9,-7,1,Mike Conley,2022-23,31,11.2,8.5,2.6,2.1,7.6,7.0,0.35219999999999996,0.32730000000000004,0.31779999999999997,0.24080000000000004,-3.2,-0.9,28,0
22022,201144,22200563,2023-01-03,UTA vs. SAC,L,33,6,10,0.6,2,4,0.5,4,5,0.8,0,1,1,7,3,0,1,2,18,11,1,Mike Conley,2022-23,33,13.2,9.6,2.8,2.2,7.8,7.1,0.38639999999999997,0.36229999999999996,0.4178,0.2622,0.6,-1.0,29,0
22022,201144,22200578,2023-01-05,UTA @ HOU,W,32,3,10,0.3,1,5,0.2,2,2,1.0,1,3,4,11,0,0,0,1,9,18,1,Mike Conley,2022-23,32,11.6,10.1,2.6,2.4,8.8,7.6,0.3464,0.3798,0.315,0.2822,4.2,0.3,30,1
22022,201144,22200592,2023-01-07,UTA @ CHI,L,28,3,9,0.333,3,5,0.6,0,0,0.0,0,2,2,7,0,0,1,1,9,-26,1,Mike Conley,2022-23,28,12.4,10.6,2.6,2.5,8.2,7.9,0.3766,0.3798,0.41,0.3422,-1.0,-1.4,31,0
22022,201144,22200600,2023-01-08,UTA @ MEM,L,28,3,9,0.333,0,2,0.0,1,1,1.0,0,0,0,8,1,0,3,2,7,-4,1,Mike Conley,2022-23,28,10.4,10.6,2.2,2.3,8.2,7.8,0.3704,0.37560000000000004,0.31,0.3089,-1.6,-0.8,32,0
22022,201144,22200614,2023-01-10,UTA vs. CLE,W,33,4,9,0.444,1,5,0.2,4,4,1.0,0,0,0,4,0,0,3,3,13,8,1,Mike Conley,2022-23,33,11.2,11.2,1.4,2.0,7.4,7.5,0.402,0.3771,0.29999999999999993,0.30890000000000006,1.4,-0.9,33,1
22022,201144,22200646,2023-01-14,UTA vs. PHI,L,29,3,9,0.333,2,7,0.286,6,7,0.857,1,0,1,8,1,0,0,1,14,-1,1,Mike Conley,2022-23,29,10.4,11.8,1.4,2.1,7.6,7.7,0.3486,0.3675,0.2572,0.3375,-1.0,-0.2,34,0
22022,201144,22200662,2023-01-16,UTA @ MIN,W,30,5,8,0.625,3,6,0.5,1,1,1.0,1,7,8,6,0,0,0,0,14,9,1,Mike Conley,2022-23,30,11.4,11.5,2.2,2.4,6.6,7.7,0.4136,0.38,0.3172,0.31609999999999994,-2.8,0.7,35,1
22022,201144,22200675,2023-01-18,UTA vs. LAC,W,29,6,8,0.75,5,6,0.833,0,0,0.0,0,4,4,9,0,1,0,2,17,12,1,Mike Conley,2022-23,29,13.0,12.7,2.6,2.6,7.0,7.6,0.49700000000000005,0.4368,0.3638,0.38689999999999997,4.8,1.9,36,1
22022,201144,22200689,2023-01-20,UTA vs. BKN,L,32,2,8,0.25,1,4,0.25,4,4,1.0,0,5,5,9,1,0,1,3,9,-10,1,Mike Conley,2022-23,32,13.4,11.9,3.6,2.9,7.2,7.7,0.48040000000000005,0.42540000000000006,0.4138,0.3619,3.6,1.0,37,0
22022,201144,22200710,2023-01-23,UTA vs. CHA,W,27,5,12,0.417,4,8,0.5,0,0,0.0,0,3,3,3,1,1,0,2,14,19,1,Mike Conley,2022-23,27,13.6,12.4,4.2,2.8,7.0,7.2,0.475,0.4385,0.47379999999999994,0.38689999999999997,5.8,3.6,38,1
22022,201144,22200727,2023-01-25,UTA @ POR,L,32,3,6,0.5,2,5,0.4,0,0,0.0,1,4,5,10,2,0,3,2,8,-4,1,Mike Conley,2022-23,32,12.4,11.4,5.0,3.2,7.4,7.5,0.5084000000000001,0.4285,0.49659999999999993,0.37689999999999996,5.2,2.1,39,0
22022,201144,22200750,2023-01-28,UTA vs. DAL,W,34,2,8,0.25,0,4,0.0,0,0,0.0,2,3,5,11,4,0,3,3,4,16,1,Mike Conley,2022-23,34,10.4,10.9,4.4,3.3,8.4,7.5,0.43339999999999995,0.42350000000000004,0.39659999999999995,0.3569,6.6,1.9,40,1
22022,201144,22200776,2023-02-01,UTA vs. TOR,W,31,5,8,0.625,0,3,0.0,9,9,1.0,0,3,3,8,0,2,3,2,19,1,1,Mike Conley,2022-23,31,10.8,11.9,4.2,3.4,8.2,7.6,0.4084,0.4527,0.22999999999999998,0.2969,4.4,4.6,41,1
22022,201144,22200792,2023-02-03,UTA vs. ATL,L,30,7,9,0.778,2,4,0.5,4,6,0.667,0,2,2,8,1,0,5,3,20,-7,1,Mike Conley,2022-23,30,13.0,13.2,3.6,3.6,8.0,7.6,0.514,0.4972,0.27999999999999997,0.3469,5.0,4.3,42,0
22022,201144,22200813,2023-02-06,UTA vs. DAL,L,31,4,8,0.5,1,4,0.25,1,1,1.0,0,1,1,11,0,0,2,1,10,-10,1,Mike Conley,2022-23,31,12.2,12.9,3.2,3.7,9.6,8.3,0.5306000000000001,0.5028,0.22999999999999998,0.3519,-0.8,2.5,43,0
22022,201144,22200841,2023-02-10,MIN @ MEM,L,26,3,7,0.429,1,4,0.25,2,2,1.0,0,1,1,3,2,0,3,1,9,-11,1,Mike Conley,2022-23,26,12.4,12.4,2.4,3.7,8.2,7.8,0.5164000000000001,0.5124,0.19999999999999998,0.34829999999999994,-2.2,1.5,44,0
22022,201144,22200865,2023-02-13,MIN @ DAL,W,32,4,8,0.5,3,6,0.5,1,2,0.5,1,2,3,9,1,0,2,4,12,6,1,Mike Conley,2022-23,32,14.0,12.2,2.0,3.2,7.8,8.1,0.5664,0.49989999999999996,0.3,0.34829999999999994,-4.2,1.2,45,1
22022,201144,22200884,2023-02-16,MIN vs. WAS,L,33,0,6,0.0,0,3,0.0,0,0,0.0,1,1,2,6,2,0,0,0,0,-3,1,Mike Conley,2022-23,33,10.2,10.5,1.8,3.0,7.4,7.8,0.44139999999999996,0.42489999999999994,0.3,0.265,-5.0,-0.3,46,0
22022,201144,22200898,2023-02-24,MIN vs. CHA,L,31,6,13,0.462,2,7,0.286,1,1,1.0,0,2,2,3,0,0,1,2,15,-5,1,Mike Conley,2022-23,31,9.2,11.1,1.8,2.7,6.4,7.2,0.3782,0.44610000000000005,0.2572,0.2686,-4.6,0.2,47,0
22022,201144,22200916,2023-02-26,MIN @ GSW,L,34,3,7,0.429,3,5,0.6,0,0,0.0,1,2,3,7,1,1,1,2,9,-2,1,Mike Conley,2022-23,34,9.0,10.6,2.2,2.7,5.6,7.6,0.364,0.4473,0.3272,0.2786,-3.0,-1.9,48,0
22022,201144,22200932,2023-02-28,MIN @ LAC,W,29,2,8,0.25,2,5,0.4,0,0,0.0,1,4,5,7,3,0,1,0,6,3,1,Mike Conley,2022-23,29,8.4,10.4,3.0,2.7,6.4,7.3,0.3282,0.4223,0.3572,0.2786,-0.2,-1.2,49,1
22022,201144,22200955,2023-03-03,MIN @ LAL,W,31,6,11,0.545,2,6,0.333,0,0,0.0,0,6,6,3,0,0,1,2,14,-3,1,Mike Conley,2022-23,31,8.8,11.4,3.6,2.8,5.2,6.5,0.3372,0.4518,0.3238,0.3119,-2.0,-3.1,50,1
22022,201144,22200961,2023-03-04,MIN @ SAC,W,30,7,12,0.583,4,8,0.5,6,6,1.0,0,3,3,3,0,0,0,0,24,17,1,Mike Conley,2022-23,30,13.6,11.9,3.8,2.8,4.6,6.0,0.45380000000000004,0.4476,0.42379999999999995,0.3619,2.0,-1.5,51,1
22022,201144,22200980,2023-03-07,MIN vs. PHI,L,24,1,6,0.167,1,3,0.333,3,3,1.0,0,0,0,3,2,0,2,0,6,-14,1,Mike Conley,2022-23,24,11.8,10.5,3.4,2.6,4.6,5.5,0.3948,0.3865,0.4332,0.3452,0.2,-2.2,52,0
22022,201144,22201001,2023-03-10,MIN vs. BKN,L,41,3,13,0.231,1,6,0.167,4,5,0.8,4,2,6,7,2,1,2,0,11,7,1,Mike Conley,2022-23,41,12.2,10.6,4.0,3.1,4.6,5.1,0.35519999999999996,0.35960000000000003,0.3466,0.33690000000000003,2.0,-0.5,53,0
22022,201144,22201021,2023-03-13,MIN @ ATL,W,28,9,13,0.692,3,5,0.6,0,1,0.0,0,1,1,6,1,0,1,4,21,19,1,Mike Conley,2022-23,28,15.2,11.8,3.2,3.1,4.4,5.4,0.4436,0.3859,0.38660000000000005,0.3719,5.2,2.5,54,1
22022,201144,22201039,2023-03-15,MIN vs. BOS,L,30,2,7,0.286,2,6,0.333,1,1,1.0,2,3,5,2,0,0,1,2,7,-1,1,Mike Conley,2022-23,30,13.8,11.3,3.0,3.3,4.2,4.7,0.3918,0.3645,0.3866,0.3552,5.6,1.8,55,0
22022,201144,22201050,2023-03-17,MIN @ CHI,L,46,9,14,0.643,8,12,0.667,2,2,1.0,0,5,5,6,3,0,1,1,28,-12,1,Mike Conley,2022-23,46,14.6,14.1,3.4,3.6,4.8,4.7,0.40380000000000005,0.4288,0.42000000000000004,0.42190000000000005,-0.2,0.9,56,0
22022,201144,22201058,2023-03-18,MIN @ TOR,L,26,4,8,0.5,0,4,0.0,4,4,1.0,0,2,2,3,1,0,1,2,12,-7,1,Mike Conley,2022-23,26,15.8,13.8,3.8,3.6,4.8,4.7,0.4704,0.43260000000000004,0.35340000000000005,0.39330000000000004,1.2,0.7,57,0
22022,201144,22201073,2023-03-20,MIN @ NYK,W,32,6,11,0.545,3,5,0.6,9,9,1.0,1,3,4,11,2,1,2,1,24,11,1,Mike Conley,2022-23,32,18.4,15.3,3.4,3.7,5.6,5.1,0.5332,0.44420000000000004,0.44000000000000006,0.39330000000000004,2.0,2.0,58,1
22022,201144,22201090,2023-03-22,MIN vs. ATL,W,30,4,11,0.364,2,5,0.4,3,3,1.0,0,3,3,6,0,0,0,1,13,10,1,Mike Conley,2022-23,30,16.8,16.0,3.8,3.5,5.6,5.0,0.4676,0.4556,0.4,0.39330000000000004,0.2,2.7,59,1
22022,201144,22201121,2023-03-26,MIN @ GSW,W,31,4,11,0.364,4,9,0.444,0,2,0.0,1,1,2,2,2,0,2,3,12,-4,1,Mike Conley,2022-23,31,17.8,15.8,3.2,3.1,5.6,4.9,0.48319999999999996,0.4375,0.4222,0.40440000000000004,-0.4,2.6,60,1
22022,201144,22201128,2023-03-27,MIN @ SAC,W,28,6,8,0.75,1,2,0.5,3,4,0.75,0,2,2,3,1,0,0,3,16,8,1,Mike Conley,2022-23,28,15.4,15.0,2.6,3.0,5.0,4.9,0.5046,0.4542,0.3888,0.40440000000000004,3.6,1.7,61,1
22022,201144,22201144,2023-03-29,MIN @ PHX,L,32,3,13,0.231,1,7,0.143,0,0,0.0,3,6,9,4,1,0,1,3,7,-11,1,Mike Conley,2022-23,32,14.4,15.1,4.0,3.9,5.2,5.0,0.4508,0.46060000000000006,0.41740000000000005,0.3854,2.8,2.0,62,0
22022,201144,22201157,2023-03-31,MIN vs. LAL,L,32,7,11,0.636,4,6,0.667,7,8,0.875,0,3,3,7,3,0,2,6,25,5,1,Mike Conley,2022-23,32,14.6,16.5,3.8,3.6,4.4,5.0,0.46900000000000003,0.5010999999999999,0.43079999999999996,0.4354,1.6,1.8,63,0
22022,201144,22201166,2023-04-02,MIN vs. POR,L,35,2,8,0.25,2,6,0.333,5,5,1.0,1,3,4,6,0,0,1,2,11,-3,1,Mike Conley,2022-23,35,14.2,15.5,4.0,3.9,4.4,5.0,0.4462,0.4569,0.41740000000000005,0.40869999999999995,-1.0,-0.4,64,0
22022,201144,22201180,2023-04-04,MIN @ BKN,W,33,6,9,0.667,3,5,0.6,3,4,0.75,0,1,1,1,1,1,1,1,18,2,1,Mike Conley,2022-23,33,15.4,16.6,3.8,3.5,4.2,4.9,0.5068,0.495,0.44860000000000005,0.4354,0.2,-0.1,65,1
22022,201144,22201214,2023-04-08,MIN @ SAS,W,24,6,9,0.667,5,7,0.714,3,4,0.75,0,1,1,5,0,0,2,2,20,15,1,Mike Conley,2022-23,24,16.2,15.8,3.6,3.1,4.6,4.8,0.4902,0.4974,0.49139999999999995,0.4401,1.6,2.6,66,1
22022,201144,22201225,2023-04-09,MIN vs. NOP,W,34,5,11,0.455,1,6,0.167,6,7,0.857,0,2,2,7,1,0,1,3,17,5,1,Mike Conley,2022-23,34,18.2,16.3,2.2,3.1,5.2,5.2,0.5349999999999999,0.4929,0.4962000000000001,0.4568,4.8,3.8,67,1
22023,201144,22300069,2023-10-25,MIN @ TOR,L,31,4,9,0.444,1,4,0.25,2,2,1.0,1,3,4,3,1,1,1,1,11,-6,1,Mike Conley,2023-24,31,15.4,15.0,2.4,3.1,4.4,4.4,0.49660000000000004,0.4828,0.4128,0.4218,2.6,2.1,1,0
22023,201144,22300093,2023-10-28,MIN vs. MIA,W,29,6,10,0.6,2,6,0.333,0,0,0.0,2,2,4,5,1,0,0,1,14,21,1,Mike Conley,2023-24,29,16.0,15.1,2.4,3.2,4.2,4.3,0.5666,0.5064,0.4128,0.41509999999999997,7.4,3.2,2,1
22023,201144,22300104,2023-10-30,MIN @ ATL,L,28,2,9,0.222,2,6,0.333,0,0,0.0,1,1,2,3,0,0,0,3,6,-12,1,Mike Conley,2023-24,28,13.6,14.5,2.6,3.2,4.6,4.4,0.47759999999999997,0.4922000000000001,0.3594,0.404,4.6,2.4,3,0
22023,201144,22300123,2023-11-01,MIN vs. DEN,W,27,7,9,0.778,3,4,0.75,0,0,0.0,0,3,3,6,1,0,0,1,17,19,1,Mike Conley,2023-24,27,13.0,14.6,3.0,3.3,4.8,4.7,0.4998,0.495,0.3666,0.429,5.4,3.5,4,1
22023,201144,22300138,2023-11-04,MIN vs. UTA,W,28,3,9,0.333,1,4,0.25,0,0,0.0,0,3,3,6,1,0,0,4,7,23,1,Mike Conley,2023-24,28,11.0,14.6,3.2,2.7,4.6,4.9,0.47540000000000004,0.5052,0.3832,0.43970000000000004,9.0,6.9,5,1
22023,201144,22300154,2023-11-06,MIN vs. BOS,W,36,3,5,0.6,2,3,0.667,0,0,0.0,0,2,2,3,2,0,0,1,8,-18,1,Mike Conley,2023-24,36,10.4,12.9,2.8,2.6,4.6,4.5,0.5066,0.5016,0.4666,0.43970000000000004,6.6,4.6,6,1
22023,201144,22300166,2023-11-08,MIN vs. NOP,W,21,4,5,0.8,4,5,0.8,0,0,0.0,0,4,4,4,1,0,0,2,12,16,1,Mike Conley,2023-24,21,10.0,13.0,2.8,2.6,4.4,4.3,0.5466,0.5566000000000001,0.5599999999999999,0.4864,5.6,6.5,7,1
22023,201144,22300013,2023-11-10,MIN @ SAS,W,31,3,7,0.429,1,3,0.333,4,4,1.0,2,1,3,6,0,0,4,3,11,4,1,Mike Conley,2023-24,31,11.0,12.3,3.0,2.8,5.0,4.8,0.588,0.5327999999999999,0.56,0.45970000000000005,8.8,6.7,8,1
22023,201144,22300186,2023-11-12,MIN @ GSW,W,31,3,7,0.429,1,5,0.2,1,1,1.0,1,4,5,9,0,0,1,4,8,6,1,Mike Conley,2023-24,31,9.2,11.1,3.4,3.2,5.6,5.2,0.5182,0.509,0.45,0.4083,6.2,5.8,9,1
22023,201144,22300025,2023-11-14,MIN @ GSW,W,31,4,6,0.667,3,4,0.75,2,2,1.0,0,2,2,8,2,0,1,1,13,12,1,Mike Conley,2023-24,31,10.4,10.7,3.2,3.2,6.0,5.3,0.585,0.5302,0.55,0.4666,4.0,6.5,10,1
22023,201144,22300197,2023-11-15,MIN @ PHX,L,22,5,8,0.625,1,3,0.333,3,3,1.0,1,1,2,3,0,0,0,0,14,-16,1,Mike Conley,2023-24,22,11.6,11.0,3.2,3.0,6.0,5.3,0.5900000000000001,0.5483,0.4832000000000001,0.47490000000000004,4.4,5.5,11,0
22023,201144,22300203,2023-11-18,MIN @ NOP,W,30,2,8,0.25,1,5,0.2,0,0,0.0,0,3,3,5,1,0,3,1,5,-5,1,Mike Conley,2023-24,30,10.2,10.1,3.0,2.9,6.2,5.3,0.48,0.5133,0.3632,0.46159999999999995,0.2,2.9,12,1
22023,201144,22300221,2023-11-20,MIN vs. NYK,W,28,3,9,0.333,3,8,0.375,2,2,1.0,0,1,1,5,0,1,0,3,11,20,1,Mike Conley,2023-24,28,10.2,10.6,2.6,2.8,6.0,5.5,0.4608,0.5244,0.37160000000000004,0.46579999999999994,3.4,6.1,13,1
22023,201144,22300232,2023-11-22,MIN vs. PHI,W,23,2,5,0.4,1,2,0.5,0,0,0.0,0,0,0,8,3,0,1,1,5,6,1,Mike Conley,2023-24,23,9.6,9.4,1.6,2.5,5.8,5.7,0.45500000000000007,0.48660000000000003,0.4316,0.4408,3.4,4.8,14,1
22023,201144,22300050,2023-11-24,MIN vs. SAC,L,30,2,7,0.286,2,3,0.667,0,0,0.0,1,2,3,9,1,0,1,1,6,-10,1,Mike Conley,2023-24,30,8.2,9.3,1.8,2.5,6.0,6.0,0.37879999999999997,0.4819,0.41500000000000004,0.48250000000000004,-1.0,1.5,15,0
22023,201144,22300249,2023-11-26,MIN @ MEM,W,32,6,11,0.545,6,9,0.667,0,0,0.0,0,4,4,10,1,0,2,1,18,8,1,Mike Conley,2023-24,32,9.0,10.3,2.2,2.7,7.4,6.7,0.3628,0.47639999999999993,0.48179999999999995,0.48250000000000004,3.8,4.1,16,1
22023,201144,22300058,2023-11-28,MIN vs. OKC,W,37,3,14,0.214,3,10,0.3,0,0,0.0,0,2,2,8,1,0,0,2,9,17,1,Mike Conley,2023-24,37,9.8,10.0,2.0,2.5,8.0,7.1,0.3556,0.4178,0.5018,0.4325000000000001,8.2,4.2,17,1
22023,201144,22300270,2023-11-30,MIN vs. UTA,W,29,2,6,0.333,2,6,0.333,2,2,1.0,0,3,3,7,2,0,2,3,8,4,1,Mike Conley,2023-24,29,9.2,9.7,2.4,2.5,8.4,7.2,0.3556,0.4082,0.4934000000000001,0.4325,5.0,4.2,18,1
22023,201144,22300281,2023-12-02,MIN @ CHA,W,34,3,9,0.333,1,7,0.143,7,8,0.875,0,5,5,10,0,0,1,2,14,10,1,Mike Conley,2023-24,34,11.0,10.3,3.4,2.5,8.8,7.3,0.3422,0.3986,0.422,0.42679999999999996,5.8,4.6,19,1
22023,201144,22301210,2023-12-06,MIN vs. SAS,W,33,5,13,0.385,4,10,0.4,4,4,1.0,0,4,4,4,3,0,1,3,18,9,1,Mike Conley,2023-24,33,13.4,10.8,3.6,2.7,7.8,6.9,0.362,0.3704,0.3686,0.39180000000000004,9.6,4.3,20,1
22023,201144,22301221,2023-12-08,MIN @ MEM,W,32,6,11,0.545,2,3,0.667,5,5,1.0,0,4,4,7,0,0,2,1,19,25,1,Mike Conley,2023-24,32,13.6,11.3,3.6,2.9,7.2,7.3,0.36200000000000004,0.3624,0.3686,0.4252000000000001,13.0,8.4,21,1
22023,201144,22300301,2023-12-11,MIN @ NOP,L,27,6,11,0.545,4,7,0.571,1,2,0.5,1,4,5,7,0,0,3,1,17,-19,1,Mike Conley,2023-24,27,15.2,12.5,4.2,3.1,7.0,7.5,0.4282,0.3919,0.42279999999999995,0.46230000000000004,5.8,7.0,22,0
22023,201144,22300321,2023-12-14,MIN @ DAL,W,29,5,9,0.556,2,4,0.5,2,2,1.0,0,2,2,3,1,0,1,2,14,7,1,Mike Conley,2023-24,29,16.4,12.8,4.0,3.2,6.2,7.3,0.47280000000000005,0.4142,0.45620000000000005,0.4748,6.4,5.7,23,1
22023,201144,22300338,2023-12-16,MIN vs. IND,W,24,2,5,0.4,1,3,0.333,0,0,0.0,0,2,2,9,1,0,0,0,5,21,1,Mike Conley,2023-24,24,14.6,12.8,3.4,3.4,6.0,7.4,0.4862,0.4142,0.49420000000000003,0.45810000000000006,8.6,7.2,24,1
22023,201144,22300353,2023-12-18,MIN @ MIA,W,33,4,5,0.8,4,5,0.8,2,2,1.0,0,1,1,6,1,0,4,1,14,4,1,Mike Conley,2023-24,33,13.8,13.6,2.8,3.2,6.4,7.1,0.5692,0.46560000000000007,0.5742,0.47140000000000004,7.6,8.6,25,1
22023,201144,22300367,2023-12-20,MIN @ PHI,L,26,3,7,0.429,1,4,0.25,2,2,1.0,0,0,0,4,0,0,2,1,9,1,1,Mike Conley,2023-24,26,11.8,12.7,2.0,2.8,5.8,6.5,0.546,0.45400000000000007,0.4908,0.4297000000000001,2.8,7.9,26,0
22023,201144,22300380,2023-12-21,MIN vs. LAL,W,30,6,9,0.667,4,6,0.667,0,0,0.0,0,1,1,8,2,1,1,1,16,3,1,Mike Conley,2023-24,30,11.6,13.4,1.2,2.7,6.0,6.5,0.5704,0.4993,0.51,0.4664,7.2,6.5,27,1
22023,201144,22300400,2023-12-23,MIN @ SAC,W,32,4,10,0.4,3,7,0.429,1,1,1.0,0,7,7,9,2,0,2,1,12,28,1,Mike Conley,2023-24,32,11.2,13.8,2.2,3.1,7.2,6.7,0.5392,0.506,0.4958,0.476,11.4,8.9,28,1
22023,201144,22300411,2023-12-26,MIN @ OKC,L,25,6,10,0.6,5,7,0.714,0,0,0.0,0,2,2,4,2,0,0,0,17,-10,1,Mike Conley,2023-24,25,13.6,14.1,2.2,2.8,6.2,6.1,0.5791999999999999,0.5327,0.5720000000000001,0.5331,5.2,6.9,29,0
22023,201144,22300423,2023-12-28,MIN vs. DAL,W,28,3,7,0.429,2,4,0.5,2,2,1.0,1,1,2,6,0,1,1,5,10,15,1,Mike Conley,2023-24,28,12.8,13.3,2.4,2.6,6.2,6.3,0.5050000000000001,0.5371,0.512,0.5431,7.4,7.5,30,1
22023,201144,22300443,2023-12-30,MIN vs. LAL,W,33,4,11,0.364,4,9,0.444,3,4,0.75,1,3,4,7,1,0,1,2,15,3,1,Mike Conley,2023-24,33,14.0,12.9,3.2,2.6,6.8,6.3,0.492,0.519,0.5508,0.5208,7.8,5.3,31,1
22023,201144,22300451,2024-01-01,MIN @ NYK,L,29,2,6,0.333,0,1,0.0,1,1,1.0,0,2,2,5,1,1,0,1,5,-11,1,Mike Conley,2023-24,29,11.8,11.7,3.4,2.3,6.2,6.1,0.42519999999999997,0.4978000000000001,0.41739999999999994,0.46370000000000006,5.0,6.1,32,0
22023,201144,22300471,2024-01-03,MIN vs. NOP,L,26,3,5,0.6,1,3,0.333,0,0,0.0,0,0,0,9,1,0,0,1,7,-14,1,Mike Conley,2023-24,26,10.8,11.0,2.0,2.1,6.2,6.7,0.4652,0.5022,0.3982,0.44700000000000006,-3.4,4.0,33,0
22023,201144,22300485,2024-01-05,MIN @ HOU,W,25,3,8,0.375,2,5,0.4,0,0,0.0,0,2,2,5,0,0,0,3,8,13,1,Mike Conley,2023-24,25,9.0,11.3,2.0,2.1,6.4,6.3,0.4202,0.4997,0.33540000000000003,0.4537,1.2,3.2,34,1
22023,201144,22300501,2024-01-07,MIN @ DAL,L,32,3,7,0.429,3,6,0.5,0,0,0.0,0,1,1,7,0,0,2,1,9,-1,1,Mike Conley,2023-24,32,8.8,10.8,1.8,2.1,6.6,6.4,0.4202,0.4626,0.33540000000000003,0.4237,-2.0,2.7,35,0
22023,201144,22300513,2024-01-09,MIN @ ORL,W,31,3,8,0.375,3,6,0.5,2,2,1.0,0,3,3,10,2,0,1,3,11,23,1,Mike Conley,2023-24,31,8.0,11.0,1.6,2.4,7.2,7.0,0.4224,0.4572,0.3466,0.4487,2.0,4.9,36,1
22023,201144,22300538,2024-01-12,MIN vs. POR,W,20,3,7,0.429,3,5,0.6,0,0,0.0,0,4,4,10,0,0,0,1,9,34,1,Mike Conley,2023-24,20,8.8,10.3,2.0,2.7,8.2,7.2,0.44159999999999994,0.43339999999999995,0.4666,0.442,11.0,8.0,37,1
22023,201144,22300553,2024-01-14,MIN vs. LAC,W,32,2,7,0.286,2,6,0.333,0,0,0.0,1,1,2,5,1,0,2,2,6,-4,1,Mike Conley,2023-24,32,8.6,9.7,2.4,2.2,7.4,6.8,0.37879999999999997,0.422,0.46659999999999996,0.4324,13.0,4.8,38,1
22023,201144,22300569,2024-01-17,MIN @ DET,W,29,3,8,0.375,2,6,0.333,0,1,0.0,0,3,3,7,1,1,1,0,8,20,1,Mike Conley,2023-24,29,8.6,8.8,2.6,2.3,7.8,7.1,0.37879999999999997,0.3995,0.4532,0.3943,14.4,7.8,39,1
22023,201144,22300582,2024-01-18,MIN vs. MEM,W,30,7,11,0.636,3,6,0.5,0,0,0.0,2,2,4,10,2,0,0,1,17,11,1,Mike Conley,2023-24,30,10.2,9.5,3.2,2.5,8.4,7.5,0.4202,0.4202,0.4532,0.3943,16.8,7.4,40,1
22023,201144,22300599,2024-01-20,MIN vs. OKC,L,29,1,11,0.091,1,9,0.111,0,0,0.0,0,3,3,4,0,1,3,3,3,-22,1,Mike Conley,2023-24,29,8.6,8.3,3.2,2.4,7.2,7.2,0.3634,0.39289999999999997,0.3754,0.361,7.8,4.9,41,0
22023,201144,22300629,2024-01-25,MIN @ BKN,W,33,3,6,0.5,2,4,0.5,2,2,1.0,0,2,2,4,2,1,1,1,10,1,1,Mike Conley,2023-24,33,8.8,8.8,2.8,2.4,6.0,7.1,0.3776,0.4096,0.35540000000000005,0.4109999999999999,1.2,6.1,42,1
22023,201144,22300680,2024-01-31,MIN vs. DAL,W,25,4,6,0.667,2,3,0.667,0,0,0.0,0,4,4,3,1,1,1,2,10,25,1,Mike Conley,2023-24,25,9.6,9.1,3.2,2.8,5.6,6.5,0.45380000000000004,0.4163,0.42219999999999996,0.4444,7.0,10.0,43,1
22023,201144,22300694,2024-02-02,MIN vs. ORL,L,28,1,9,0.111,1,6,0.167,1,1,1.0,0,5,5,9,3,0,1,3,4,-13,1,Mike Conley,2023-24,28,8.8,8.7,3.6,3.1,6.0,6.9,0.4010000000000001,0.3899,0.389,0.4210999999999999,0.4,7.4,44,0
22023,201144,22300709,2024-02-04,MIN vs. HOU,W,24,2,6,0.333,1,2,0.5,3,4,0.75,0,3,3,9,1,0,2,2,8,17,1,Mike Conley,2023-24,24,7.0,8.6,3.4,3.3,5.8,7.1,0.3404,0.3803,0.389,0.42110000000000003,1.6,9.2,45,1
22023,201144,22300723,2024-02-06,MIN @ CHI,L,36,3,7,0.429,3,7,0.429,0,0,0.0,0,0,0,8,0,0,0,2,9,-9,1,Mike Conley,2023-24,36,8.2,8.4,2.8,3.0,6.6,6.9,0.40800000000000003,0.38570000000000004,0.4526,0.414,4.2,6.0,46,0
22023,201144,22300738,2024-02-08,MIN @ MIL,W,31,6,8,0.75,6,7,0.857,0,0,0.0,0,5,5,9,0,0,1,2,18,6,1,Mike Conley,2023-24,31,9.8,9.3,3.4,3.1,7.6,6.8,0.458,0.4178,0.524,0.43970000000000004,5.2,3.2,47,1
22023,201144,22300770,2024-02-12,MIN @ LAC,W,24,2,5,0.4,1,3,0.333,0,0,0.0,1,3,4,7,2,0,1,1,5,10,1,Mike Conley,2023-24,24,8.8,9.2,3.4,3.3,8.4,7.0,0.4046,0.42919999999999997,0.4572,0.43970000000000004,2.2,4.6,48,1
22023,201144,22300775,2024-02-13,MIN @ POR,W,26,2,7,0.286,1,5,0.2,2,2,1.0,1,3,4,6,2,3,2,2,7,6,1,Mike Conley,2023-24,26,9.4,9.1,3.2,3.4,7.8,6.9,0.4396,0.4203,0.4638000000000001,0.4264,6.0,3.2,49,1
22023,201144,22300791,2024-02-15,MIN @ POR,W,22,3,6,0.5,2,4,0.5,4,4,1.0,2,2,4,3,1,0,0,1,12,6,1,Mike Conley,2023-24,22,10.2,8.6,3.4,3.4,6.6,6.2,0.47300000000000003,0.4067,0.4638,0.4264,3.8,2.7,50,1
22023,201144,22300808,2024-02-23,MIN vs. MIL,L,28,4,8,0.5,1,2,0.5,0,0,0.0,2,0,2,2,2,0,3,0,9,0,1,Mike Conley,2023-24,28,10.2,9.2,3.8,3.3,5.4,6.0,0.48719999999999997,0.4476,0.47800000000000004,0.46530000000000005,5.6,4.9,51,0
22023,201144,22300815,2024-02-24,MIN vs. BKN,W,30,5,10,0.5,4,8,0.5,0,0,0.0,0,3,3,3,1,0,1,1,14,4,1,Mike Conley,2023-24,30,9.4,9.6,3.4,3.4,4.2,5.9,0.4372,0.4476,0.40659999999999996,0.46530000000000005,5.2,5.2,52,1
22023,201144,22300838,2024-02-27,MIN vs. SAS,W,20,6,10,0.6,4,6,0.667,0,0,0.0,0,0,0,1,1,0,0,1,16,9,1,Mike Conley,2023-24,20,11.6,10.2,2.6,3.0,3.0,5.7,0.4772,0.44089999999999996,0.4734,0.46530000000000005,5.0,3.6,53,1
22023,201144,22300845,2024-02-28,MIN vs. MEM,W,28,1,4,0.25,1,4,0.25,1,2,0.5,1,4,5,7,0,0,2,1,4,-8,1,Mike Conley,2023-24,28,11.0,10.2,2.8,3.0,3.2,5.5,0.47000000000000003,0.4547999999999999,0.48339999999999994,0.4736000000000001,2.2,4.1,54,1
22023,201144,22300862,2024-03-01,MIN vs. SAC,L,36,4,8,0.5,1,3,0.333,5,6,0.833,0,3,3,8,2,0,3,3,14,-22,1,Mike Conley,2023-24,36,11.4,10.8,2.6,3.0,4.2,5.4,0.47000000000000003,0.4715,0.45,0.4569000000000001,-3.4,0.2,55,0
22023,201144,22300873,2024-03-03,MIN vs. LAC,L,28,0,4,0.0,0,3,0.0,0,0,0.0,1,6,7,5,0,0,3,2,0,8,1,Mike Conley,2023-24,28,9.6,9.9,3.6,3.7,4.8,5.1,0.37,0.4286,0.35,0.41400000000000003,-1.8,1.9,56,0
22023,201144,22300881,2024-03-04,MIN vs. POR,W,29,6,13,0.462,2,6,0.333,5,5,1.0,2,0,2,7,3,0,2,1,19,-3,1,Mike Conley,2023-24,29,10.6,10.0,3.4,3.4,5.6,4.9,0.3624,0.3998,0.3166,0.36160000000000003,-3.2,1.0,57,1
22023,201144,22300903,2024-03-07,MIN @ IND,W,30,2,9,0.222,1,6,0.167,0,0,0.0,1,4,5,4,2,0,2,1,5,0,1,Mike Conley,2023-24,30,8.4,10.0,4.4,3.5,6.2,4.6,0.28680000000000005,0.382,0.2166,0.345,-5.0,0.0,58,1
22023,201144,22300911,2024-03-08,MIN @ CLE,L,32,4,11,0.364,0,5,0.0,1,1,1.0,1,2,3,5,0,0,1,1,9,-10,1,Mike Conley,2023-24,32,9.4,10.2,4.0,3.4,5.8,4.5,0.3096,0.38980000000000004,0.16660000000000003,0.325,-5.4,-1.6,59,0
22023,201144,22300932,2024-03-10,MIN @ LAL,L,29,3,6,0.5,1,3,0.333,2,2,1.0,0,3,3,6,1,0,0,3,9,-24,1,Mike Conley,2023-24,29,8.4,9.9,4.0,3.3,5.4,4.8,0.3096,0.38980000000000004,0.1666,0.3083,-5.8,-4.6,60,0
22023,201144,22300944,2024-03-12,MIN @ LAC,W,27,9,15,0.6,5,8,0.625,0,0,0.0,2,1,3,3,1,0,1,0,23,4,1,Mike Conley,2023-24,27,13.0,11.3,3.2,3.4,5.0,4.9,0.42960000000000004,0.39980000000000004,0.29159999999999997,0.32080000000000003,-6.6,-4.2,61,1
22023,201144,22300974,2024-03-16,MIN @ UTA,W,30,8,12,0.667,5,8,0.625,4,5,0.8,1,1,2,2,0,0,0,1,25,4,1,Mike Conley,2023-24,30,14.2,12.4,3.2,3.3,4.0,4.8,0.47059999999999996,0.4165,0.35,0.33330000000000004,-5.2,-4.2,62,1
22023,201144,22300987,2024-03-18,MIN @ UTA,W,27,2,8,0.25,0,5,0.0,0,0,0.0,0,1,1,2,2,1,1,2,4,15,1,Mike Conley,2023-24,27,14.0,11.2,2.4,3.4,3.6,4.9,0.47620000000000007,0.3815,0.3166,0.2666,-2.2,-3.6,63,1
22023,201144,22300995,2024-03-19,MIN vs. DEN,L,29,3,7,0.429,1,4,0.25,6,6,1.0,2,4,6,5,1,0,2,5,13,10,1,Mike Conley,2023-24,29,14.8,12.1,3.0,3.5,3.6,4.7,0.4892,0.3994,0.3666,0.2666,1.8,-1.8,64,0
22023,201144,22301014,2024-03-22,MIN vs. CLE,W,32,8,15,0.533,3,6,0.5,2,3,0.667,0,2,2,6,1,1,0,1,21,6,1,Mike Conley,2023-24,32,17.2,12.8,2.8,3.4,3.6,4.5,0.4958,0.4027,0.4,0.2833,7.8,1.0,65,1
22023,201144,22301031,2024-03-24,MIN vs. GSW,W,30,5,12,0.417,3,7,0.429,1,2,0.5,0,1,1,7,4,0,2,2,14,3,1,Mike Conley,2023-24,30,15.4,14.2,2.4,2.8,4.4,4.7,0.45919999999999994,0.4444,0.3608,0.3262,7.6,0.5,66,1
22023,201144,22301056,2024-03-27,MIN vs. DET,W,25,3,8,0.375,1,5,0.2,2,2,1.0,0,0,0,7,2,1,2,2,9,5,1,Mike Conley,2023-24,25,12.2,13.2,2.0,2.6,5.4,4.7,0.4008,0.43570000000000003,0.2758,0.3129,7.8,1.3,67,1
22023,201144,22301071,2024-03-29,MIN @ DEN,W,32,8,12,0.667,5,6,0.833,2,2,1.0,0,3,3,8,0,0,2,3,23,6,1,Mike Conley,2023-24,32,16.0,15.0,2.4,2.4,6.6,5.1,0.4842000000000001,0.48019999999999996,0.44239999999999996,0.3795,6.0,1.9,68,1
22023,201144,22301084,2024-03-31,MIN vs. CHI,L,29,7,11,0.636,5,9,0.556,0,0,0.0,0,1,1,7,4,0,1,2,19,-6,1,Mike Conley,2023-24,29,17.2,16.0,1.4,2.2,7.0,5.3,0.5256000000000001,0.5074,0.5035999999999999,0.4351,2.8,2.3,69,0
22023,201144,22301098,2024-04-02,MIN vs. HOU,W,30,4,7,0.571,3,4,0.75,3,3,1.0,0,2,2,6,3,0,4,2,14,5,1,Mike Conley,2023-24,30,15.8,16.5,1.4,2.1,7.0,5.3,0.5332,0.5145,0.5536,0.4768,2.6,5.2,70,1
22023,201144,22301125,2024-04-05,MIN @ PHX,L,25,1,6,0.167,1,3,0.333,2,2,1.0,0,0,0,3,0,0,3,1,5,-27,1,Mike Conley,2023-24,25,14.0,14.7,1.2,1.8,6.2,5.3,0.4832000000000001,0.47120000000000006,0.5344,0.4476,-3.4,2.1,71,0
22023,201144,22301143,2024-04-07,MIN @ LAL,W,26,2,8,0.25,1,5,0.2,2,2,1.0,1,3,4,6,2,0,4,3,7,14,1,Mike Conley,2023-24,26,13.6,12.9,2.0,2.0,6.0,5.7,0.45820000000000005,0.4295,0.5344,0.4051,-1.6,3.1,72,1
22023,201144,22301152,2024-04-09,MIN vs. WAS,W,28,5,11,0.455,5,9,0.556,0,0,0.0,1,1,2,3,1,0,2,1,15,14,1,Mike Conley,2023-24,28,12.0,14.0,1.8,2.1,5.0,5.8,0.41579999999999995,0.45,0.479,0.4607,0.0,3.0,73,1
22023,201144,22301164,2024-04-10,MIN @ DEN,L,30,7,12,0.583,5,9,0.556,0,0,0.0,1,3,4,2,1,0,3,0,19,-10,1,Mike Conley,2023-24,30,12.0,14.6,2.4,1.9,4.0,5.5,0.40519999999999995,0.4654,0.479,0.4913,-0.8,1.0,74,0
22023,201144,22301178,2024-04-12,MIN vs. ATL,W,31,5,11,0.455,2,6,0.333,1,1,1.0,1,5,6,10,2,0,2,3,13,6,1,Mike Conley,2023-24,31,11.8,13.8,3.2,2.3,4.8,5.9,0.382,0.45759999999999995,0.39560000000000006,0.4746,-0.6,1.0,75,1
22023,201144,22301194,2024-04-14,MIN vs. PHX,L,27,5,7,0.714,4,5,0.8,3,3,1.0,1,3,4,2,1,2,3,1,17,-14,1,Mike Conley,2023-24,27,14.2,14.1,4.0,2.6,4.6,5.4,0.49139999999999995,0.4873,0.48900000000000005,0.5117,2.0,-0.7,76,0
22024,201144,22400062,2024-10-22,MIN @ LAL,L,20,1,7,0.143,0,5,0.0,3,3,1.0,2,2,4,2,1,0,3,1,5,-22,1,Mike Conley,2024-25,20,13.8,13.7,4.0,3.0,3.8,4.9,0.47000000000000003,0.4641,0.449,0.49169999999999997,-5.2,-3.4,1,0
22024,201144,22400076,2024-10-24,MIN @ SAC,W,27,2,9,0.222,2,7,0.286,0,0,0.0,1,1,2,4,0,1,0,2,6,-6,1,Mike Conley,2024-25,27,12.0,12.0,4.0,2.9,4.0,4.5,0.4234,0.4196,0.395,0.437,-9.2,-4.6,2,1
22024,201144,22400093,2024-10-26,MIN vs. TOR,W,26,2,9,0.222,2,6,0.333,4,4,1.0,1,2,3,6,4,1,1,1,10,17,1,Mike Conley,2024-25,26,10.2,11.1,3.8,3.1,4.8,4.4,0.3512,0.3782,0.3504,0.4147,-3.8,-2.3,3,1
22024,201144,22400114,2024-10-29,MIN vs. DAL,L,22,2,6,0.333,2,4,0.5,3,3,1.0,1,3,4,6,0,0,2,4,9,0,1,Mike Conley,2024-25,22,9.4,10.6,3.4,3.3,4.0,4.4,0.3268,0.3544,0.38380000000000003,0.38970000000000005,-5.0,-2.8,4,0
22024,201144,22400139,2024-11-01,MIN vs. DEN,W,26,2,7,0.286,2,5,0.4,3,4,0.75,0,0,0,5,1,0,1,4,9,10,1,Mike Conley,2024-25,26,7.8,11.0,2.6,3.3,4.6,4.6,0.2412,0.3663,0.3038,0.39640000000000003,-0.2,0.9,5,1
22024,201144,22400146,2024-11-02,MIN @ SAS,L,21,2,4,0.5,1,3,0.333,0,0,0.0,1,2,3,3,3,0,2,2,5,-12,1,Mike Conley,2024-25,21,7.8,10.8,2.4,3.2,4.8,4.3,0.3126,0.39130000000000004,0.3704,0.40970000000000006,1.8,-1.7,6,0
22024,201144,22400162,2024-11-04,MIN vs. CHA,W,23,4,8,0.5,3,5,0.6,0,0,0.0,1,4,5,4,0,1,0,0,11,20,1,Mike Conley,2024-25,23,8.8,10.4,3.0,3.5,4.8,4.4,0.36819999999999997,0.39580000000000004,0.4332,0.4141,7.0,-1.1,7,1
22024,201144,22400181,2024-11-07,MIN @ CHI,W,26,5,9,0.556,3,6,0.5,1,1,1.0,0,2,2,11,0,0,0,2,14,7,1,Mike Conley,2024-25,26,9.6,9.9,2.8,3.3,5.8,5.3,0.43499999999999994,0.3931,0.4666,0.4085,5.0,0.6,8,1
22024,201144,22400193,2024-11-08,MIN vs. POR,W,18,1,7,0.143,0,4,0.0,0,0,0.0,0,1,1,2,1,0,0,2,2,10,1,Mike Conley,2024-25,18,8.2,8.8,2.2,2.8,5.0,4.5,0.39699999999999996,0.3619,0.3666,0.37520000000000003,7.0,1.0,9,1
22024,201144,22400206,2024-11-10,MIN vs. MIA,L,24,2,9,0.222,0,5,0.0,0,0,0.0,1,4,5,3,3,0,4,2,4,-16,1,Mike Conley,2024-25,24,7.2,7.5,3.2,2.9,4.6,4.6,0.3842,0.31270000000000003,0.28659999999999997,0.2952,1.8,0.8,10,0
22024,201144,22400008,2024-11-12,MIN @ POR,L,24,2,5,0.4,2,5,0.4,0,0,0.0,0,4,4,6,2,0,1,1,6,7,1,Mike Conley,2024-25,24,7.4,7.6,3.4,2.9,5.2,5.0,0.3642,0.3384,0.3,0.3352,5.6,3.7,11,0
22024,201144,22400020,2024-11-15,MIN @ SAC,W,37,4,12,0.333,4,9,0.444,2,3,0.667,0,4,4,7,5,0,0,1,14,10,1,Mike Conley,2024-25,37,8.0,8.4,3.2,3.1,5.8,5.3,0.33080000000000004,0.34950000000000003,0.26880000000000004,0.351,3.6,5.3,12,1
22024,201144,22400234,2024-11-17,MIN vs. PHX,W,30,1,2,0.5,1,1,1.0,0,1,0.0,0,4,4,3,2,0,1,0,3,14,1,Mike Conley,2024-25,30,5.8,7.7,3.6,3.2,4.2,5.0,0.3196,0.3773,0.3688,0.41769999999999996,5.0,5.0,13,1
22024,201144,22400294,2024-11-27,MIN vs. SAC,L,32,4,11,0.364,3,8,0.375,5,5,1.0,0,1,1,4,2,0,3,1,16,-11,1,Mike Conley,2024-25,32,8.6,8.4,3.6,2.9,4.6,4.8,0.3638,0.38039999999999996,0.4438000000000001,0.40519999999999995,0.8,3.9,14,0
22024,201144,22400044,2024-11-29,MIN vs. LAC,W,33,3,7,0.429,3,5,0.6,4,4,1.0,0,2,2,3,2,0,3,3,13,7,1,Mike Conley,2024-25,33,10.4,8.8,3.0,3.1,4.6,4.6,0.40519999999999995,0.3947,0.5638,0.42519999999999997,5.4,3.6,15,1
22024,201144,22400318,2024-12-02,MIN vs. LAL,W,22,3,7,0.429,3,6,0.5,0,0,0.0,0,3,3,6,0,0,2,1,9,21,1,Mike Conley,2024-25,22,11.0,9.2,2.8,3.1,4.6,4.9,0.41100000000000003,0.3876,0.5838,0.44190000000000007,8.2,6.9,16,1
22024,201144,22400324,2024-12-04,MIN @ LAC,W,20,5,8,0.625,1,4,0.25,0,0,0.0,0,3,3,2,0,0,1,1,11,13,1,Mike Conley,2024-25,20,10.4,9.2,2.6,2.9,3.6,4.7,0.4694,0.40009999999999996,0.545,0.4069,8.8,6.2,17,1
22024,201144,22400338,2024-12-06,MIN @ GSW,W,27,5,12,0.417,3,9,0.333,0,0,0.0,0,4,4,4,3,1,3,2,13,12,1,Mike Conley,2024-25,27,12.4,9.1,2.6,3.1,3.8,4.0,0.4528,0.3862,0.41159999999999997,0.3902,8.4,6.7,18,1
22024,201144,22400355,2024-12-08,MIN @ GSW,L,25,3,7,0.429,3,6,0.5,3,3,1.0,1,1,2,3,1,0,0,2,12,-9,1,Mike Conley,2024-25,25,11.6,10.1,2.8,3.2,3.6,4.1,0.46580000000000005,0.41479999999999995,0.4366,0.44020000000000004,8.8,4.8,19,0
22024,201144,22401210,2024-12-13,MIN vs. LAL,W,29,0,6,0.0,0,4,0.0,2,2,1.0,0,4,4,7,0,0,0,0,2,12,1,Mike Conley,2024-25,29,9.4,9.9,3.2,3.1,4.4,4.5,0.38,0.3926,0.3166,0.44020000000000004,9.8,7.6,20,1
22024,201144,22401218,2024-12-15,MIN @ SAS,W,28,3,9,0.333,3,5,0.6,0,0,0.0,3,2,5,8,1,1,3,2,9,4,1,Mike Conley,2024-25,28,9.4,10.2,3.6,3.2,4.8,4.7,0.3608,0.3859,0.33660000000000007,0.46019999999999994,6.4,7.3,21,1
22024,201144,22400367,2024-12-19,MIN vs. NYK,L,18,1,5,0.2,1,3,0.333,0,0,0.0,0,0,0,2,1,1,0,1,3,-19,1,Mike Conley,2024-25,18,7.8,9.1,3.0,2.8,4.8,4.2,0.2758,0.3726,0.35320000000000007,0.44909999999999994,0.0,4.4,22,0
22024,201144,22400383,2024-12-21,MIN vs. GSW,L,25,1,6,0.167,1,5,0.2,0,0,0.0,0,2,2,5,1,0,2,4,3,-1,1,Mike Conley,2024-25,25,5.8,9.1,2.6,2.6,5.0,4.4,0.2258,0.3393,0.3266,0.3691,-2.6,2.9,23,0
22024,201144,22400395,2024-12-23,MIN @ ATL,L,27,4,6,0.667,3,5,0.6,0,0,0.0,0,2,2,6,3,0,1,1,11,-8,1,Mike Conley,2024-25,27,5.6,8.6,2.6,2.7,5.6,4.6,0.2734,0.36960000000000004,0.3466,0.39159999999999995,-2.4,3.2,24,0
22024,201144,22400406,2024-12-25,MIN @ DAL,W,26,4,9,0.444,1,5,0.2,1,1,1.0,0,2,2,3,1,0,0,2,10,1,1,Mike Conley,2024-25,26,7.2,8.3,2.2,2.7,4.8,4.6,0.3622,0.37110000000000004,0.3866,0.3516,-4.6,2.6,25,1
22024,201144,22400422,2024-12-27,MIN @ HOU,W,24,1,5,0.2,1,4,0.25,0,0,0.0,1,1,2,2,2,0,0,0,3,-17,1,Mike Conley,2024-25,24,6.0,7.7,1.6,2.6,3.6,4.2,0.3356,0.3482,0.31660000000000005,0.3266,-8.8,-1.2,26,1
22024,201144,22400441,2024-12-29,MIN vs. SAS,W,23,1,5,0.2,1,4,0.25,2,2,1.0,0,2,2,3,0,0,0,3,5,-11,1,Mike Conley,2024-25,23,6.4,7.1,2.0,2.5,3.8,4.3,0.3356,0.30569999999999997,0.30000000000000004,0.3266,-7.2,-3.6,27,1
22024,201144,22400452,2024-12-31,MIN @ OKC,L,23,5,10,0.5,4,7,0.571,2,2,1.0,1,0,1,4,2,0,1,1,16,-2,1,Mike Conley,2024-25,23,9.0,7.4,1.8,2.2,3.6,4.3,0.4022,0.31400000000000006,0.37420000000000003,0.35039999999999993,-7.4,-5.0,28,0
22024,201144,22400464,2025-01-02,MIN vs. BOS,L,19,2,4,0.5,1,2,0.5,0,0,0.0,1,1,2,3,0,0,1,0,5,1,1,Mike Conley,2024-25,19,7.8,6.7,1.8,2.2,3.0,4.3,0.36879999999999996,0.32110000000000005,0.3542,0.35039999999999993,-5.6,-4.0,29,0
22024,201144,22400479,2025-01-04,MIN @ DET,L,21,0,4,0.0,0,3,0.0,0,0,0.0,0,0,0,5,2,0,1,1,0,-18,1,Mike Conley,2024-25,21,5.8,6.5,1.4,1.8,3.4,4.1,0.27999999999999997,0.32110000000000005,0.31420000000000003,0.35039999999999993,-9.4,-7.0,30,0
22024,201144,22400500,2025-01-06,MIN vs. LAC,W,26,4,8,0.5,2,3,0.667,1,1,1.0,1,3,4,3,1,0,1,1,11,11,1,Mike Conley,2024-25,26,7.4,6.7,1.8,1.7,3.6,3.6,0.33999999999999997,0.3378,0.39760000000000006,0.35710000000000003,-3.8,-6.3,31,1
22024,201144,22400505,2025-01-07,MIN @ NOP,W,25,2,4,0.5,1,3,0.333,3,4,0.75,1,3,4,6,0,0,1,1,8,-12,1,Mike Conley,2024-25,25,8.0,7.2,2.2,2.1,4.2,4.0,0.4,0.3678,0.4142,0.35710000000000003,-4.0,-5.6,32,1
22024,201144,22400519,2025-01-09,MIN @ ORL,W,23,3,7,0.429,1,2,0.5,2,2,1.0,0,4,4,2,2,0,1,0,9,23,1,Mike Conley,2024-25,23,6.6,7.8,2.8,2.3,3.8,3.7,0.38580000000000003,0.394,0.4,0.3871,1.0,-3.2,33,1
22024,201144,22400535,2025-01-11,MIN vs. MEM,L,15,1,4,0.25,1,3,0.333,0,0,0.0,0,0,0,2,0,0,1,0,3,0,1,Mike Conley,2024-25,15,6.2,7.0,2.4,2.1,3.6,3.3,0.3358,0.3523,0.36660000000000004,0.36039999999999994,0.8,-2.4,34,0
22024,201144,22400548,2025-01-13,MIN @ WAS,W,20,1,3,0.333,1,2,0.5,4,5,0.8,0,5,5,4,0,1,1,2,7,4,1,Mike Conley,2024-25,20,7.6,6.7,3.4,2.4,3.4,3.4,0.4024,0.3412,0.4666,0.39039999999999997,5.2,-2.1,35,1
22024,201144,22400565,2025-01-15,MIN vs. GSW,L,19,0,3,0.0,0,2,0.0,1,2,0.5,0,0,0,3,0,1,0,1,1,-3,1,Mike Conley,2024-25,19,5.6,6.5,2.6,2.2,3.4,3.5,0.3024,0.3212,0.33320000000000005,0.3654,2.4,-0.7,36,0
22024,201144,22400578,2025-01-17,MIN @ NYK,W,25,5,9,0.556,3,5,0.6,0,0,0.0,0,0,0,2,1,0,1,1,13,16,1,Mike Conley,2024-25,25,6.6,7.3,1.8,2.0,2.6,3.4,0.3136,0.35680000000000006,0.38660000000000005,0.4004,8.0,2.0,37,1
22024,201144,22400590,2025-01-18,MIN vs. CLE,L,23,3,7,0.429,3,6,0.5,0,0,0.0,1,2,3,3,0,0,1,1,9,-5,1,Mike Conley,2024-25,23,6.6,6.6,1.6,2.2,2.8,3.3,0.3136,0.3497,0.38660000000000005,0.39330000000000004,2.4,1.7,38,0
22024,201144,22400601,2025-01-20,MIN @ MEM,L,25,1,6,0.167,1,4,0.25,2,2,1.0,1,3,4,8,1,0,1,3,5,-7,1,Mike Conley,2024-25,25,7.0,6.6,2.4,2.4,4.0,3.8,0.29700000000000004,0.31639999999999996,0.37,0.36829999999999996,1.0,0.9,39,0
22024,201144,22400614,2025-01-22,MIN @ DAL,W,32,6,9,0.667,4,6,0.667,2,2,1.0,1,4,5,8,2,0,0,3,18,19,1,Mike Conley,2024-25,32,9.2,8.4,2.4,2.9,4.8,4.1,0.3638,0.3831,0.4034000000000001,0.43499999999999994,4.0,4.6,40,1
22024,201144,22400634,2025-01-25,MIN vs. DEN,W,23,3,3,1.0,3,3,1.0,0,0,0.0,0,1,1,5,3,0,1,0,9,23,1,Mike Conley,2024-25,23,10.8,8.2,2.6,2.6,5.2,4.3,0.5638,0.43310000000000004,0.6034,0.4683,9.2,5.8,41,1
22024,201144,22400656,2025-01-27,MIN vs. ATL,W,31,1,9,0.111,0,5,0.0,2,2,1.0,1,3,4,4,4,0,1,0,4,7,1,Mike Conley,2024-25,31,9.0,7.8,3.4,2.6,5.6,4.1,0.4748,0.3942,0.48340000000000005,0.43499999999999994,7.4,7.7,42,1
22024,201144,22400672,2025-01-29,MIN @ PHX,W,30,2,4,0.5,2,3,0.667,0,0,0.0,0,0,0,6,0,0,2,2,6,-4,1,Mike Conley,2024-25,30,8.4,7.5,2.8,2.2,6.2,4.5,0.489,0.4013,0.5168,0.45169999999999993,7.6,5.0,43,1
22024,201144,22400690,2025-02-01,MIN vs. WAS,L,34,5,12,0.417,2,7,0.286,4,4,1.0,0,3,3,5,0,0,2,2,16,-1,1,Mike Conley,2024-25,34,10.6,8.8,2.6,2.5,5.6,4.8,0.5389999999999999,0.418,0.524,0.44699999999999995,8.8,4.9,44,0
22024,201144,22400704,2025-02-03,MIN vs. SAC,L,27,2,8,0.25,1,3,0.333,0,0,0.0,1,2,3,9,0,0,0,2,5,5,1,Mike Conley,2024-25,27,8.0,8.6,2.2,2.3,5.8,5.3,0.4555999999999999,0.40969999999999995,0.4572000000000001,0.4303,6.0,5.0,45,0
22024,201144,22400723,2025-02-05,MIN vs. CHI,W,26,2,10,0.2,2,7,0.286,2,2,1.0,2,3,5,9,0,0,0,0,8,21,1,Mike Conley,2024-25,26,7.8,9.3,3.0,2.8,6.6,5.9,0.2956,0.42969999999999997,0.31440000000000007,0.45890000000000003,5.6,7.4,46,1
22024,201144,22400729,2025-02-06,MIN vs. HOU,W,29,6,8,0.75,4,4,1.0,0,0,0.0,0,3,3,5,1,1,1,1,16,12,1,Mike Conley,2024-25,29,10.2,9.6,2.8,3.1,6.8,6.2,0.4234,0.44909999999999994,0.5144,0.4989,6.6,7.0,47,1
22024,201144,22400801,2025-02-21,MIN @ HOU,L,24,0,2,0.0,0,2,0.0,5,5,1.0,0,2,2,5,1,0,1,4,5,-1,1,Mike Conley,2024-25,24,10.0,9.2,3.2,3.0,6.6,6.4,0.32339999999999997,0.4062,0.38100000000000006,0.44889999999999997,7.2,7.4,48,0
22024,201144,22400820,2025-02-23,MIN vs. OKC,L,31,3,6,0.5,3,6,0.5,0,0,0.0,0,2,2,5,0,0,1,3,9,7,1,Mike Conley,2024-25,31,8.6,9.6,3.0,2.8,6.6,6.1,0.33999999999999997,0.43950000000000006,0.42380000000000007,0.4739,8.8,8.8,49,0
22024,201144,22400826,2025-02-24,MIN @ OKC,W,14,3,5,0.6,2,4,0.5,0,0,0.0,0,0,0,1,0,0,1,3,8,-8,1,Mike Conley,2024-25,14,9.2,8.6,2.4,2.3,5.0,5.4,0.41,0.43279999999999996,0.4572000000000001,0.4572,6.2,6.1,50,1
22024,201144,22400849,2025-02-27,MIN @ LAL,L,26,3,5,0.6,2,4,0.5,2,2,1.0,1,0,1,4,2,1,0,2,10,-17,1,Mike Conley,2024-25,26,9.6,8.7,1.6,2.3,4.0,5.3,0.48999999999999994,0.3928,0.5,0.4072,-1.4,2.1,51,0
22024,201144,22400858,2025-02-28,MIN @ UTA,L,24,1,5,0.2,1,4,0.25,0,0,0.0,0,1,1,6,1,0,0,1,3,-16,1,Mike Conley,2024-25,24,7.0,8.6,1.2,2.0,4.2,5.5,0.37999999999999995,0.40170000000000006,0.35000000000000003,0.43220000000000003,-7.0,-0.2,52,0
22024,201144,22400873,2025-03-02,MIN @ PHX,W,20,1,3,0.333,1,2,0.5,0,0,0.0,0,1,1,1,2,0,1,5,3,-5,1,Mike Conley,2024-25,20,6.6,8.3,1.0,2.1,3.4,5.0,0.4466,0.385,0.45,0.41550000000000004,-7.8,-0.3,53,1
22024,201144,22400887,2025-03-04,MIN vs. PHI,W,25,4,6,0.667,3,5,0.6,1,1,1.0,1,6,7,6,0,0,2,1,12,20,1,Mike Conley,2024-25,25,7.2,7.9,2.0,2.5,3.6,5.1,0.48,0.41,0.47000000000000003,0.4469,-5.2,1.8,54,1
22024,201144,22400907,2025-03-07,MIN @ MIA,W,25,6,9,0.667,3,5,0.6,0,0,0.0,1,1,2,2,2,1,2,0,15,0,1,Mike Conley,2024-25,25,8.6,8.9,2.4,2.4,3.8,4.4,0.4934,0.45169999999999993,0.49000000000000005,0.47359999999999997,-3.6,1.3,55,1
22024,201144,22400925,2025-03-09,MIN vs. SAS,W,23,4,8,0.5,3,5,0.6,2,2,1.0,0,5,5,5,0,0,0,3,13,17,1,Mike Conley,2024-25,23,9.2,9.4,3.2,2.4,4.0,4.0,0.4734,0.4817,0.51,0.505,3.2,0.9,56,1
22024,201144,22400952,2025-03-12,MIN @ DEN,W,20,3,5,0.6,1,2,0.5,1,1,1.0,1,0,1,5,2,0,2,0,8,12,1,Mike Conley,2024-25,20,10.2,8.6,3.2,2.2,3.8,4.0,0.5534000000000001,0.4667,0.56,0.45499999999999996,8.8,0.9,57,1
22024,201144,22400963,2025-03-14,MIN vs. ORL,W,24,3,6,0.5,3,5,0.6,0,0,0.0,0,1,1,3,0,0,0,1,9,20,1,Mike Conley,2024-25,24,11.4,9.0,3.2,2.1,4.2,3.8,0.5868,0.5166999999999999,0.5800000000000001,0.515,13.8,3.0,58,1
22024,201144,22400986,2025-03-17,MIN vs. IND,L,32,2,3,0.667,2,2,1.0,3,4,0.75,0,3,3,5,2,0,1,3,9,24,1,Mike Conley,2024-25,32,10.8,9.0,2.4,2.2,4.0,3.8,0.5868,0.5334,0.6599999999999999,0.5650000000000001,14.6,4.7,59,0
22024,201144,22401001,2025-03-19,MIN vs. NOP,L,28,6,8,0.75,4,6,0.667,0,0,0.0,0,2,2,2,1,0,1,1,16,5,1,Mike Conley,2024-25,28,11.0,9.8,2.4,2.4,4.0,3.9,0.6033999999999999,0.5484,0.6734000000000001,0.5817,15.6,6.0,60,0
22024,201144,22401016,2025-03-21,MIN vs. NOP,W,10,0,1,0.0,0,1,0.0,0,0,0.0,0,1,1,6,1,0,1,0,0,18,1,Mike Conley,2024-25,10,8.4,8.8,1.6,2.4,4.2,4.1,0.5034,0.48840000000000006,0.5534000000000001,0.5317000000000001,15.8,9.5,61,1
22024,201144,22401037,2025-03-24,MIN @ IND,L,22,3,5,0.6,1,2,0.5,0,0,0.0,0,4,4,5,1,1,2,0,7,-8,1,Mike Conley,2024-25,22,8.2,9.2,2.2,2.7,4.2,4.0,0.5034,0.5284000000000001,0.5534000000000001,0.5567,11.8,10.3,62,0
22024,201144,22401071,2025-03-28,MIN vs. PHX,W,30,5,10,0.5,3,7,0.429,0,0,0.0,0,3,3,4,2,1,2,1,13,23,1,Mike Conley,2024-25,30,9.0,10.2,2.6,2.9,4.4,4.3,0.5034,0.5451,0.5192,0.5496000000000001,12.4,13.1,63,1
22024,201144,22401084,2025-03-30,MIN vs. DET,W,30,5,9,0.556,2,2,1.0,5,7,0.714,1,1,2,2,1,0,0,3,17,24,1,Mike Conley,2024-25,30,10.6,10.7,2.4,2.4,3.8,3.9,0.4812,0.534,0.5192,0.5896,12.4,13.5,64,1
22024,201144,22401102,2025-04-01,MIN @ DEN,W,36,3,8,0.375,3,7,0.429,0,0,0.0,1,0,1,8,1,0,1,4,9,-22,1,Mike Conley,2024-25,36,9.2,10.1,2.2,2.3,5.0,4.5,0.4062,0.5048,0.4716,0.5725,7.0,11.3,65,1
22024,201144,22401113,2025-04-03,MIN @ BKN,W,24,2,10,0.2,2,7,0.286,0,0,0.0,0,1,1,6,0,0,2,1,6,16,1,Mike Conley,2024-25,24,10.4,9.4,2.2,1.9,5.0,4.6,0.4462,0.4748,0.5288,0.5411,6.6,11.2,66,1
22024,201144,22401130,2025-04-05,MIN @ PHI,W,25,3,7,0.429,2,4,0.5,0,0,0.0,0,4,4,4,0,0,2,1,8,17,1,Mike Conley,2024-25,25,10.6,9.4,2.2,2.2,4.8,4.5,0.41200000000000003,0.4577,0.5288,0.5411,11.6,11.7,67,1
22024,201144,22401152,2025-04-08,MIN @ MIL,L,28,2,6,0.333,1,3,0.333,0,0,0.0,1,3,4,3,0,0,0,0,5,-22,1,Mike Conley,2024-25,28,9.0,9.0,2.4,2.5,4.6,4.5,0.3786,0.441,0.5096,0.5144,2.6,7.5,68,0
22024,201144,22401170,2025-04-10,MIN @ MEM,W,27,2,7,0.286,0,4,0.0,4,4,1.0,1,1,2,9,1,1,2,5,8,29,1,Mike Conley,2024-25,27,7.2,8.9,2.4,2.4,6.0,4.9,0.32459999999999994,0.4029,0.30960000000000004,0.4144,3.6,8.0,69,1
22024,201144,22401179,2025-04-11,MIN vs. BKN,W,14,1,2,0.5,0,1,0.0,0,0,0.0,0,4,4,4,1,0,0,1,2,6,1,Mike Conley,2024-25,14,5.8,7.5,3.0,2.6,5.2,5.1,0.34959999999999997,0.3779,0.22380000000000005,0.3477,9.2,8.1,70,1
22024,201144,22401195,2025-04-13,MIN vs. UTA,W,15,0,3,0.0,0,2,0.0,0,0,0.0,0,2,2,2,0,0,0,1,0,3,1,Mike Conley,2024-25,15,4.6,7.5,3.2,2.7,4.4,4.7,0.3096,0.3779,0.16660000000000003,0.3477,6.6,6.6,71,1
22022,1629675,22200025,2022-10-21,MIN vs. UTA,L,9,0,3,0.0,0,1,0.0,0,0,0.0,1,1,2,1,1,2,1,2,0,-1,1,Naz Reid,2022-23,9,0.0,0.0,2.0,2.0,1.0,1.0,0.0,0.0,0.0,0.0,-1.0,-1.0,1,0
22022,1629675,22200041,2022-10-23,MIN @ OKC,W,13,5,7,0.714,2,4,0.5,2,4,0.5,1,1,2,1,0,1,0,4,14,2,1,Naz Reid,2022-23,13,7.0,7.0,2.0,2.0,1.0,1.0,0.357,0.357,0.25,0.25,0.5,0.5,2,1
22022,1629675,22200050,2022-10-24,MIN vs. SAS,L,13,3,7,0.429,0,1,0.0,0,0,0.0,1,2,3,0,0,1,0,0,6,-1,1,Naz Reid,2022-23,13,6.666666666666667,6.666666666666667,2.3333333333333335,2.3333333333333335,0.6666666666666666,0.6666666666666666,0.381,0.381,0.16666666666666666,0.16666666666666666,0.0,0.0,3,0
22022,1629675,22200062,2022-10-26,MIN vs. SAS,W,5,1,1,1.0,0,0,0.0,0,0,0.0,0,2,2,1,1,0,0,0,2,3,1,Naz Reid,2022-23,5,5.5,5.5,2.25,2.25,0.75,0.75,0.53575,0.53575,0.125,0.125,0.75,0.75,4,1
22022,1629675,22200092,2022-10-30,MIN @ SAS,L,9,5,7,0.714,1,2,0.5,0,0,0.0,1,1,2,0,1,0,0,0,11,12,1,Naz Reid,2022-23,9,6.6,6.6,2.2,2.2,0.6,0.6,0.5714,0.5714,0.2,0.2,3.0,3.0,5,0
22022,1629675,22200106,2022-11-01,MIN @ PHX,L,16,5,6,0.833,1,2,0.5,2,2,1.0,0,3,3,0,1,0,0,0,13,9,1,Naz Reid,2022-23,16,9.2,7.666666666666667,2.4,2.3333333333333335,0.4,0.5,0.738,0.615,0.3,0.25,5.0,4.0,6,0
22022,1629675,22200129,2022-11-04,MIN vs. MIL,L,22,3,7,0.429,0,3,0.0,2,2,1.0,0,5,5,0,0,1,1,3,8,1,1,Naz Reid,2022-23,22,8.0,7.714285714285714,3.0,2.7142857142857144,0.2,0.42857142857142855,0.6809999999999999,0.5884285714285714,0.2,0.21428571428571427,4.8,3.5714285714285716,7,0
22022,1629675,22200137,2022-11-05,MIN vs. HOU,W,13,4,7,0.571,2,4,0.5,1,2,0.5,0,3,3,0,0,1,5,6,11,8,1,Naz Reid,2022-23,13,9.0,8.125,3.0,2.75,0.2,0.375,0.7094,0.5862499999999999,0.3,0.25,6.6,4.125,8,1
22022,1629675,22200153,2022-11-07,MIN vs. NYK,L,18,5,8,0.625,0,3,0.0,1,2,0.5,2,0,2,0,0,1,0,2,11,-14,1,Naz Reid,2022-23,18,10.8,8.444444444444445,3.0,2.6666666666666665,0.0,0.3333333333333333,0.6344,0.5905555555555555,0.3,0.2222222222222222,3.2,2.111111111111111,9,0
22022,1629675,22200212,2022-11-16,MIN @ ORL,W,2,0,0,0.0,0,0,0.0,0,0,0.0,0,1,1,1,0,0,0,0,0,-5,1,Naz Reid,2022-23,2,8.6,7.6,2.8,2.5,0.2,0.4,0.49160000000000004,0.5315,0.2,0.2,-0.2,1.4,10,1
22022,1629675,22200237,2022-11-19,MIN @ PHI,W,10,3,4,0.75,1,1,1.0,2,2,1.0,1,3,4,1,0,0,0,5,9,3,1,Naz Reid,2022-23,10,7.8,8.5,3.0,2.7,0.4,0.4,0.475,0.6064999999999999,0.3,0.3,-1.4,1.8,11,1
22022,1629675,22200252,2022-11-21,MIN vs. MIA,W,16,3,9,0.333,0,2,0.0,3,4,0.75,0,4,4,2,0,1,1,3,9,-25,1,Naz Reid,2022-23,16,8.0,8.0,2.8,2.9,0.8,0.5,0.4558,0.5683999999999999,0.3,0.25,-6.6,-0.9,12,1
22022,1629675,22200272,2022-11-25,MIN @ CHA,L,13,3,5,0.6,1,2,0.5,0,0,0.0,0,0,0,0,0,0,1,3,7,-3,1,Naz Reid,2022-23,13,7.2,8.1,2.2,2.6,0.8,0.5,0.46159999999999995,0.5855,0.3,0.3,-8.8,-1.1,13,0
22022,1629675,22200291,2022-11-27,MIN vs. GSW,L,16,3,6,0.5,2,3,0.667,0,1,0.0,0,2,2,2,0,0,0,1,8,-4,1,Naz Reid,2022-23,16,6.6,8.7,2.2,2.6,1.2,0.6,0.4366,0.5355000000000001,0.43339999999999995,0.36669999999999997,-6.8,-1.8,14,0
22022,1629675,22200300,2022-11-28,MIN @ WAS,L,18,2,6,0.333,1,3,0.333,1,2,0.5,0,3,3,0,0,0,1,5,6,-2,1,Naz Reid,2022-23,18,7.8,8.2,2.6,2.7,1.0,0.6,0.5032,0.4974,0.5,0.35,-6.2,-3.2,15,0
22022,1629675,22200317,2022-11-30,MIN vs. MEM,W,22,3,8,0.375,0,5,0.0,1,2,0.5,0,3,3,1,1,5,1,2,7,-5,1,Naz Reid,2022-23,22,7.4,7.6,2.4,2.7,1.0,0.7,0.4282,0.4516,0.3,0.3,-7.8,-4.6,16,1
22022,1629675,22200341,2022-12-03,MIN vs. OKC,L,30,6,12,0.5,0,2,0.0,1,2,0.5,3,15,18,3,0,4,1,4,13,0,1,Naz Reid,2022-23,30,8.2,8.1,5.2,4.0,1.2,1.0,0.46159999999999995,0.45870000000000005,0.3,0.3,-2.8,-4.7,17,0
22022,1629675,22200370,2022-12-07,MIN vs. IND,W,12,3,5,0.6,0,1,0.0,0,0,0.0,4,3,7,0,1,0,3,3,6,4,1,Naz Reid,2022-23,12,8.0,7.6,6.6,4.4,1.2,1.0,0.46159999999999995,0.46159999999999995,0.2,0.25,-1.4,-5.1,18,1
22022,1629675,22200385,2022-12-09,MIN @ UTA,W,17,4,10,0.4,3,6,0.5,1,1,1.0,1,3,4,1,0,1,4,2,12,-5,1,Naz Reid,2022-23,17,8.8,7.7,7.0,4.6,1.0,1.1,0.44160000000000005,0.4391,0.1666,0.3,-1.6,-4.2,19,1
22022,1629675,22200394,2022-12-10,MIN @ POR,L,14,6,12,0.5,0,2,0.0,3,3,1.0,2,1,3,0,1,2,0,1,15,-17,1,Naz Reid,2022-23,14,10.6,9.2,7.0,4.8,1.0,1.0,0.475,0.4891,0.09999999999999999,0.3,-4.6,-5.4,20,0
22022,1629675,22200407,2022-12-12,MIN @ POR,L,18,4,4,1.0,1,1,1.0,1,2,0.5,0,4,4,1,0,0,1,2,10,-12,1,Naz Reid,2022-23,18,11.2,9.3,7.2,4.8,1.0,1.0,0.6,0.5141,0.3,0.3,-6.0,-6.9,21,0
22022,1629675,22200423,2022-12-14,MIN @ LAC,L,20,3,5,0.6,0,0,0.0,3,4,0.75,1,6,7,1,0,0,1,1,9,-15,1,Naz Reid,2022-23,20,10.4,9.3,5.0,5.1,0.6,0.9,0.62,0.5408,0.3,0.3,-9.0,-5.9,22,0
22022,1629675,22200435,2022-12-16,MIN @ OKC,W,37,11,18,0.611,3,5,0.6,3,7,0.429,3,6,9,3,3,1,3,3,28,21,1,Naz Reid,2022-23,37,14.8,11.4,5.4,6.0,1.2,1.2,0.6222,0.5419,0.42000000000000004,0.31,-5.6,-3.5,23,1
22022,1629675,22200449,2022-12-18,MIN vs. CHI,W,12,4,4,1.0,2,2,1.0,0,2,0.0,0,3,3,0,1,0,0,0,10,14,1,Naz Reid,2022-23,12,14.4,11.6,5.2,6.1,1.0,1.0,0.7422,0.5919000000000001,0.52,0.3433,-1.8,-1.7,24,1
22022,1629675,22200456,2022-12-19,MIN vs. DAL,W,40,11,19,0.579,2,6,0.333,3,4,0.75,2,11,13,1,2,1,2,2,27,17,1,Naz Reid,2022-23,40,16.8,13.7,7.2,7.1,1.2,1.1,0.758,0.6165,0.5866,0.3433,5.0,0.2,25,1
22022,1629675,22200473,2022-12-21,MIN vs. DAL,L,13,2,3,0.667,2,2,1.0,0,0,0.0,0,3,3,4,0,0,1,5,6,-1,1,Naz Reid,2022-23,13,16.0,13.6,7.0,7.1,1.8,1.4,0.6914,0.6456999999999999,0.5866,0.44329999999999997,7.2,0.6,26,0
22022,1629675,22200482,2022-12-23,MIN @ BOS,L,25,6,10,0.6,2,4,0.5,0,0,0.0,1,4,5,2,0,2,4,4,14,-1,1,Naz Reid,2022-23,25,17.0,13.7,6.6,5.8,2.0,1.3,0.6914,0.6557000000000001,0.6866,0.49329999999999996,10.0,0.5,27,0
22022,1629675,22200500,2022-12-26,MIN @ MIA,L,29,8,15,0.533,1,4,0.25,4,5,0.8,2,9,11,2,0,1,3,1,21,13,1,Naz Reid,2022-23,29,15.6,15.2,7.0,6.2,1.8,1.5,0.6758,0.649,0.6166,0.5183,8.4,1.4,28,0
22022,1629675,22200520,2022-12-28,MIN @ NOP,L,25,5,8,0.625,2,5,0.4,1,2,0.5,0,6,6,1,0,2,1,1,13,6,1,Naz Reid,2022-23,25,16.2,15.3,7.6,6.4,2.0,1.5,0.6008,0.6715,0.49660000000000004,0.5083,6.8,2.5,29,0
22022,1629675,22200533,2022-12-30,MIN @ MIL,L,30,7,18,0.389,2,8,0.25,0,0,0.0,1,6,7,1,1,1,0,5,16,-6,1,Naz Reid,2022-23,30,14.0,15.4,6.4,6.8,2.0,1.6,0.5628,0.6604,0.4800000000000001,0.5333,2.2,3.6,30,0
22022,1629675,22200544,2022-12-31,MIN vs. DET,L,24,3,6,0.5,0,2,0.0,0,0,0.0,2,7,9,0,2,2,3,2,6,-8,1,Naz Reid,2022-23,24,14.0,15.0,7.6,7.3,1.2,1.5,0.5294000000000001,0.6104,0.27999999999999997,0.4333,0.8,4.0,31,0
22022,1629675,22200587,2023-01-06,MIN vs. LAC,W,9,4,4,1.0,2,2,1.0,0,0,0.0,0,0,0,0,0,0,1,1,10,-14,1,Naz Reid,2022-23,9,13.2,15.1,6.6,6.6,0.8,1.4,0.6093999999999999,0.6504000000000001,0.38,0.5333,-1.8,4.1,32,1
22022,1629675,22200601,2023-01-08,MIN @ HOU,W,10,3,4,0.75,0,0,0.0,0,0,0.0,2,3,5,0,1,0,0,1,6,-8,1,Naz Reid,2022-23,10,10.2,12.9,5.4,6.2,0.4,1.1,0.6528,0.6643,0.32999999999999996,0.47330000000000005,-6.0,1.2,33,1
22022,1629675,22200618,2023-01-11,MIN @ DET,L,13,4,7,0.571,0,0,0.0,0,0,0.0,6,2,8,0,0,0,2,2,8,-16,1,Naz Reid,2022-23,13,9.2,12.7,5.8,6.7,0.2,1.1,0.642,0.6214,0.25,0.3733,-10.4,-1.8,34,0
22022,1629675,22200637,2023-01-13,MIN vs. PHX,W,15,5,8,0.625,1,3,0.333,2,2,1.0,2,4,6,3,2,0,2,1,13,5,1,Naz Reid,2022-23,15,8.6,11.3,5.6,6.0,0.6,1.3,0.6891999999999999,0.626,0.2666,0.37329999999999997,-8.2,-3.0,35,1
22022,1629675,22200645,2023-01-14,MIN vs. CLE,W,28,8,16,0.5,1,7,0.143,0,0,0.0,2,5,7,0,0,1,1,4,17,-5,1,Naz Reid,2022-23,28,10.8,12.4,5.2,6.4,0.6,0.9,0.6891999999999999,0.6093,0.2952,0.28759999999999997,-7.6,-3.4,36,1
22022,1629675,22200662,2023-01-16,MIN vs. UTA,L,22,3,8,0.375,1,4,0.25,0,0,0.0,4,3,7,0,0,2,1,5,7,-6,1,Naz Reid,2022-23,22,10.2,11.7,6.6,6.6,0.6,0.7,0.5641999999999999,0.5868,0.14519999999999997,0.26260000000000006,-6.0,-3.9,37,0
22022,1629675,22200676,2023-01-18,MIN @ DEN,L,26,4,9,0.444,0,5,0.0,9,10,0.9,1,2,3,2,0,3,3,5,17,2,1,Naz Reid,2022-23,26,12.4,11.3,6.2,5.8,1.0,0.7,0.5029999999999999,0.5779,0.14519999999999997,0.23760000000000003,-4.0,-5.0,38,0
22022,1629675,22200680,2023-01-19,MIN vs. TOR,W,22,2,6,0.333,1,1,1.0,0,0,0.0,0,7,7,2,2,1,4,3,5,16,1,Naz Reid,2022-23,22,11.8,10.5,6.0,5.9,1.4,0.8,0.4554,0.5487,0.3452,0.2976,2.4,-4.0,39,1
22022,1629675,22200696,2023-01-21,MIN vs. HOU,W,15,2,7,0.286,0,4,0.0,1,1,1.0,1,2,3,1,0,1,1,3,5,-9,1,Naz Reid,2022-23,15,10.2,9.4,5.4,5.5,1.0,0.8,0.3876,0.5384,0.2786,0.2726,-0.4,-4.3,40,1
22022,1629675,22200709,2023-01-23,MIN @ HOU,L,9,1,2,0.5,0,1,0.0,0,0,0.0,1,0,1,0,1,1,1,0,2,-2,1,Naz Reid,2022-23,9,7.2,9.0,4.2,4.7,1.0,0.8,0.3876,0.5384,0.25,0.2726,0.2,-3.7,41,0
22022,1629675,22200724,2023-01-25,MIN @ NOP,W,14,1,1,1.0,1,1,1.0,3,4,0.75,1,6,7,0,2,2,1,2,6,-4,1,Naz Reid,2022-23,14,7.0,8.6,4.2,5.4,1.0,0.8,0.5126,0.5384,0.4,0.2726,0.6,-2.7,42,1
22022,1629675,22200737,2023-01-27,MIN vs. MEM,W,17,4,6,0.667,1,3,0.333,0,2,0.0,2,1,3,1,2,1,0,1,9,6,1,Naz Reid,2022-23,17,5.4,8.9,4.2,5.2,0.8,0.9,0.5572,0.5301,0.4666,0.30589999999999995,1.4,-1.3,43,1
22022,1629675,22200746,2023-01-28,MIN vs. SAC,W,13,6,9,0.667,1,4,0.25,1,1,1.0,0,2,2,0,0,0,1,4,14,-8,1,Naz Reid,2022-23,13,7.2,9.5,3.2,4.6,0.4,0.9,0.624,0.5397000000000001,0.3166,0.33089999999999997,-3.4,-0.5,44,1
22022,1629675,22200758,2023-01-30,MIN vs. SAC,L,16,3,9,0.333,0,4,0.0,0,0,0.0,2,1,3,1,1,0,1,2,6,-8,1,Naz Reid,2022-23,16,7.4,8.8,3.2,4.3,0.4,0.7,0.6334,0.5105000000000001,0.3166,0.2976,-3.2,-1.8,45,0
22022,1629675,22200774,2023-02-01,MIN vs. GSW,W,35,10,22,0.455,2,8,0.25,2,4,0.5,1,12,13,4,1,1,1,4,24,5,1,Naz Reid,2022-23,35,11.8,9.5,5.6,4.9,1.2,1.1,0.6244,0.506,0.3666,0.30829999999999996,-1.8,-0.8,46,1
22022,1629675,22200790,2023-02-03,MIN vs. ORL,L,21,4,7,0.571,2,4,0.5,0,1,0.0,2,1,3,1,1,1,2,4,10,-11,1,Naz Reid,2022-23,21,12.6,9.8,4.8,4.5,1.4,1.2,0.5386,0.5256000000000001,0.2666,0.33330000000000004,-3.2,-1.3,47,0
22022,1629675,22200806,2023-02-05,MIN vs. DEN,W,15,3,3,1.0,1,1,1.0,0,0,0.0,1,1,2,0,0,1,0,4,7,7,1,Naz Reid,2022-23,15,12.2,8.8,4.6,4.4,1.2,1.0,0.6052,0.5812,0.4,0.4333,-3.0,-0.8,48,1
22022,1629675,22200820,2023-02-07,MIN @ DEN,L,12,5,9,0.556,1,3,0.333,0,0,0.0,0,3,3,0,0,0,2,2,11,-7,1,Naz Reid,2022-23,12,11.6,9.4,4.8,4.0,1.2,0.8,0.583,0.6035,0.4166,0.3666,-2.8,-3.1,49,0
22022,1629675,22200828,2023-02-08,MIN @ UTA,W,22,3,8,0.375,2,4,0.5,0,0,0.0,2,5,7,3,0,0,2,3,8,14,1,Naz Reid,2022-23,22,12.0,9.7,5.6,4.4,1.6,1.0,0.5913999999999999,0.6124,0.5166000000000001,0.4166,1.6,-0.8,50,1
22022,1629675,22200841,2023-02-10,MIN @ MEM,L,17,4,7,0.571,2,3,0.667,0,0,0.0,0,3,3,2,0,0,1,3,10,-3,1,Naz Reid,2022-23,17,9.2,10.5,3.6,4.6,1.2,1.2,0.6146,0.6195,0.6,0.4833,0.0,-0.9,51,0
22022,1629675,22200865,2023-02-13,MIN @ DAL,W,12,4,9,0.444,1,5,0.2,1,1,1.0,0,2,2,2,0,0,1,3,10,-7,1,Naz Reid,2022-23,12,9.2,10.9,3.4,4.1,1.4,1.4,0.5892,0.5639000000000001,0.54,0.40330000000000005,0.8,-1.2,52,1
22022,1629675,22200884,2023-02-16,MIN vs. WAS,L,12,2,7,0.286,0,2,0.0,2,2,1.0,1,4,5,2,0,0,2,0,6,-12,1,Naz Reid,2022-23,12,9.0,10.6,4.0,4.3,1.8,1.5,0.4464,0.5258,0.33999999999999997,0.37,-3.0,-3.0,53,0
22022,1629675,22200898,2023-02-24,MIN vs. CHA,L,18,6,12,0.5,2,7,0.286,2,2,1.0,1,7,8,2,0,2,1,4,16,-1,1,Naz Reid,2022-23,18,10.0,10.8,5.0,4.9,2.2,1.7,0.43520000000000003,0.5091,0.3306,0.37360000000000004,-1.8,-2.3,54,0
22022,1629675,22200916,2023-02-26,MIN @ GSW,L,36,12,22,0.545,4,11,0.364,2,5,0.4,2,7,9,3,5,2,2,3,30,-6,1,Naz Reid,2022-23,36,14.4,13.2,5.4,5.5,2.2,1.9,0.4692,0.5303,0.3034,0.41000000000000003,-5.8,-2.1,55,0
22022,1629675,22200932,2023-02-28,MIN @ LAC,W,19,4,6,0.667,0,1,0.0,4,7,0.571,3,5,8,2,1,0,4,5,12,4,1,Naz Reid,2022-23,19,14.8,12.0,6.4,5.0,2.2,1.7,0.48840000000000006,0.5515,0.16999999999999998,0.385,-4.4,-2.2,56,1
22022,1629675,22200955,2023-03-03,MIN @ LAL,W,21,6,12,0.5,3,6,0.5,0,0,0.0,1,7,8,2,2,0,2,4,15,9,1,Naz Reid,2022-23,21,15.8,12.5,7.6,5.5,2.2,1.8,0.49960000000000004,0.5444,0.22999999999999998,0.38499999999999995,-1.2,-0.2,57,1
22022,1629675,22200961,2023-03-04,MIN @ SAC,W,17,4,5,0.8,2,3,0.667,0,2,0.0,0,4,4,1,0,0,0,5,10,-7,1,Naz Reid,2022-23,17,16.6,12.8,7.4,5.7,2.0,1.9,0.6024,0.5244,0.3634,0.3517,-0.2,-1.6,58,1
22022,1629675,22200980,2023-03-07,MIN vs. PHI,L,18,4,9,0.444,1,4,0.25,2,2,1.0,1,2,3,3,1,0,1,3,11,-10,1,Naz Reid,2022-23,18,15.6,12.8,6.4,5.7,2.2,2.2,0.5912,0.5132,0.3562,0.34340000000000004,-2.0,-1.9,59,0
22022,1629675,22201001,2023-03-10,MIN vs. BKN,L,11,1,3,0.333,1,1,1.0,0,0,0.0,1,3,4,0,0,0,2,3,3,-6,1,Naz Reid,2022-23,11,10.2,12.3,5.4,5.4,1.6,1.9,0.5488000000000001,0.509,0.48339999999999994,0.3934,-2.0,-3.9,60,0
22022,1629675,22201039,2023-03-15,MIN vs. BOS,L,19,4,9,0.444,1,3,0.333,6,6,1.0,0,6,6,1,0,0,3,4,15,1,1,Naz Reid,2022-23,19,10.8,12.8,5.0,5.7,1.4,1.8,0.5042,0.4963,0.55,0.36,-2.6,-3.5,61,0
22022,1629675,22201050,2023-03-17,MIN @ CHI,L,25,6,15,0.4,0,4,0.0,2,2,1.0,1,2,3,1,1,1,2,4,14,-12,1,Naz Reid,2022-23,25,10.6,13.2,4.0,5.8,1.2,1.7,0.48419999999999996,0.49190000000000006,0.45,0.33999999999999997,-6.8,-4.0,62,0
22022,1629675,22201058,2023-03-18,MIN @ TOR,L,20,8,10,0.8,1,2,0.5,5,7,0.714,0,4,4,1,0,0,2,3,22,-9,1,Naz Reid,2022-23,20,13.0,14.8,4.0,5.7,1.2,1.6,0.4842000000000001,0.5433,0.4166,0.39,-7.2,-3.7,63,0
22022,1629675,22201073,2023-03-20,MIN @ NYK,W,20,6,9,0.667,0,2,0.0,0,0,0.0,0,2,2,3,0,1,1,4,12,-13,1,Naz Reid,2022-23,20,13.2,14.4,3.8,5.1,1.2,1.7,0.5288,0.5599999999999999,0.3666,0.3614,-7.8,-4.9,64,1
22022,1629675,22201090,2023-03-22,MIN vs. ATL,W,26,11,15,0.733,2,4,0.5,2,2,1.0,1,7,8,0,2,0,2,3,26,3,1,Naz Reid,2022-23,26,17.8,14.0,4.6,5.0,1.2,1.4,0.6088,0.5788,0.2666,0.375,-6.0,-4.0,65,1
22022,1629675,22201121,2023-03-26,MIN @ GSW,W,21,10,17,0.588,3,5,0.6,0,0,0.0,1,5,6,1,0,0,1,0,23,8,1,Naz Reid,2022-23,21,19.4,15.1,4.6,4.8,1.2,1.3,0.6376,0.5709000000000001,0.32,0.43500000000000005,-4.6,-3.6,66,1
22022,1629675,22201128,2023-03-27,MIN @ SAC,W,21,7,12,0.583,2,5,0.4,2,4,0.5,0,4,4,1,1,1,0,1,18,-8,1,Naz Reid,2022-23,21,20.2,15.4,4.8,4.4,1.2,1.2,0.6742,0.5791999999999999,0.4,0.425,-3.8,-5.3,67,1
22022,1629675,22201144,2023-03-29,MIN @ PHX,L,23,5,13,0.385,2,4,0.5,3,5,0.6,1,5,6,2,0,1,1,1,15,-4,1,Naz Reid,2022-23,23,18.8,15.9,5.2,4.6,1.4,1.3,0.5912,0.5377000000000001,0.4,0.4083,-2.8,-5.0,68,0
22023,1629675,22300069,2023-10-25,MIN @ TOR,L,24,3,8,0.375,0,2,0.0,4,4,1.0,1,3,4,1,0,0,1,0,10,1,1,Naz Reid,2023-24,24,18.4,15.8,5.6,4.7,1.0,1.1,0.5327999999999999,0.5308,0.4,0.38330000000000003,0.0,-3.9,1,0
22023,1629675,22300093,2023-10-28,MIN vs. MIA,W,28,10,14,0.714,4,7,0.571,1,1,1.0,1,7,8,1,2,0,0,3,25,30,1,Naz Reid,2023-24,28,18.2,18.0,5.6,5.1,1.2,1.2,0.5289999999999999,0.5689,0.41419999999999996,0.3404,5.4,-0.3,2,1
22023,1629675,22300104,2023-10-30,MIN @ ATL,L,24,5,12,0.417,3,7,0.429,0,0,0.0,0,1,1,0,0,0,1,1,13,-21,1,Naz Reid,2023-24,24,16.2,17.8,4.6,4.6,1.0,1.1,0.49479999999999996,0.5662,0.38,0.35,-0.4,-2.5,3,0
22023,1629675,22300123,2023-11-01,MIN vs. DEN,W,19,6,9,0.667,1,3,0.333,3,3,1.0,1,4,5,1,1,0,1,0,16,4,1,Naz Reid,2023-24,19,15.8,18.0,4.8,4.8,1.0,1.1,0.5115999999999999,0.5929,0.3666,0.38330000000000003,2.0,-0.9,4,1
22023,1629675,22300138,2023-11-04,MIN vs. UTA,W,22,5,9,0.556,3,5,0.6,3,4,0.75,2,3,5,1,0,0,1,0,16,9,1,Naz Reid,2023-24,22,16.0,17.4,4.6,4.9,0.8,1.1,0.5458000000000001,0.5685,0.38659999999999994,0.39330000000000004,4.6,0.9,5,1
22023,1629675,22300154,2023-11-06,MIN vs. BOS,W,25,5,9,0.556,2,4,0.5,2,2,1.0,1,3,4,2,2,2,3,0,14,-2,1,Naz Reid,2023-24,25,16.8,17.6,4.6,5.1,1.0,1.0,0.5820000000000001,0.5574000000000001,0.4866,0.44329999999999997,4.0,2.0,6,1
22023,1629675,22300166,2023-11-08,MIN vs. NOP,W,22,4,8,0.5,1,4,0.25,0,0,0.0,1,3,4,0,1,0,0,2,9,17,1,Naz Reid,2023-24,22,13.6,15.9,3.8,4.7,0.8,1.0,0.5391999999999999,0.5341,0.4224,0.4183,1.4,3.4,7,1
22023,1629675,22300013,2023-11-10,MIN @ SAS,W,18,3,7,0.429,1,3,0.333,0,0,0.0,1,2,3,0,0,2,0,1,7,7,1,Naz Reid,2023-24,18,12.4,14.3,4.2,4.4,0.8,0.9,0.5416000000000001,0.5182,0.4032,0.3916,7.0,3.3,8,1
22023,1629675,22300186,2023-11-12,MIN @ GSW,W,19,3,8,0.375,2,5,0.4,2,2,1.0,1,5,6,2,0,0,2,2,10,10,1,Naz Reid,2023-24,19,11.2,13.5,4.4,4.6,1.0,1.0,0.4832000000000001,0.4974,0.4166,0.39160000000000006,8.2,5.1,9,1
22023,1629675,22300025,2023-11-14,MIN @ GSW,W,16,4,5,0.8,2,3,0.667,0,0,0.0,0,2,2,0,0,0,1,4,10,-8,1,Naz Reid,2023-24,16,10.0,13.0,3.8,4.2,0.8,0.8,0.532,0.5389,0.43,0.4083,4.8,4.7,10,1
22023,1629675,22300197,2023-11-15,MIN @ PHX,L,19,4,7,0.571,1,2,0.5,4,4,1.0,2,2,4,0,1,0,0,0,13,-5,1,Naz Reid,2023-24,19,9.8,13.3,3.8,4.2,0.4,0.7,0.5349999999999999,0.5585,0.43,0.45830000000000004,4.2,4.1,11,0
22023,1629675,22300203,2023-11-18,MIN @ NOP,W,18,2,8,0.25,2,6,0.333,2,2,1.0,0,1,1,0,0,1,1,0,8,-8,1,Naz Reid,2023-24,18,9.6,11.6,3.2,3.5,0.4,0.6,0.485,0.5121,0.4466,0.43450000000000005,-0.8,0.3,12,1
22023,1629675,22300221,2023-11-20,MIN vs. NYK,W,18,3,8,0.375,1,6,0.167,3,3,1.0,0,3,3,1,1,0,3,6,10,3,1,Naz Reid,2023-24,18,10.2,11.3,3.2,3.7,0.6,0.7,0.4742,0.5079,0.41340000000000005,0.4083,-1.6,2.7,13,1
22023,1629675,22300232,2023-11-22,MIN vs. PHI,W,22,6,13,0.462,1,4,0.25,0,1,0.0,1,3,4,0,3,1,0,1,13,4,1,Naz Reid,2023-24,22,10.8,11.0,2.8,3.6,0.2,0.6,0.49160000000000004,0.48739999999999994,0.3834,0.4,-2.8,2.7,14,1
22023,1629675,22300050,2023-11-24,MIN vs. SAC,L,18,4,7,0.571,1,3,0.333,0,0,0.0,0,1,1,0,0,2,3,0,9,-19,1,Naz Reid,2023-24,18,10.6,10.3,2.6,3.2,0.2,0.5,0.44580000000000003,0.48889999999999995,0.31660000000000005,0.3733,-5.0,-0.1,15,0
22023,1629675,22300249,2023-11-26,MIN @ MEM,W,22,4,9,0.444,1,2,0.5,3,4,0.75,2,4,6,0,1,0,1,4,12,4,1,Naz Reid,2023-24,22,10.4,10.1,3.0,3.4,0.2,0.3,0.4204,0.4777,0.31660000000000005,0.3733,-3.2,0.5,16,1
22023,1629675,22300058,2023-11-28,MIN vs. OKC,W,25,6,9,0.667,3,4,0.75,0,0,0.0,1,6,7,2,0,2,1,2,15,1,1,Naz Reid,2023-24,25,11.8,10.7,4.2,3.7,0.6,0.5,0.5038,0.4944,0.4,0.42329999999999995,-1.4,-1.1,17,1
22023,1629675,22300270,2023-11-30,MIN vs. UTA,W,22,3,9,0.333,0,4,0.0,0,0,0.0,1,2,3,0,1,1,0,2,6,-2,1,Naz Reid,2023-24,22,11.0,10.6,4.2,3.7,0.4,0.5,0.49539999999999995,0.48480000000000006,0.36660000000000004,0.39,-2.4,-2.0,18,1
22023,1629675,22300281,2023-12-02,MIN @ CHA,W,25,9,14,0.643,3,6,0.5,2,2,1.0,2,3,5,2,1,0,2,0,23,-7,1,Naz Reid,2023-24,25,13.0,11.9,4.4,3.6,0.8,0.5,0.5315999999999999,0.5116,0.4166,0.4,-4.6,-3.7,19,1
22023,1629675,22301210,2023-12-06,MIN vs. SAS,W,29,7,18,0.389,1,7,0.143,0,0,0.0,4,5,9,2,0,1,1,2,15,10,1,Naz Reid,2023-24,29,14.2,12.4,6.0,4.3,1.2,0.7,0.4952,0.47050000000000003,0.3786,0.3476,1.2,-1.9,20,1
22023,1629675,22301221,2023-12-08,MIN @ MEM,W,24,5,12,0.417,0,5,0.0,0,0,0.0,0,9,9,2,1,1,1,2,10,7,1,Naz Reid,2023-24,24,13.8,12.1,6.6,4.8,1.6,0.9,0.48979999999999996,0.4551,0.2786,0.2976,1.8,-0.7,21,1
22023,1629675,22300301,2023-12-11,MIN @ NOP,L,24,7,15,0.467,3,7,0.429,0,0,0.0,3,3,6,2,1,0,0,3,17,0,1,Naz Reid,2023-24,24,14.2,13.0,6.4,5.3,1.6,1.1,0.44980000000000003,0.4768,0.2144,0.3072,1.6,0.1,22,0
22023,1629675,22300321,2023-12-14,MIN @ DAL,W,31,8,14,0.571,7,11,0.636,4,4,1.0,2,4,6,3,1,0,2,2,27,16,1,Naz Reid,2023-24,31,18.4,14.7,7.0,5.6,2.2,1.3,0.4974,0.49639999999999995,0.3416,0.35409999999999997,5.2,1.4,23,1
22023,1629675,22300338,2023-12-16,MIN vs. IND,W,27,6,8,0.75,3,5,0.6,2,2,1.0,0,5,5,0,0,0,1,2,17,25,1,Naz Reid,2023-24,27,17.2,15.1,7.0,5.7,1.8,1.3,0.5187999999999999,0.5252,0.36160000000000003,0.3891,11.6,3.5,24,1
22023,1629675,22300353,2023-12-18,MIN @ MIA,W,21,5,13,0.385,1,6,0.167,2,2,1.0,1,3,4,1,1,1,1,2,13,2,1,Naz Reid,2023-24,21,16.8,15.5,6.0,6.0,1.6,1.4,0.518,0.5065999999999999,0.3664,0.37249999999999994,10.0,5.6,25,1
22023,1629675,22300367,2023-12-20,MIN @ PHI,L,20,4,9,0.444,2,6,0.333,0,0,0.0,1,1,2,1,0,1,4,3,10,-27,1,Naz Reid,2023-24,20,16.8,15.3,4.6,5.6,1.4,1.5,0.5234,0.5065999999999999,0.433,0.3558,3.2,2.5,26,0
22023,1629675,22300380,2023-12-21,MIN vs. LAL,W,21,3,9,0.333,3,6,0.5,0,0,0.0,2,3,5,2,1,1,3,6,9,5,1,Naz Reid,2023-24,21,15.2,14.7,4.4,5.4,1.4,1.5,0.49659999999999993,0.47319999999999995,0.44720000000000004,0.3308,4.2,2.9,27,1
22023,1629675,22300400,2023-12-23,MIN @ SAC,W,19,2,4,0.5,0,1,0.0,2,2,1.0,0,2,2,2,2,0,1,0,6,-13,1,Naz Reid,2023-24,19,11.0,14.7,3.6,5.3,1.2,1.7,0.4824,0.4898999999999999,0.32,0.3308,-1.6,1.8,28,1
22023,1629675,22300411,2023-12-26,MIN @ OKC,L,19,2,4,0.5,2,3,0.667,0,0,0.0,1,6,7,0,0,0,4,1,6,-9,1,Naz Reid,2023-24,19,8.8,13.0,4.0,5.5,1.2,1.5,0.4324,0.4756,0.33340000000000003,0.3475,-8.4,1.6,29,0
22023,1629675,22300423,2023-12-28,MIN vs. DAL,W,18,3,5,0.6,3,5,0.6,0,0,0.0,0,4,4,2,0,0,3,4,9,12,1,Naz Reid,2023-24,18,8.0,12.4,4.0,5.0,1.4,1.5,0.47539999999999993,0.49670000000000003,0.42000000000000004,0.3932,-6.4,1.8,30,1
22023,1629675,22300443,2023-12-30,MIN vs. LAL,W,27,8,11,0.727,2,5,0.4,3,4,0.75,0,5,5,1,2,2,2,3,21,13,1,Naz Reid,2023-24,27,10.2,13.5,4.6,4.6,1.4,1.4,0.532,0.5277,0.43339999999999995,0.4332,1.6,2.4,31,1
22023,1629675,22300451,2024-01-01,MIN @ NYK,L,19,2,6,0.333,1,4,0.25,0,0,0.0,0,2,2,0,0,0,0,5,5,-5,1,Naz Reid,2023-24,19,9.4,12.3,4.0,4.2,1.0,1.2,0.5319999999999999,0.5143,0.3834,0.41530000000000006,-0.4,1.9,32,0
22023,1629675,22300471,2024-01-03,MIN vs. NOP,L,25,3,8,0.375,2,5,0.4,0,0,0.0,0,6,6,2,0,2,1,2,8,3,1,Naz Reid,2023-24,25,9.8,10.4,4.8,4.2,1.0,1.1,0.507,0.49470000000000003,0.46340000000000003,0.3917,2.8,0.6,33,0
22023,1629675,22300485,2024-01-05,MIN @ HOU,W,25,6,11,0.545,3,6,0.5,1,2,0.5,1,6,7,2,0,1,0,1,16,21,1,Naz Reid,2023-24,25,11.8,10.3,4.8,4.4,1.4,1.3,0.516,0.47420000000000007,0.43,0.38170000000000004,8.8,0.2,34,1
22023,1629675,22300501,2024-01-07,MIN @ DAL,L,27,7,12,0.583,1,4,0.25,0,2,0.0,4,5,9,0,0,0,0,2,15,-1,1,Naz Reid,2023-24,27,13.0,10.5,5.8,4.9,1.0,1.2,0.5126000000000001,0.49399999999999994,0.36000000000000004,0.39,6.2,-0.1,35,0
22023,1629675,22300513,2024-01-09,MIN @ ORL,W,21,5,8,0.625,2,4,0.5,1,2,0.5,2,8,10,2,0,0,3,3,13,1,1,Naz Reid,2023-24,21,11.4,10.8,6.8,5.7,1.2,1.3,0.4922000000000001,0.5121,0.38000000000000006,0.4067,3.8,2.7,36,1
22023,1629675,22300517,2024-01-10,MIN @ BOS,L,37,7,15,0.467,3,7,0.429,2,2,1.0,3,7,10,3,0,3,1,4,19,2,1,Naz Reid,2023-24,37,14.2,11.8,8.4,6.2,1.8,1.4,0.5189999999999999,0.5255000000000001,0.41580000000000006,0.3996,5.2,2.4,37,0
22023,1629675,22300538,2024-01-12,MIN vs. POR,W,21,5,10,0.5,2,6,0.333,2,5,0.4,1,2,3,1,2,0,0,2,14,-4,1,Naz Reid,2023-24,21,15.4,12.6,7.8,6.3,1.6,1.3,0.5439999999999999,0.5255000000000001,0.4024,0.43289999999999995,3.8,3.3,38,1
22023,1629675,22300553,2024-01-14,MIN vs. LAC,W,14,3,5,0.6,2,3,0.667,0,0,0.0,0,1,1,1,2,0,1,2,8,6,1,Naz Reid,2023-24,14,13.8,12.8,6.6,5.7,1.4,1.4,0.5549999999999999,0.5355000000000001,0.4358000000000001,0.43290000000000006,0.8,4.8,39,1
22023,1629675,22300569,2024-01-17,MIN @ DET,W,23,3,9,0.333,1,4,0.25,2,4,0.5,0,4,4,1,3,0,1,0,9,3,1,Naz Reid,2023-24,23,12.6,12.8,5.6,5.7,1.6,1.3,0.5050000000000001,0.5088,0.4358000000000001,0.39790000000000003,1.6,3.9,40,1
22023,1629675,22300582,2024-01-18,MIN vs. MEM,W,24,8,13,0.615,4,5,0.8,0,0,0.0,0,3,3,1,2,1,0,2,20,16,1,Naz Reid,2023-24,24,14.0,12.7,4.2,5.5,1.4,1.3,0.503,0.4976000000000001,0.4958,0.43790000000000007,4.6,4.2,41,1
22023,1629675,22300599,2024-01-20,MIN vs. OKC,L,26,7,13,0.538,4,8,0.5,0,0,0.0,0,3,3,0,0,4,4,3,18,17,1,Naz Reid,2023-24,26,13.8,14.0,2.8,5.6,0.8,1.3,0.5172000000000001,0.5181,0.51,0.46290000000000003,7.6,6.4,42,0
22023,1629675,22300610,2024-01-22,MIN vs. CHA,L,15,2,5,0.4,1,4,0.25,0,0,0.0,0,0,0,0,1,0,1,3,5,6,1,Naz Reid,2023-24,15,12.0,13.7,2.2,5.0,0.6,1.1,0.49720000000000003,0.5206000000000001,0.4934,0.4479,9.6,6.7,43,0
22023,1629675,22300620,2024-01-24,MIN @ WAS,W,21,2,9,0.222,1,3,0.333,0,0,0.0,0,3,3,2,1,1,0,1,5,4,1,Naz Reid,2023-24,21,11.4,12.6,2.6,4.6,0.8,1.1,0.42160000000000003,0.4882999999999999,0.4266,0.4312,9.2,5.0,44,1
22023,1629675,22300629,2024-01-25,MIN @ BKN,W,23,2,7,0.286,1,3,0.333,0,0,0.0,1,3,4,2,0,1,1,3,5,8,1,Naz Reid,2023-24,23,10.6,11.6,2.6,4.1,1.0,1.3,0.41220000000000007,0.4586,0.44320000000000004,0.43949999999999995,10.2,5.9,45,1
22023,1629675,22300649,2024-01-27,MIN @ SAS,L,22,5,12,0.417,2,5,0.4,1,2,0.5,0,2,2,0,0,3,1,2,13,5,1,Naz Reid,2023-24,22,9.2,11.6,2.4,3.3,0.8,1.1,0.37260000000000004,0.4378,0.3632000000000001,0.4295,8.0,6.3,46,0
22023,1629675,22300664,2024-01-29,MIN @ OKC,W,21,3,10,0.3,3,5,0.6,0,0,0.0,0,5,5,2,0,0,2,0,9,-7,1,Naz Reid,2023-24,21,7.4,10.6,2.8,2.8,1.2,1.0,0.32500000000000007,0.42110000000000003,0.38320000000000004,0.4466,3.2,5.4,47,1
22023,1629675,22300680,2024-01-31,MIN vs. DAL,W,26,4,10,0.4,3,5,0.6,1,4,0.25,1,7,8,2,1,1,0,3,12,23,1,Naz Reid,2023-24,26,8.8,10.4,4.4,3.3,1.6,1.1,0.325,0.41109999999999997,0.4532,0.47329999999999994,6.6,8.1,48,1
22023,1629675,22300694,2024-02-02,MIN vs. ORL,L,22,4,5,0.8,1,2,0.5,0,0,0.0,0,5,5,1,0,0,2,1,9,4,1,Naz Reid,2023-24,22,9.6,10.5,4.8,3.7,1.4,1.1,0.44060000000000005,0.4311,0.48660000000000003,0.4566,6.6,7.9,49,0
22023,1629675,22300709,2024-02-04,MIN vs. HOU,W,22,5,11,0.455,1,4,0.25,2,3,0.667,0,6,6,0,1,2,1,2,13,4,1,Naz Reid,2023-24,22,11.2,10.9,5.2,3.9,1.0,1.0,0.47440000000000004,0.44329999999999997,0.47000000000000003,0.4566,5.8,8.0,50,1
22023,1629675,22300723,2024-02-06,MIN @ CHI,L,20,4,11,0.364,2,6,0.333,0,0,0.0,0,4,4,2,0,1,0,1,10,3,1,Naz Reid,2023-24,20,10.6,9.9,5.6,4.0,1.4,1.1,0.4638000000000001,0.41819999999999996,0.4566,0.40990000000000004,5.4,6.7,51,0
22023,1629675,22300738,2024-02-08,MIN @ MIL,W,24,6,11,0.545,2,4,0.5,3,3,1.0,1,3,4,0,1,1,1,1,17,6,1,Naz Reid,2023-24,24,12.2,9.8,5.4,4.1,1.0,1.1,0.5128,0.4189,0.4366,0.40990000000000004,8.0,5.6,52,1
22023,1629675,22300770,2024-02-12,MIN @ LAC,W,27,5,9,0.556,1,2,0.5,0,0,0.0,0,7,7,1,0,0,2,3,11,17,1,Naz Reid,2023-24,27,12.0,10.4,5.2,4.8,0.8,1.2,0.544,0.4345,0.4166,0.4349,6.8,6.7,53,1
22023,1629675,22300775,2024-02-13,MIN @ POR,W,25,4,8,0.5,1,3,0.333,1,2,0.5,0,3,3,1,1,2,0,2,10,18,1,Naz Reid,2023-24,25,12.2,10.9,4.8,4.8,0.8,1.1,0.4840000000000001,0.46229999999999993,0.38320000000000004,0.4349,9.6,8.1,54,1
22023,1629675,22300791,2024-02-15,MIN @ POR,W,22,4,8,0.5,2,2,1.0,0,0,0.0,1,2,3,0,0,0,0,4,10,16,1,Naz Reid,2023-24,22,11.6,11.4,4.2,4.7,0.8,0.9,0.49300000000000005,0.48369999999999996,0.5332000000000001,0.5016,12.0,8.9,55,1
22023,1629675,22300808,2024-02-23,MIN vs. MIL,L,23,2,10,0.2,1,6,0.167,3,4,0.75,1,3,4,1,1,0,1,2,8,-13,1,Naz Reid,2023-24,23,11.2,10.9,4.2,4.9,0.6,1.0,0.4602000000000001,0.462,0.5,0.47829999999999995,8.8,7.1,56,0
22023,1629675,22300815,2024-02-24,MIN vs. BKN,W,27,2,9,0.222,0,5,0.0,2,4,0.5,4,5,9,1,0,3,3,4,6,8,1,Naz Reid,2023-24,27,9.0,10.6,5.2,5.3,0.8,0.9,0.39560000000000006,0.45420000000000005,0.4,0.4183,9.2,8.6,57,1
22023,1629675,22300838,2024-02-27,MIN vs. SAS,W,33,8,10,0.8,1,2,0.5,5,5,1.0,2,4,6,1,2,1,2,2,22,8,1,Naz Reid,2023-24,33,11.2,11.6,5.0,5.1,0.8,0.8,0.4444000000000001,0.49420000000000003,0.4,0.4083,7.4,7.1,58,1
22023,1629675,22300845,2024-02-28,MIN vs. MEM,W,26,6,11,0.545,4,6,0.667,3,3,1.0,1,5,6,2,0,2,0,5,19,18,1,Naz Reid,2023-24,26,13.0,12.6,5.6,5.2,1.0,0.9,0.4534000000000001,0.4687,0.4668,0.425,7.4,8.5,59,1
22023,1629675,22300862,2024-03-01,MIN vs. SAC,L,36,8,18,0.444,1,6,0.167,1,1,1.0,2,5,7,3,1,0,1,0,18,2,1,Naz Reid,2023-24,36,14.6,13.1,6.4,5.3,1.6,1.2,0.44220000000000004,0.4676,0.3002,0.41669999999999996,4.6,8.3,60,0
22023,1629675,22300873,2024-03-03,MIN vs. LAC,L,21,0,7,0.0,0,3,0.0,3,4,0.75,3,8,11,2,0,1,2,1,3,-18,1,Naz Reid,2023-24,21,13.6,12.4,7.8,6.0,1.8,1.2,0.4022,0.4312,0.26680000000000004,0.3834,3.6,6.2,61,0
22023,1629675,22300881,2024-03-04,MIN vs. POR,W,23,4,5,0.8,4,4,1.0,0,2,0.0,0,5,5,0,0,1,1,0,12,16,1,Naz Reid,2023-24,23,14.8,11.9,7.0,6.1,1.6,1.2,0.5178,0.4567,0.4668000000000001,0.43339999999999995,5.2,7.2,62,1
22023,1629675,22300903,2024-03-07,MIN @ IND,W,26,6,15,0.4,1,4,0.25,0,0,0.0,2,6,8,2,1,1,2,2,13,-12,1,Naz Reid,2023-24,26,13.0,12.1,7.4,6.2,1.8,1.3,0.4378,0.44109999999999994,0.4168000000000001,0.4084,1.2,4.3,63,1
22023,1629675,22300911,2024-03-08,MIN @ CLE,L,32,10,18,0.556,7,11,0.636,7,8,0.875,0,5,5,2,1,2,1,4,34,-9,1,Naz Reid,2023-24,32,16.0,14.5,7.2,6.4,1.8,1.4,0.44000000000000006,0.4467,0.41059999999999997,0.4387,-4.2,1.6,64,0
22023,1629675,22300932,2024-03-10,MIN @ LAL,L,42,9,17,0.529,5,10,0.5,2,3,0.667,0,5,5,3,0,4,3,4,25,-10,1,Naz Reid,2023-24,42,17.4,16.0,6.8,6.6,1.8,1.7,0.457,0.44960000000000006,0.4772,0.3887,-6.6,-1.0,65,0
22023,1629675,22300944,2024-03-12,MIN @ LAC,W,22,3,7,0.429,0,3,0.0,0,0,0.0,1,4,5,3,1,1,0,3,6,15,1,Naz Reid,2023-24,22,18.0,15.8,5.6,6.7,2.0,1.9,0.5428000000000001,0.4725,0.4772,0.372,0.0,1.8,66,1
22023,1629675,22300974,2024-03-16,MIN @ UTA,W,35,7,18,0.389,4,11,0.364,4,5,0.8,0,12,12,5,2,2,0,1,22,17,1,Naz Reid,2023-24,35,20.0,17.4,7.0,7.0,3.0,2.3,0.46060000000000006,0.4892,0.35000000000000003,0.4084,0.2,2.7,67,1
22023,1629675,22300987,2024-03-18,MIN @ UTA,W,17,7,12,0.583,2,4,0.5,1,2,0.5,2,2,4,0,0,1,1,1,17,3,1,Naz Reid,2023-24,17,20.8,16.9,6.2,6.8,2.6,2.2,0.49720000000000014,0.46749999999999997,0.4,0.4084,3.2,2.2,68,1
22023,1629675,22301014,2024-03-22,MIN vs. CLE,W,26,7,15,0.467,3,8,0.375,1,1,1.0,0,3,3,3,1,0,1,3,18,10,1,Naz Reid,2023-24,26,17.6,16.8,5.8,6.5,2.8,2.3,0.47940000000000005,0.45969999999999994,0.3478,0.37920000000000004,7.0,1.4,69,1
22023,1629675,22301031,2024-03-24,MIN vs. GSW,W,29,7,11,0.636,6,8,0.75,0,0,0.0,2,10,12,0,1,2,6,3,20,-6,1,Naz Reid,2023-24,29,16.6,17.0,7.2,7.0,2.2,2.0,0.5008000000000001,0.4789,0.39780000000000004,0.4375,7.8,0.6,70,1
22023,1629675,22301056,2024-03-27,MIN vs. DET,W,31,9,18,0.5,1,8,0.125,2,2,1.0,1,9,10,4,0,0,0,2,21,9,1,Naz Reid,2023-24,31,19.6,18.8,8.2,6.9,2.4,2.2,0.515,0.5288999999999999,0.42280000000000006,0.45,6.6,3.3,71,1
22023,1629675,22301071,2024-03-29,MIN @ DEN,W,33,2,12,0.167,0,5,0.0,3,4,0.75,0,6,6,2,2,0,1,3,7,14,1,Naz Reid,2023-24,33,16.6,18.3,7.0,7.0,1.8,2.4,0.4706,0.46559999999999996,0.35000000000000003,0.35,6.0,3.1,72,1
22023,1629675,22301084,2024-03-31,MIN vs. CHI,L,31,5,14,0.357,3,9,0.333,1,1,1.0,0,3,3,4,1,2,3,2,14,-4,1,Naz Reid,2023-24,31,16.0,18.4,6.8,6.5,2.6,2.6,0.42540000000000006,0.46129999999999993,0.31660000000000005,0.3583,4.6,3.9,73,0
22023,1629675,22301098,2024-04-02,MIN vs. HOU,W,34,10,17,0.588,3,5,0.6,2,2,1.0,1,5,6,2,2,1,3,1,25,5,1,Naz Reid,2023-24,34,17.4,17.5,7.4,6.6,2.4,2.6,0.44960000000000006,0.46449999999999997,0.36160000000000003,0.35469999999999996,3.6,5.3,74,1
22023,1629675,22301108,2024-04-03,MIN vs. TOR,W,26,8,15,0.533,6,10,0.6,1,2,0.5,1,6,7,1,1,2,2,0,23,12,1,Naz Reid,2023-24,26,18.0,17.3,6.4,6.8,2.6,2.4,0.4290000000000001,0.4648999999999999,0.33160000000000006,0.36469999999999997,7.2,7.5,75,1
22023,1629675,22301125,2024-04-05,MIN @ PHX,L,32,3,13,0.231,1,5,0.2,1,2,0.5,1,10,11,2,2,2,5,3,8,-19,1,Naz Reid,2023-24,32,15.4,17.5,6.6,7.4,2.2,2.3,0.3752000000000001,0.44510000000000005,0.3466000000000001,0.3847,1.6,4.1,76,0
22023,1629675,22301143,2024-04-07,MIN @ LAL,W,35,12,16,0.75,6,8,0.75,1,3,0.333,1,10,11,1,2,1,1,5,31,11,1,Naz Reid,2023-24,35,20.2,18.4,7.6,7.3,2.0,1.9,0.4918,0.4812,0.4966000000000001,0.42330000000000007,1.0,3.5,77,1
22023,1629675,22301152,2024-04-09,MIN vs. WAS,W,8,1,5,0.2,1,2,0.5,0,0,0.0,0,2,2,0,1,1,0,1,3,-15,1,Naz Reid,2023-24,8,18.0,17.0,7.4,7.1,1.2,1.9,0.4604000000000001,0.44289999999999996,0.53,0.42330000000000007,-1.2,1.7,78,1
22023,1629675,22301164,2024-04-10,MIN @ DEN,L,30,6,19,0.316,0,4,0.0,1,5,0.2,1,5,6,2,2,1,0,4,13,3,1,Naz Reid,2023-24,30,15.6,16.5,7.4,7.4,1.2,1.8,0.406,0.42779999999999996,0.41000000000000014,0.38580000000000003,-1.6,1.0,79,0
22023,1629675,22301178,2024-04-12,MIN vs. ATL,W,28,5,10,0.5,2,5,0.4,7,8,0.875,0,3,3,2,0,1,2,2,19,-3,1,Naz Reid,2023-24,28,14.8,16.4,6.6,6.5,1.4,2.0,0.3994000000000001,0.41419999999999996,0.3700000000000001,0.3508,-4.6,1.3,80,1
22023,1629675,22301194,2024-04-14,MIN vs. PHX,L,20,4,8,0.5,2,5,0.4,0,0,0.0,0,4,4,1,1,0,4,4,10,-17,1,Naz Reid,2023-24,20,15.2,15.3,5.2,5.9,1.2,1.7,0.4532,0.41419999999999996,0.41000000000000003,0.3783,-4.2,-1.3,81,0
22024,1629675,22400062,2024-10-22,MIN @ LAL,L,26,3,8,0.375,2,4,0.5,4,4,1.0,1,3,4,1,0,0,1,3,12,-6,1,Naz Reid,2024-25,26,11.4,15.8,3.8,5.7,1.2,1.6,0.3782,0.43499999999999994,0.36000000000000004,0.4283,-7.6,-3.3,1,0
22024,1629675,22400076,2024-10-24,MIN @ SAC,W,27,6,10,0.6,4,7,0.571,3,3,1.0,0,13,13,3,0,0,2,4,19,13,1,Naz Reid,2024-25,27,14.6,16.3,6.0,6.7,1.8,1.5,0.45820000000000005,0.4593,0.37420000000000003,0.4521,-2.0,-1.6,2,1
22024,1629675,22400093,2024-10-26,MIN vs. TOR,W,21,3,7,0.429,0,2,0.0,4,4,1.0,1,3,4,1,1,0,0,0,10,-5,1,Naz Reid,2024-25,21,14.0,14.8,5.6,6.5,1.6,1.4,0.48080000000000006,0.4433999999999999,0.37420000000000003,0.3921,-3.6,-2.6,3,1
22024,1629675,22400114,2024-10-29,MIN vs. DAL,L,26,5,8,0.625,2,5,0.4,2,2,1.0,0,9,9,2,0,1,5,1,14,-6,1,Naz Reid,2024-25,26,13.0,13.9,6.8,6.7,1.6,1.5,0.5058,0.4526,0.3742,0.3721,-4.2,-4.4,4,0
22024,1629675,22400139,2024-11-01,MIN vs. DEN,W,23,7,10,0.7,1,3,0.333,1,1,1.0,1,2,3,2,0,3,1,4,16,13,1,Naz Reid,2024-25,23,14.2,14.7,6.6,5.9,1.8,1.5,0.5458000000000001,0.4995,0.36080000000000007,0.3854,1.8,-1.2,5,1
22024,1629675,22400146,2024-11-02,MIN @ SAS,L,26,4,8,0.5,2,5,0.4,1,2,0.5,0,4,4,2,0,0,0,1,11,-10,1,Naz Reid,2024-25,26,14.0,12.7,6.6,5.2,2.0,1.6,0.5708,0.47450000000000003,0.34080000000000005,0.3504,1.0,-3.3,6,0
22024,1629675,22400162,2024-11-04,MIN vs. CHA,W,26,9,13,0.692,5,7,0.714,2,2,1.0,2,7,9,2,1,1,1,3,25,33,1,Naz Reid,2024-25,26,15.2,14.9,5.8,5.9,1.8,1.8,0.5892000000000001,0.5237,0.36940000000000006,0.3718,5.0,1.5,7,1
22024,1629675,22400181,2024-11-07,MIN @ CHI,W,18,2,7,0.286,0,3,0.0,0,0,0.0,1,1,2,1,1,0,0,2,4,-10,1,Naz Reid,2024-25,18,14.0,14.0,5.4,5.5,1.8,1.7,0.5606000000000001,0.5206999999999999,0.36940000000000006,0.3718,4.0,0.2,8,1
22024,1629675,22400193,2024-11-08,MIN vs. POR,W,22,6,11,0.545,3,5,0.6,0,0,0.0,0,4,4,1,1,0,1,4,15,20,1,Naz Reid,2024-25,22,14.2,13.6,4.4,5.6,1.6,1.6,0.5446,0.5252,0.40940000000000004,0.39180000000000004,9.2,2.5,9,1
22024,1629675,22400206,2024-11-10,MIN vs. MIA,L,23,5,11,0.455,4,7,0.571,1,1,1.0,1,2,3,2,0,0,1,2,15,10,1,Naz Reid,2024-25,23,14.0,14.1,4.4,5.5,1.6,1.7,0.49560000000000004,0.5206999999999999,0.457,0.40889999999999993,8.6,5.2,10,0
22024,1629675,22400008,2024-11-12,MIN @ POR,L,34,10,17,0.588,4,8,0.5,4,4,1.0,0,6,6,1,1,0,1,4,28,-15,1,Naz Reid,2024-25,34,17.4,15.7,4.8,5.7,1.4,1.7,0.5132,0.542,0.47700000000000004,0.40889999999999993,7.6,4.3,11,0
22024,1629675,22400226,2024-11-13,MIN @ POR,L,28,5,12,0.417,2,8,0.25,3,4,0.75,1,2,3,2,1,1,0,3,15,-11,1,Naz Reid,2024-25,28,15.4,15.3,3.6,4.7,1.4,1.6,0.4582,0.5236999999999999,0.38420000000000004,0.37679999999999997,-1.2,1.9,12,0
22024,1629675,22400020,2024-11-15,MIN @ SAC,W,24,7,12,0.583,2,4,0.5,0,0,0.0,1,4,5,2,0,0,0,1,16,-20,1,Naz Reid,2024-25,24,17.8,15.9,4.2,4.8,1.6,1.7,0.5176000000000001,0.5391,0.4842000000000001,0.42679999999999996,-3.2,0.4,13,1
22024,1629675,22400234,2024-11-17,MIN vs. PHX,W,22,4,10,0.4,1,6,0.167,4,5,0.8,2,2,4,1,1,0,2,1,13,-15,1,Naz Reid,2024-25,22,17.4,15.8,4.2,4.3,1.6,1.6,0.48860000000000003,0.5166000000000001,0.3976,0.4035,-10.2,-0.5,14,1
22024,1629675,22400261,2024-11-21,MIN @ TOR,L,22,1,8,0.125,0,3,0.0,0,0,0.0,2,2,4,1,0,1,2,5,2,-4,1,Naz Reid,2024-25,22,14.8,14.4,4.4,4.4,1.4,1.5,0.4226,0.4591,0.28340000000000004,0.3702,-13.0,-2.2,15,0
22024,1629675,22400271,2024-11-24,MIN @ BOS,L,26,2,9,0.222,1,6,0.167,0,0,0.0,0,5,5,2,1,0,2,3,5,10,1,Naz Reid,2024-25,26,10.2,13.8,4.2,4.5,1.6,1.5,0.34940000000000004,0.43129999999999996,0.21680000000000005,0.3469,-8.0,-0.2,16,0
22024,1629675,22400037,2024-11-26,MIN vs. HOU,L,27,7,14,0.5,3,7,0.429,2,2,1.0,1,6,7,0,2,0,2,0,19,6,1,Naz Reid,2024-25,27,11.0,13.2,5.0,4.3,1.2,1.3,0.366,0.41209999999999997,0.25260000000000005,0.3184,-4.6,-2.9,17,0
22024,1629675,22400294,2024-11-27,MIN vs. SAC,L,24,3,7,0.429,0,3,0.0,1,2,0.5,0,3,3,1,3,3,3,3,7,-5,1,Naz Reid,2024-25,24,9.2,13.5,4.6,4.4,1.0,1.3,0.33520000000000005,0.42639999999999995,0.15260000000000004,0.3184,-1.6,-2.4,18,0
22024,1629675,22400044,2024-11-29,MIN vs. LAC,W,23,3,9,0.333,1,6,0.167,1,1,1.0,0,6,6,1,1,2,1,0,8,-2,1,Naz Reid,2024-25,23,8.2,12.8,5.0,4.6,1.0,1.3,0.3218000000000001,0.40519999999999995,0.15260000000000004,0.2751,1.0,-4.6,19,1
22024,1629675,22400318,2024-12-02,MIN vs. LAL,W,28,6,11,0.545,2,5,0.4,1,1,1.0,0,2,2,2,2,1,0,3,15,22,1,Naz Reid,2024-25,28,10.8,12.8,4.6,4.5,1.2,1.3,0.40580000000000005,0.41419999999999996,0.23260000000000006,0.258,6.2,-3.4,20,1
22024,1629675,22400324,2024-12-04,MIN @ LAC,W,21,1,4,0.25,0,2,0.0,2,2,1.0,0,4,4,1,0,2,1,1,4,15,1,Naz Reid,2024-25,21,10.6,10.4,4.4,4.3,1.0,1.3,0.4114000000000001,0.38039999999999996,0.19920000000000004,0.20800000000000002,7.2,-0.4,21,1
22024,1629675,22400338,2024-12-06,MIN @ GSW,W,32,4,10,0.4,1,5,0.2,0,0,0.0,1,9,10,4,3,2,0,1,9,20,1,Naz Reid,2024-25,32,8.6,9.8,5.0,5.0,1.8,1.5,0.3914000000000001,0.3787,0.15340000000000006,0.203,10.0,2.7,22,1
22024,1629675,22400355,2024-12-08,MIN @ GSW,L,21,3,8,0.375,1,6,0.167,3,5,0.6,0,6,6,2,0,2,2,2,10,-2,1,Naz Reid,2024-25,21,9.2,9.2,5.6,5.1,2.0,1.5,0.3806000000000001,0.3579,0.18680000000000005,0.16970000000000002,10.6,4.5,23,0
22024,1629675,22401210,2024-12-13,MIN vs. LAL,W,26,3,10,0.3,2,2,1.0,2,2,1.0,1,4,5,0,0,1,2,3,10,-6,1,Naz Reid,2024-25,26,9.6,8.9,5.4,5.2,1.8,1.4,0.374,0.3479,0.35340000000000005,0.253,9.8,5.4,24,1
22024,1629675,22401218,2024-12-15,MIN @ SAS,W,27,1,10,0.1,0,4,0.0,1,1,1.0,0,8,8,3,0,1,0,1,3,26,1,Naz Reid,2024-25,27,7.2,9.0,6.6,5.6,2.0,1.6,0.28500000000000003,0.3454,0.2734000000000001,0.253,10.6,8.4,25,1
22024,1629675,22400367,2024-12-19,MIN vs. NYK,L,16,1,7,0.143,1,4,0.25,0,0,0.0,0,2,2,2,0,0,1,4,3,-6,1,Naz Reid,2024-25,16,7.0,8.8,6.2,5.3,2.2,1.6,0.26360000000000006,0.33749999999999997,0.3234000000000001,0.2613,6.4,6.8,26,0
22024,1629675,22400383,2024-12-21,MIN vs. GSW,L,25,6,11,0.545,4,7,0.571,0,0,0.0,1,3,4,2,0,1,3,3,16,-12,1,Naz Reid,2024-25,25,8.4,8.5,5.0,5.0,1.8,1.8,0.2926,0.34199999999999997,0.39760000000000006,0.27549999999999997,0.0,5.0,27,0
22024,1629675,22400395,2024-12-23,MIN @ ATL,L,29,10,19,0.526,3,10,0.3,0,0,0.0,2,1,3,3,1,0,1,2,23,-13,1,Naz Reid,2024-25,29,11.0,10.1,4.4,5.0,2.0,2.0,0.3228000000000001,0.3517,0.4242,0.3055,-2.2,4.2,28,0
22024,1629675,22400406,2024-12-25,MIN @ DAL,W,22,3,6,0.5,0,0,0.0,0,0,0.0,0,2,2,2,1,0,1,1,6,-3,1,Naz Reid,2024-25,22,10.2,9.9,3.8,4.6,2.4,2.1,0.3628,0.36839999999999995,0.22420000000000004,0.28880000000000006,-1.6,4.1,29,1
22024,1629675,22400422,2024-12-27,MIN @ HOU,W,24,6,12,0.5,1,5,0.2,1,3,0.333,2,1,3,1,0,1,2,6,14,14,1,Naz Reid,2024-25,24,12.4,9.8,2.8,4.7,2.0,2.0,0.4428000000000001,0.3639,0.2642000000000001,0.2688,-4.0,3.3,30,1
22024,1629675,22400441,2024-12-29,MIN vs. SAS,W,21,5,11,0.455,1,4,0.25,0,2,0.0,0,4,4,2,1,1,0,4,11,4,1,Naz Reid,2024-25,21,14.0,10.5,3.2,4.7,2.0,2.1,0.5052000000000001,0.38439999999999996,0.26420000000000005,0.29379999999999995,-2.0,2.2,31,1
22024,1629675,22400452,2024-12-31,MIN @ OKC,L,33,8,14,0.571,1,5,0.2,2,2,1.0,2,6,8,1,1,3,4,4,19,-8,1,Naz Reid,2024-25,33,14.6,11.5,4.0,4.5,1.8,1.8,0.5104,0.40149999999999997,0.19000000000000009,0.2938,-1.2,-0.6,32,0
22024,1629675,22400464,2025-01-02,MIN vs. BOS,L,26,6,11,0.545,4,5,0.8,4,4,1.0,3,2,5,3,0,0,2,1,20,-4,1,Naz Reid,2024-25,26,14.0,12.5,4.4,4.4,1.8,1.9,0.5142,0.4185,0.2900000000000001,0.3571,0.6,-0.8,33,0
22024,1629675,22400479,2025-01-04,MIN @ DET,L,25,2,7,0.286,2,4,0.5,3,4,0.75,0,3,3,1,0,0,0,2,9,-7,1,Naz Reid,2024-25,25,14.6,12.4,4.6,4.2,1.6,2.0,0.47139999999999993,0.4170999999999999,0.39000000000000007,0.3071,-0.2,-0.9,34,0
22024,1629675,22400500,2025-01-06,MIN vs. LAC,W,31,8,14,0.571,1,5,0.2,1,3,0.333,1,6,7,3,1,2,1,5,18,-10,1,Naz Reid,2024-25,31,15.4,13.9,5.4,4.1,2.0,2.0,0.4856,0.46419999999999995,0.39000000000000007,0.3271,-5.0,-4.5,35,1
22024,1629675,22400505,2025-01-07,MIN @ NOP,W,23,6,16,0.375,1,5,0.2,0,1,0.0,6,6,12,1,0,1,3,2,13,0,1,Naz Reid,2024-25,23,15.8,14.9,7.0,5.1,1.8,1.9,0.46959999999999996,0.48740000000000006,0.38000000000000006,0.3221,-5.8,-3.9,36,1
22024,1629675,22400519,2025-01-09,MIN @ ORL,W,23,5,9,0.556,2,4,0.5,4,6,0.667,0,3,3,1,2,1,0,1,16,14,1,Naz Reid,2024-25,23,15.2,14.9,6.0,5.0,1.8,1.8,0.4666,0.4885,0.4400000000000001,0.31500000000000006,-1.4,-1.3,37,1
22024,1629675,22400535,2025-01-11,MIN vs. MEM,L,30,7,10,0.7,5,7,0.714,0,0,0.0,1,5,6,3,0,1,2,1,19,2,1,Naz Reid,2024-25,30,15.0,14.5,6.2,5.3,1.8,1.8,0.4976,0.5058999999999999,0.42280000000000006,0.3564,-0.2,0.2,38,0
22024,1629675,22400548,2025-01-13,MIN @ WAS,W,24,3,5,0.6,3,4,0.75,3,4,0.75,0,5,5,1,3,1,0,4,12,7,1,Naz Reid,2024-25,24,15.6,15.1,6.6,5.6,1.8,1.7,0.5604,0.5159,0.47280000000000005,0.4314,2.6,1.2,39,1
22024,1629675,22400565,2025-01-15,MIN vs. GSW,L,29,5,13,0.385,3,7,0.429,2,2,1.0,2,4,6,1,0,1,0,0,15,8,1,Naz Reid,2024-25,29,15.0,15.2,6.4,5.9,1.4,1.7,0.5231999999999999,0.5044,0.5186000000000001,0.45430000000000004,6.2,0.6,40,0
22024,1629675,22400578,2025-01-17,MIN @ NYK,W,25,8,11,0.727,6,6,1.0,1,2,0.5,2,6,8,1,1,0,1,4,23,1,1,Naz Reid,2024-25,25,17.0,16.4,5.6,6.3,1.4,1.6,0.5936,0.5315999999999999,0.6786000000000001,0.5292999999999999,6.4,0.3,41,1
22024,1629675,22400590,2025-01-18,MIN vs. CLE,L,26,6,12,0.5,4,8,0.5,0,0,0.0,0,2,2,4,2,2,0,3,16,-15,1,Naz Reid,2024-25,26,17.0,16.1,5.4,5.7,2.0,1.9,0.5824,0.5245,0.6786000000000001,0.5593,0.6,-0.4,42,0
22024,1629675,22400601,2025-01-20,MIN @ MEM,L,33,11,20,0.55,5,10,0.5,2,2,1.0,3,5,8,1,0,0,2,3,29,2,1,Naz Reid,2024-25,33,19.0,17.0,5.8,6.0,1.6,1.7,0.5524,0.525,0.6358,0.5292999999999999,0.6,0.2,43,0
22024,1629675,22400614,2025-01-22,MIN @ DAL,W,27,5,9,0.556,2,3,0.667,0,0,0.0,0,6,6,1,1,0,0,3,12,-1,1,Naz Reid,2024-25,27,19.0,17.3,6.0,6.3,1.6,1.7,0.5436,0.5519999999999999,0.6192000000000001,0.546,-1.0,0.8,44,1
22024,1629675,22400634,2025-01-25,MIN vs. DEN,W,25,5,9,0.556,1,2,0.5,2,2,1.0,2,0,2,4,2,2,2,1,13,14,1,Naz Reid,2024-25,25,18.6,16.8,5.2,5.8,2.2,1.8,0.5778000000000001,0.5505,0.6334000000000001,0.576,0.2,3.2,45,1
22024,1629675,22400656,2025-01-27,MIN vs. ATL,W,29,6,9,0.667,3,5,0.6,0,0,0.0,0,3,3,2,0,0,2,1,15,4,1,Naz Reid,2024-25,29,17.0,17.0,4.2,4.9,2.4,1.9,0.5658,0.5797,0.5534000000000001,0.616,0.8,3.6,46,1
22024,1629675,22400677,2025-01-30,MIN @ UTA,W,28,4,5,0.8,4,5,0.8,0,0,0.0,0,4,4,4,1,0,0,1,12,35,1,Naz Reid,2024-25,28,16.2,16.6,4.6,5.0,2.4,2.2,0.6258,0.6041,0.6134000000000001,0.646,10.8,5.7,47,1
22024,1629675,22400690,2025-02-01,MIN vs. WAS,L,20,3,10,0.3,2,6,0.333,0,0,0.0,0,3,3,0,0,0,1,1,8,-9,1,Naz Reid,2024-25,20,12.0,15.5,3.6,4.7,2.2,1.9,0.5758,0.5640999999999999,0.5800000000000001,0.6079,8.6,4.6,48,0
22024,1629675,22400704,2025-02-03,MIN vs. SAC,L,40,12,19,0.632,5,9,0.556,1,1,1.0,1,4,5,3,0,2,0,1,30,3,1,Naz Reid,2024-25,40,15.6,17.3,3.4,4.7,2.6,2.1,0.591,0.5673,0.5578000000000001,0.5885,9.4,4.2,49,0
22024,1629675,22400723,2025-02-05,MIN vs. CHI,W,36,8,19,0.421,4,10,0.4,2,2,1.0,2,8,10,6,1,2,1,3,22,16,1,Naz Reid,2024-25,36,17.4,18.0,5.0,5.1,3.0,2.6,0.564,0.5709,0.5378000000000001,0.5856,9.8,5.0,50,1
22024,1629675,22400729,2025-02-06,MIN vs. HOU,W,36,6,16,0.375,2,8,0.25,1,1,1.0,4,7,11,4,2,2,2,2,15,25,1,Naz Reid,2024-25,36,17.4,17.2,6.6,5.4,3.4,2.9,0.5055999999999999,0.5357,0.4678000000000001,0.5105999999999999,14.0,7.4,51,1
22024,1629675,22400747,2025-02-08,MIN vs. POR,W,38,9,16,0.563,5,9,0.556,0,2,0.0,0,8,8,2,2,0,4,5,23,29,1,Naz Reid,2024-25,38,19.6,17.9,7.4,6.0,3.0,2.7,0.4582,0.542,0.41900000000000015,0.5162,12.8,11.8,52,1
22024,1629675,22400755,2025-02-10,MIN @ CLE,L,35,4,12,0.333,1,6,0.167,1,2,0.5,2,4,6,4,0,2,1,3,10,-9,1,Naz Reid,2024-25,35,20.0,16.0,8.0,5.8,3.8,3.0,0.4648,0.5203,0.3858000000000001,0.48290000000000005,12.8,10.7,53,0
22024,1629675,22400776,2025-02-12,MIN vs. MIL,L,33,7,17,0.412,1,7,0.143,7,7,1.0,2,11,13,2,0,1,2,2,22,10,1,Naz Reid,2024-25,33,18.4,17.0,9.6,6.5,3.6,3.1,0.4208,0.5059,0.3032000000000001,0.4305,14.2,11.8,54,0
22024,1629675,22400787,2025-02-13,MIN vs. OKC,W,38,11,18,0.611,3,9,0.333,2,2,1.0,4,10,14,7,0,1,0,1,27,10,1,Naz Reid,2024-25,38,19.4,18.4,10.4,7.7,3.8,3.4,0.4588,0.5114,0.28980000000000017,0.4138,13.0,11.4,55,1
22024,1629675,22400801,2025-02-21,MIN @ HOU,L,34,9,16,0.563,2,6,0.333,2,2,1.0,1,7,8,3,1,3,0,5,22,-10,1,Naz Reid,2024-25,34,20.8,19.1,9.8,8.2,3.6,3.5,0.49639999999999995,0.501,0.3064000000000001,0.38710000000000006,6.0,10.0,56,0
22024,1629675,22400820,2025-02-23,MIN vs. OKC,L,40,6,18,0.333,3,9,0.333,7,7,1.0,2,9,11,2,0,4,2,3,22,6,1,Naz Reid,2024-25,40,20.6,20.1,10.4,8.9,3.6,3.3,0.45039999999999997,0.4542999999999999,0.26180000000000014,0.3404,1.4,7.1,57,0
22024,1629675,22400826,2025-02-24,MIN @ OKC,W,41,7,21,0.333,2,8,0.25,6,6,1.0,2,9,11,3,0,0,2,2,22,3,1,Naz Reid,2024-25,41,23.0,21.5,11.4,9.7,3.4,3.6,0.45039999999999997,0.45759999999999995,0.2784000000000001,0.33210000000000006,3.8,8.3,58,1
22024,1629675,22400849,2025-02-27,MIN @ LAL,L,31,1,10,0.1,0,5,0.0,1,2,0.5,4,8,12,2,0,0,3,4,3,-9,1,Naz Reid,2024-25,31,19.2,18.8,11.2,10.4,3.4,3.5,0.388,0.4044,0.2498000000000001,0.2765000000000001,0.0,7.1,59,0
22024,1629675,22400858,2025-02-28,MIN @ UTA,L,41,10,25,0.4,6,15,0.4,1,2,0.5,4,7,11,5,3,1,2,3,27,-5,1,Naz Reid,2024-25,41,19.2,19.3,10.6,10.5,3.0,3.4,0.3458,0.4023,0.2632000000000001,0.2765,-3.0,5.0,60,0
22024,1629675,22400873,2025-03-02,MIN @ PHX,W,39,3,15,0.2,1,8,0.125,0,2,0.0,0,10,10,5,2,1,1,3,7,26,1,Naz Reid,2024-25,39,16.2,18.5,11.0,10.4,3.4,3.5,0.2732,0.3848,0.2216000000000001,0.264,4.2,5.1,61,1
22024,1629675,22400887,2025-03-04,MIN vs. PHI,W,33,9,18,0.5,5,10,0.5,0,0,0.0,1,5,6,2,1,1,3,2,23,12,1,Naz Reid,2024-25,33,16.4,18.5,10.0,10.2,3.4,3.5,0.3066,0.37849999999999995,0.25500000000000006,0.2584,5.4,3.4,62,1
22024,1629675,22400892,2025-03-05,MIN @ CHA,W,35,5,12,0.417,2,7,0.286,1,2,0.5,1,9,10,2,0,0,1,3,13,20,1,Naz Reid,2024-25,35,14.6,18.8,9.8,10.6,3.2,3.3,0.3234,0.3868999999999999,0.2622000000000001,0.27030000000000004,8.8,6.3,63,1
22024,1629675,22400907,2025-03-07,MIN @ MIA,W,34,6,13,0.462,3,7,0.429,0,0,0.0,1,3,4,3,0,2,1,3,15,19,1,Naz Reid,2024-25,34,17.0,18.1,8.2,9.7,3.4,3.4,0.3958,0.39189999999999997,0.3480000000000001,0.2989,14.4,7.2,64,1
22024,1629675,22400925,2025-03-09,MIN vs. SAS,W,27,8,15,0.533,4,8,0.5,0,0,0.0,1,6,7,4,0,2,2,2,20,7,1,Naz Reid,2024-25,27,15.6,17.4,7.4,9.0,3.2,3.1,0.4224,0.3841,0.36800000000000005,0.3156,16.8,6.9,65,1
22024,1629675,22400952,2025-03-12,MIN @ DEN,W,26,3,7,0.429,2,5,0.4,0,0,0.0,0,5,5,2,1,1,3,4,8,17,1,Naz Reid,2024-25,26,15.8,16.0,6.4,8.7,2.6,3.0,0.46820000000000006,0.3707,0.42300000000000004,0.3223,15.0,9.6,66,1
22024,1629675,22400963,2025-03-14,MIN vs. ORL,W,27,3,9,0.333,2,6,0.333,0,2,0.0,0,7,7,3,1,2,2,4,8,7,1,Naz Reid,2024-25,27,12.8,14.6,6.6,8.3,2.8,3.1,0.43479999999999996,0.3707,0.38960000000000006,0.3223,14.0,9.7,67,1
22024,1629675,22400981,2025-03-16,MIN vs. UTA,W,20,2,10,0.2,0,5,0.0,1,2,0.5,4,5,9,3,3,1,3,1,5,11,1,Naz Reid,2024-25,20,11.2,12.9,6.4,8.1,3.0,3.1,0.3914,0.3574,0.33240000000000014,0.2973,12.2,10.5,68,1
22024,1629675,22400986,2025-03-17,MIN vs. IND,L,30,9,16,0.563,3,7,0.429,0,0,0.0,1,3,4,0,1,1,2,3,21,5,1,Naz Reid,2024-25,30,12.4,14.7,6.4,7.3,2.4,2.9,0.41159999999999997,0.4037,0.3324000000000001,0.34019999999999995,9.4,11.9,69,0
22024,1629675,22401001,2025-03-19,MIN vs. NOP,L,34,3,11,0.273,2,7,0.286,1,2,0.5,2,5,7,4,1,1,1,1,9,6,1,Naz Reid,2024-25,34,10.2,12.9,6.4,6.9,2.4,2.8,0.35960000000000003,0.39099999999999996,0.2896000000000001,0.3288,9.2,13.0,70,0
22024,1629675,22401016,2025-03-21,MIN vs. NOP,W,24,6,13,0.462,3,8,0.375,0,0,0.0,0,5,5,6,1,0,0,1,15,19,1,Naz Reid,2024-25,24,11.6,13.7,6.4,6.4,3.2,2.9,0.3662,0.41719999999999996,0.2846000000000001,0.3538,9.6,12.3,71,1
22024,1629675,22401037,2025-03-24,MIN @ IND,L,26,8,13,0.615,3,6,0.5,1,2,0.5,0,3,3,2,0,0,1,2,20,-5,1,Naz Reid,2024-25,26,14.0,13.4,5.6,6.1,3.0,2.9,0.4226000000000001,0.42869999999999997,0.31800000000000006,0.3538,7.2,10.6,72,0
22024,1629675,22401071,2025-03-28,MIN vs. PHX,W,26,3,7,0.429,3,5,0.6,0,0,0.0,1,6,7,4,1,0,1,2,9,3,1,Naz Reid,2024-25,26,14.8,13.0,5.2,5.8,3.2,3.1,0.46840000000000004,0.42989999999999995,0.43800000000000006,0.3852,5.6,8.9,73,1
22024,1629675,22401084,2025-03-30,MIN vs. DET,W,10,1,3,0.333,0,1,0.0,0,0,0.0,0,2,2,1,0,0,0,0,2,0,1,Naz Reid,2024-25,10,11.0,11.7,4.8,5.6,3.4,2.9,0.4224,0.417,0.3522000000000001,0.3423,4.6,7.0,74,1
22024,1629675,22401113,2025-04-03,MIN @ BKN,W,26,5,9,0.556,1,4,0.25,2,2,1.0,0,2,2,3,0,1,2,1,13,9,1,Naz Reid,2024-25,26,11.8,11.0,3.8,5.1,3.2,2.8,0.479,0.41929999999999995,0.3450000000000001,0.3173,5.2,7.2,75,1
22024,1629675,22401130,2025-04-05,MIN @ PHI,W,27,4,10,0.4,0,5,0.0,1,2,0.5,0,7,7,2,0,2,5,3,9,11,1,Naz Reid,2024-25,27,10.6,11.1,4.2,5.3,2.4,2.8,0.4666,0.4164,0.27000000000000013,0.2773,3.6,6.6,76,1
22024,1629675,22401152,2025-04-08,MIN @ MIL,L,26,7,12,0.583,3,7,0.429,0,0,0.0,1,3,4,3,1,0,0,1,17,7,1,Naz Reid,2024-25,26,10.0,12.0,4.4,5.0,2.6,2.8,0.46020000000000005,0.44139999999999996,0.2558000000000001,0.2869,6.0,6.6,77,0
22024,1629675,22401170,2025-04-10,MIN @ MEM,W,24,4,13,0.308,1,5,0.2,5,5,1.0,3,3,6,1,0,0,2,5,14,-7,1,Naz Reid,2024-25,24,11.0,12.9,4.2,4.7,2.0,2.6,0.43600000000000005,0.45219999999999994,0.1758000000000001,0.3069,4.0,4.8,78,1
22024,1629675,22401179,2025-04-11,MIN vs. BKN,W,26,3,6,0.5,1,3,0.333,0,0,0.0,2,3,5,2,0,1,0,0,7,7,1,Naz Reid,2024-25,26,12.0,11.5,4.8,4.8,2.2,2.8,0.4694,0.44589999999999996,0.2424000000000001,0.2973,5.4,5.0,79,1
22024,1629675,22401195,2025-04-13,MIN vs. UTA,W,25,5,10,0.5,0,3,0.0,1,1,1.0,3,5,8,2,0,0,1,2,11,9,1,Naz Reid,2024-25,25,11.6,11.7,6.0,4.9,2.0,2.6,0.4582,0.4686,0.19240000000000007,0.2687,5.4,5.3,80,1
22022,203497,22200010,2022-10-19,MIN vs. OKC,W,34,10,15,0.667,0,0,0.0,3,5,0.6,7,9,16,2,1,1,0,1,23,13,1,Rudy Gobert,2022-23,34,23.0,23.0,16.0,16.0,2.0,2.0,0.667,0.667,0.0,0.0,13.0,13.0,1,1
22022,203497,22200025,2022-10-21,MIN vs. UTA,L,38,4,10,0.4,0,0,0.0,1,3,0.333,10,13,23,0,1,2,4,3,9,-9,1,Rudy Gobert,2022-23,38,16.0,16.0,19.5,19.5,1.0,1.0,0.5335000000000001,0.5335000000000001,0.0,0.0,2.0,2.0,2,0
22022,203497,22200041,2022-10-23,MIN @ OKC,W,25,7,9,0.778,0,1,0.0,1,3,0.333,2,13,15,1,0,1,1,2,15,-1,1,Rudy Gobert,2022-23,25,15.666666666666666,15.666666666666666,18.0,18.0,1.0,1.0,0.6150000000000001,0.6150000000000001,0.0,0.0,1.0,1.0,3,1
22022,203497,22200050,2022-10-24,MIN vs. SAS,L,31,4,4,1.0,0,0,0.0,3,4,0.75,1,6,7,1,0,3,2,2,11,-9,1,Rudy Gobert,2022-23,31,14.5,14.5,15.25,15.25,1.0,1.0,0.71125,0.71125,0.0,0.0,-1.5,-1.5,4,0
22022,203497,22200062,2022-10-26,MIN vs. SAS,W,35,4,6,0.667,0,0,0.0,2,4,0.5,0,9,9,1,1,1,2,4,10,9,1,Rudy Gobert,2022-23,35,13.6,13.6,14.0,14.0,1.0,1.0,0.7024,0.7024,0.0,0.0,0.6,0.6,5,1
22022,203497,22200076,2022-10-28,MIN vs. LAL,W,37,7,11,0.636,0,0,0.0,8,12,0.667,8,13,21,2,0,2,1,3,22,8,1,Rudy Gobert,2022-23,37,13.4,15.0,15.0,15.166666666666666,1.0,1.1666666666666667,0.6961999999999999,0.6913333333333332,0.0,0.0,-0.4,1.8333333333333333,6,1
22022,203497,22200092,2022-10-30,MIN @ SAS,L,27,4,11,0.364,0,0,0.0,1,3,0.333,6,6,12,0,1,2,1,2,9,-10,1,Rudy Gobert,2022-23,27,13.4,14.142857142857142,12.8,14.714285714285714,1.0,1.0,0.689,0.6445714285714287,0.0,0.0,-0.6,0.14285714285714285,7,0
22022,203497,22200106,2022-11-01,MIN @ PHX,L,32,0,1,0.0,0,0,0.0,7,7,1.0,4,5,9,3,0,1,1,2,7,-13,1,Rudy Gobert,2022-23,32,11.8,13.25,11.6,14.0,1.4,1.25,0.5334,0.5640000000000001,0.0,0.0,-3.0,-1.5,8,0
22022,203497,22200129,2022-11-04,MIN vs. MIL,L,30,3,6,0.5,0,1,0.0,1,2,0.5,4,9,13,0,1,1,0,4,7,-13,1,Rudy Gobert,2022-23,30,11.0,12.555555555555555,12.8,13.88888888888889,1.2,1.1111111111111112,0.43339999999999995,0.556888888888889,0.0,0.0,-3.8,-2.7777777777777777,9,0
22022,203497,22200167,2022-11-09,MIN vs. PHX,L,30,8,11,0.727,0,0,0.0,9,11,0.818,3,8,11,0,0,3,1,4,25,-5,1,Rudy Gobert,2022-23,30,14.0,13.8,13.2,13.6,1.0,1.0,0.4454000000000001,0.5739,0.0,0.0,-6.6,-3.0,10,0
22022,203497,22200181,2022-11-11,MIN @ MEM,L,35,5,5,1.0,0,0,0.0,5,5,1.0,1,5,6,1,1,0,4,4,15,-9,1,Rudy Gobert,2022-23,35,12.6,13.0,10.2,12.6,0.8,0.9,0.5182,0.6072,0.0,0.0,-10.0,-5.2,11,0
22022,203497,22200193,2022-11-13,MIN @ CLE,W,33,5,10,0.5,0,0,0.0,5,8,0.625,4,9,13,1,1,2,3,3,15,-13,1,Rudy Gobert,2022-23,33,13.8,13.6,10.4,11.6,1.0,1.0,0.5454000000000001,0.6172,0.0,0.0,-10.6,-5.6,12,1
22022,203497,22200212,2022-11-16,MIN @ ORL,W,32,5,7,0.714,0,0,0.0,6,8,0.75,2,6,8,1,2,1,0,3,16,24,1,Rudy Gobert,2022-23,32,15.6,13.7,10.2,10.9,0.6,1.0,0.6881999999999999,0.6108,0.0,0.0,-3.2,-3.1,13,1
22022,203497,22200237,2022-11-19,MIN @ PHI,W,28,4,7,0.571,0,0,0.0,0,0,0.0,5,8,13,1,1,0,0,5,8,-8,1,Rudy Gobert,2022-23,28,15.8,13.4,10.2,11.5,0.8,1.0,0.7024,0.5679000000000001,0.0,0.0,-2.2,-3.0,14,1
22022,203497,22200252,2022-11-21,MIN vs. MIA,W,31,0,0,0.0,0,0,0.0,4,4,1.0,2,7,9,0,1,2,1,4,4,3,1,Rudy Gobert,2022-23,31,11.6,12.8,9.8,11.5,0.8,0.9,0.557,0.5012,0.0,0.0,-0.6,-3.6,15,1
22022,203497,22200262,2022-11-23,MIN @ IND,W,32,9,11,0.818,0,0,0.0,3,4,0.75,4,12,16,2,0,0,2,3,21,7,1,Rudy Gobert,2022-23,32,12.8,12.7,11.8,11.0,1.0,0.9,0.5206,0.5193999999999999,0.0,0.0,2.6,-3.7,16,1
22022,203497,22200272,2022-11-25,MIN @ CHA,L,34,6,10,0.6,0,0,0.0,5,5,1.0,4,13,17,1,2,2,2,4,17,6,1,Rudy Gobert,2022-23,34,13.2,13.5,12.6,11.5,1.0,1.0,0.5406,0.5429999999999999,0.0,0.0,6.4,-2.1,17,0
22022,203497,22200291,2022-11-27,MIN vs. GSW,L,30,4,9,0.444,0,0,0.0,1,2,0.5,4,6,10,0,0,1,2,2,9,-8,1,Rudy Gobert,2022-23,30,11.8,13.7,13.0,11.6,0.8,0.7,0.4866,0.5873999999999999,0.0,0.0,0.0,-1.6,18,0
22022,203497,22200300,2022-11-28,MIN @ WAS,L,29,7,7,1.0,0,0,0.0,5,5,1.0,4,3,7,0,0,1,1,3,19,-22,1,Rudy Gobert,2022-23,29,14.0,14.9,11.8,11.0,0.6,0.7,0.5724,0.6374,0.0,0.0,-2.8,-2.5,19,0
22022,203497,22200317,2022-11-30,MIN vs. MEM,W,26,4,5,0.8,0,0,0.0,1,2,0.5,0,1,1,0,1,1,4,4,9,13,1,Rudy Gobert,2022-23,26,15.0,13.3,10.2,10.0,0.6,0.7,0.7323999999999999,0.6447,0.0,0.0,-0.8,-0.7,20,1
22022,203497,22200341,2022-12-03,MIN vs. OKC,L,9,3,3,1.0,0,0,0.0,0,2,0.0,2,2,4,0,0,0,0,2,6,-11,1,Rudy Gobert,2022-23,9,12.0,12.4,7.8,9.8,0.2,0.6,0.7687999999999999,0.6446999999999999,0.0,0.0,-4.4,-0.9,21,0
22022,203497,22200370,2022-12-07,MIN vs. IND,W,31,6,12,0.5,0,0,0.0,4,5,0.8,5,16,21,1,3,2,2,3,16,15,1,Rudy Gobert,2022-23,31,11.8,12.5,8.6,10.6,0.2,0.6,0.7487999999999999,0.6446999999999999,0.0,0.0,-2.6,1.9,22,1
22022,203497,22200385,2022-12-09,MIN @ UTA,W,37,8,11,0.727,0,1,0.0,6,10,0.6,3,10,13,1,0,0,3,4,22,15,1,Rudy Gobert,2022-23,37,14.4,13.1,9.2,11.1,0.4,0.6,0.8054,0.646,0.0,0.0,2.0,1.0,23,1
22022,203497,22200394,2022-12-10,MIN @ POR,L,36,9,11,0.818,0,0,0.0,6,9,0.667,1,8,9,2,4,1,1,4,24,7,1,Rudy Gobert,2022-23,36,15.4,14.7,9.6,10.7,0.8,0.7,0.7689999999999999,0.6707,0.0,0.0,7.8,2.5,24,0
22022,203497,22200407,2022-12-12,MIN @ POR,L,32,8,13,0.615,0,0,0.0,0,1,0.0,5,15,20,2,1,0,1,4,16,-9,1,Rudy Gobert,2022-23,32,16.8,15.9,13.4,11.8,1.2,0.9,0.732,0.7322,0.0,0.0,3.4,1.3,25,0
22022,203497,22200423,2022-12-14,MIN @ LAC,L,32,3,5,0.6,0,0,0.0,5,7,0.714,4,9,13,0,0,2,3,3,11,-9,1,Rudy Gobert,2022-23,32,17.8,14.9,15.2,11.5,1.2,0.7,0.6519999999999999,0.7103999999999999,0.0,0.0,3.8,-0.3,26,0
22022,203497,22200473,2022-12-21,MIN vs. DAL,L,38,9,11,0.818,0,0,0.0,1,3,0.333,5,10,15,0,2,2,1,1,19,-2,1,Rudy Gobert,2022-23,38,18.4,15.1,14.0,11.3,1.0,0.6,0.7156,0.7322,0.0,0.0,0.4,-1.1,27,0
22022,203497,22200482,2022-12-23,MIN @ BOS,L,36,3,4,0.75,0,0,0.0,2,4,0.5,4,8,12,2,0,0,2,3,8,-23,1,Rudy Gobert,2022-23,36,15.6,15.0,13.8,11.5,1.2,0.8,0.7202,0.7628,0.0,0.0,-7.2,-2.6,28,0
22022,203497,22200500,2022-12-26,MIN @ MIA,L,31,5,7,0.714,0,0,0.0,0,2,0.0,1,7,8,0,0,0,2,0,10,-14,1,Rudy Gobert,2022-23,31,12.8,14.1,13.6,11.6,0.8,0.8,0.6994,0.7342,0.0,0.0,-11.4,-1.8,29,0
22022,203497,22200520,2022-12-28,MIN @ NOP,L,29,4,5,0.8,0,0,0.0,2,2,1.0,1,7,8,2,0,4,2,6,10,-6,1,Rudy Gobert,2022-23,29,11.6,14.2,11.2,12.3,0.8,1.0,0.7363999999999999,0.7342,0.0,0.0,-10.8,-3.7,30,0
22022,203497,22200544,2022-12-31,MIN vs. DET,L,28,3,3,1.0,0,0,0.0,3,6,0.5,2,8,10,0,0,2,3,3,9,-8,1,Rudy Gobert,2022-23,28,11.2,14.5,10.6,12.9,0.8,1.0,0.8164,0.7342,0.0,0.0,-10.6,-3.4,31,0
22022,203497,22200557,2023-01-02,MIN vs. DEN,W,27,3,3,1.0,0,0,0.0,2,4,0.5,2,2,4,3,0,2,1,5,8,-4,1,Rudy Gobert,2022-23,27,9.0,13.7,8.4,11.2,1.4,1.2,0.8528,0.7842,0.0,0.0,-11.0,-5.3,32,1
22022,203497,22200571,2023-01-04,MIN vs. POR,W,35,6,10,0.6,0,0,0.0,5,7,0.714,3,9,12,1,2,3,1,4,17,-8,1,Rudy Gobert,2022-23,35,10.8,13.2,8.4,11.1,1.2,1.2,0.8228,0.7715,0.0,0.0,-8.0,-7.6,33,1
22022,203497,22200587,2023-01-06,MIN vs. LAC,W,36,11,15,0.733,0,0,0.0,3,5,0.6,7,14,21,0,0,2,5,2,25,31,1,Rudy Gobert,2022-23,36,13.8,13.3,11.0,12.3,1.2,1.0,0.8266,0.763,0.0,0.0,1.0,-5.2,34,1
22022,203497,22200601,2023-01-08,MIN @ HOU,W,38,8,12,0.667,0,0,0.0,2,3,0.667,4,7,11,0,0,1,2,3,18,16,1,Rudy Gobert,2022-23,38,15.4,13.5,11.6,11.4,0.8,0.8,0.8,0.7682,0.0,0.0,5.4,-2.7,35,1
22022,203497,22200618,2023-01-11,MIN @ DET,L,32,6,8,0.75,0,0,0.0,4,6,0.667,4,10,14,0,2,0,2,2,16,0,1,Rudy Gobert,2022-23,32,16.8,14.0,12.4,11.5,0.8,0.8,0.75,0.7832,0.0,0.0,7.0,-1.8,36,0
22022,203497,22200637,2023-01-13,MIN vs. PHX,W,32,1,1,1.0,0,0,0.0,2,4,0.5,1,11,12,1,4,1,5,5,4,3,1,Rudy Gobert,2022-23,32,16.0,12.5,14.0,11.2,0.4,0.9,0.75,0.8013999999999999,0.0,0.0,8.4,-1.3,37,1
22022,203497,22200645,2023-01-14,MIN vs. CLE,W,13,2,3,0.667,0,0,0.0,2,2,1.0,0,4,4,0,1,0,0,1,6,-1,1,Rudy Gobert,2022-23,13,13.8,12.3,12.4,10.4,0.2,0.7,0.7634000000000001,0.7930999999999999,0.0,0.0,9.8,0.9,38,1
22022,203497,22200662,2023-01-16,MIN vs. UTA,L,5,1,1,1.0,0,0,0.0,0,0,0.0,0,1,1,0,0,0,0,0,2,0,1,Rudy Gobert,2022-23,5,9.2,11.5,8.4,9.7,0.2,0.7,0.8168,0.8217000000000001,0.0,0.0,3.6,2.3,39,0
22022,203497,22200709,2023-01-23,MIN @ HOU,L,36,5,8,0.625,0,0,0.0,5,7,0.714,6,10,16,1,0,4,2,3,15,-4,1,Rudy Gobert,2022-23,36,8.6,12.0,9.4,10.5,0.4,0.6,0.8084,0.8042,0.0,0.0,-0.4,2.5,40,0
22022,203497,22200724,2023-01-25,MIN @ NOP,W,35,7,12,0.583,0,0,0.0,3,5,0.6,2,10,12,3,1,1,0,2,17,13,1,Rudy Gobert,2022-23,35,8.8,12.8,9.0,10.7,1.0,0.9,0.775,0.7625,0.0,0.0,2.2,4.6,41,1
22022,203497,22200737,2023-01-27,MIN vs. MEM,W,31,3,5,0.6,0,0,0.0,1,2,0.5,2,11,13,1,1,3,3,4,7,5,1,Rudy Gobert,2022-23,31,9.4,12.7,9.2,11.6,1.0,0.7,0.6950000000000001,0.7225,0.0,0.0,2.6,5.5,42,1
22022,203497,22200746,2023-01-28,MIN vs. SAC,W,36,3,5,0.6,0,0,0.0,7,9,0.778,2,12,14,1,1,1,2,2,13,6,1,Rudy Gobert,2022-23,36,10.8,12.3,11.2,11.8,1.2,0.7,0.6816,0.7224999999999999,0.0,0.0,4.0,6.9,43,1
22022,203497,22200758,2023-01-30,MIN vs. SAC,L,40,7,9,0.778,0,0,0.0,5,10,0.5,1,13,14,1,1,0,3,3,19,5,1,Rudy Gobert,2022-23,40,14.2,11.7,13.8,11.1,1.4,0.8,0.6372,0.727,0.0,0.0,5.0,4.3,44,0
22022,203497,22200790,2023-02-03,MIN vs. ORL,L,26,5,7,0.714,0,0,0.0,5,6,0.833,2,5,7,1,2,0,1,2,15,-4,1,Rudy Gobert,2022-23,26,14.2,11.4,12.0,10.7,1.4,0.9,0.655,0.7317,0.0,0.0,5.0,2.3,45,0
22022,203497,22200806,2023-02-05,MIN vs. DEN,W,18,7,8,0.875,0,0,0.0,2,4,0.5,1,7,8,1,0,1,2,4,16,16,1,Rudy Gobert,2022-23,18,14.0,11.4,11.2,10.1,1.0,1.0,0.7134,0.7442,0.0,0.0,5.6,3.9,46,1
22022,203497,22200820,2023-02-07,MIN @ DEN,L,19,0,2,0.0,0,0,0.0,0,0,0.0,1,4,5,0,0,1,1,2,0,-10,1,Rudy Gobert,2022-23,19,12.6,11.0,9.6,9.4,0.8,0.9,0.5934,0.6442,0.0,0.0,2.6,2.6,47,0
22022,203497,22200841,2023-02-10,MIN @ MEM,L,30,2,4,0.5,0,0,0.0,4,4,1.0,2,8,10,2,0,2,1,3,8,-18,1,Rudy Gobert,2022-23,30,11.6,11.2,8.8,10.0,1.0,1.1,0.5734,0.6275,0.0,0.0,-2.2,0.9,48,0
22022,203497,22200865,2023-02-13,MIN @ DAL,W,30,9,9,1.0,0,0,0.0,3,5,0.6,3,11,14,1,0,0,3,3,21,17,1,Rudy Gobert,2022-23,30,12.0,13.1,8.8,11.3,1.0,1.2,0.6178,0.6275,0.0,0.0,0.2,2.6,49,1
22022,203497,22200884,2023-02-16,MIN vs. WAS,L,36,8,15,0.533,0,0,0.0,1,2,0.5,7,12,19,1,0,3,2,3,17,4,1,Rudy Gobert,2022-23,36,12.4,13.3,11.2,11.6,1.0,1.2,0.5816,0.6183,0.0,0.0,1.8,3.4,50,0
22022,203497,22200898,2023-02-24,MIN vs. CHA,L,30,7,9,0.778,0,0,0.0,3,4,0.75,3,7,10,0,1,3,1,2,17,-7,1,Rudy Gobert,2022-23,30,12.6,13.3,11.6,11.4,0.8,0.9,0.5622,0.6377999999999999,0.0,0.0,-2.8,1.4,51,0
22022,203497,22200932,2023-02-28,MIN @ LAC,W,29,7,11,0.636,0,0,0.0,2,6,0.333,2,5,7,0,0,2,3,4,16,3,1,Rudy Gobert,2022-23,29,15.8,14.2,12.0,10.8,0.8,0.8,0.6894,0.6414,0.0,0.0,-0.2,1.2,52,1
22022,203497,22200955,2023-03-03,MIN @ LAL,W,27,8,12,0.667,0,0,0.0,6,10,0.6,5,9,14,3,1,2,1,4,22,-1,1,Rudy Gobert,2022-23,27,18.6,15.1,12.8,10.8,1.0,1.0,0.7228,0.6481,0.0,0.0,3.2,0.5,53,1
22022,203497,22200961,2023-03-04,MIN @ SAC,W,31,5,9,0.556,0,0,0.0,3,4,0.75,4,10,14,0,0,2,1,4,13,11,1,Rudy Gobert,2022-23,31,17.0,14.5,12.8,10.8,0.8,0.9,0.634,0.6258999999999999,0.0,0.0,2.0,1.1,54,1
22022,203497,22200980,2023-03-07,MIN vs. PHI,L,25,2,6,0.333,0,0,0.0,2,4,0.5,1,8,9,2,2,1,2,2,6,-14,1,Rudy Gobert,2022-23,25,14.8,13.6,10.8,11.0,1.0,1.0,0.5940000000000001,0.5878,0.0,0.0,-1.6,0.1,55,0
22022,203497,22201001,2023-03-10,MIN vs. BKN,L,42,12,15,0.8,0,0,0.0,2,6,0.333,5,8,13,4,4,1,1,3,26,5,1,Rudy Gobert,2022-23,42,16.6,14.6,11.4,11.5,1.8,1.3,0.5984,0.5803,0.0,0.0,0.8,-1.0,56,0
22022,203497,22201021,2023-03-13,MIN @ ATL,W,30,5,10,0.5,0,0,0.0,4,5,0.8,2,6,8,4,1,3,0,2,14,25,1,Rudy Gobert,2022-23,30,16.2,16.0,11.6,11.8,2.6,1.7,0.5711999999999999,0.6303,0.0,0.0,5.2,2.5,57,1
22022,203497,22201039,2023-03-15,MIN vs. BOS,L,29,6,8,0.75,0,0,0.0,3,7,0.429,1,5,6,1,1,0,1,3,15,0,1,Rudy Gobert,2022-23,29,14.8,16.7,10.0,11.4,2.2,1.6,0.5878,0.6553,0.0,0.0,5.4,4.3,58,0
22022,203497,22201050,2023-03-17,MIN @ CHI,L,33,8,14,0.571,0,0,0.0,5,9,0.556,9,10,19,1,0,5,5,6,21,4,1,Rudy Gobert,2022-23,33,16.4,16.7,11.0,11.9,2.4,1.6,0.5908,0.6124,0.0,0.0,4.0,3.0,59,0
22022,203497,22201058,2023-03-18,MIN @ TOR,L,31,4,8,0.5,0,0,0.0,6,7,0.857,5,7,12,3,0,1,2,3,14,-16,1,Rudy Gobert,2022-23,31,18.0,16.4,11.6,11.2,2.6,1.8,0.6242,0.6091,0.0,0.0,3.6,1.0,60,0
22022,203497,22201073,2023-03-20,MIN @ NYK,W,37,7,9,0.778,0,0,0.0,2,5,0.4,2,5,7,3,1,1,0,1,16,12,1,Rudy Gobert,2022-23,37,16.0,16.3,10.4,10.9,2.4,2.1,0.6197999999999999,0.6091,0.0,0.0,5.0,2.9,61,1
22022,203497,22201090,2023-03-22,MIN vs. ATL,W,33,4,8,0.5,0,0,0.0,4,8,0.5,5,7,12,2,1,1,0,3,12,3,1,Rudy Gobert,2022-23,33,15.6,15.9,11.2,11.4,2.0,2.3,0.6198,0.5955,0.0,0.0,0.6,2.9,62,1
22022,203497,22201121,2023-03-26,MIN @ GSW,W,34,1,3,0.333,0,0,0.0,8,12,0.667,4,14,18,2,0,1,4,5,10,-7,1,Rudy Gobert,2022-23,34,14.6,14.7,13.6,11.8,2.2,2.2,0.5364000000000001,0.5621,0.0,0.0,-0.8,2.3,63,1
22022,203497,22201128,2023-03-27,MIN @ SAC,W,35,5,9,0.556,0,0,0.0,6,8,0.75,4,12,16,4,0,2,2,4,16,9,1,Rudy Gobert,2022-23,35,13.6,15.0,13.0,12.0,2.8,2.6,0.5334,0.5620999999999999,0.0,0.0,0.2,2.1,64,1
22022,203497,22201144,2023-03-29,MIN @ PHX,L,35,3,5,0.6,0,0,0.0,1,2,0.5,6,9,15,2,2,0,6,5,7,-2,1,Rudy Gobert,2022-23,35,12.2,15.1,13.6,12.6,2.6,2.6,0.5534,0.5888,0.0,0.0,3.0,3.3,65,0
22022,203497,22201157,2023-03-31,MIN vs. LAL,L,31,6,9,0.667,0,0,0.0,2,2,1.0,5,6,11,1,2,0,1,3,14,4,1,Rudy Gobert,2022-23,31,11.8,13.9,14.4,12.4,2.2,2.3,0.5312,0.5754999999999999,0.0,0.0,1.4,3.2,66,0
22022,203497,22201166,2023-04-02,MIN vs. POR,L,35,5,10,0.5,0,0,0.0,0,0,0.0,4,11,15,3,0,0,1,3,10,-6,1,Rudy Gobert,2022-23,35,11.4,13.5,15.0,13.1,2.4,2.2,0.5312,0.5754999999999999,0.0,0.0,-0.4,0.1,67,0
22022,203497,22201180,2023-04-04,MIN @ BKN,W,34,5,8,0.625,0,0,0.0,2,3,0.667,4,8,12,2,0,1,2,3,12,-5,1,Rudy Gobert,2022-23,34,11.8,13.2,13.8,13.7,2.4,2.3,0.5896,0.563,0.0,0.0,0.0,-0.4,68,1
22022,203497,22201214,2023-04-08,MIN @ SAS,W,29,4,5,0.8,0,0,0.0,2,5,0.4,2,11,13,5,1,4,1,2,10,6,1,Rudy Gobert,2022-23,29,10.6,12.1,13.2,13.1,2.6,2.7,0.6384000000000001,0.5859,0.0,0.0,-0.6,-0.2,69,1
22022,203497,22201225,2023-04-09,MIN vs. NOP,W,13,1,1,1.0,0,0,0.0,0,0,0.0,0,3,3,0,0,0,0,0,2,-14,1,Rudy Gobert,2022-23,13,9.6,10.9,10.8,12.2,2.2,2.4,0.7184,0.6359,0.0,0.0,-3.0,0.0,70,1
22023,203497,22300069,2023-10-25,MIN @ TOR,L,32,6,12,0.5,0,0,0.0,3,5,0.6,5,8,13,1,2,4,2,3,15,-11,1,Rudy Gobert,2023-24,32,9.8,10.8,11.2,12.8,2.2,2.2,0.6849999999999999,0.6081000000000001,0.0,0.0,-6.0,-2.3,1,0
22023,203497,22300093,2023-10-28,MIN vs. MIA,W,31,7,9,0.778,0,0,0.0,0,0,0.0,4,10,14,1,1,0,2,1,14,14,1,Rudy Gobert,2023-24,31,10.6,11.0,11.0,13.0,1.8,2.1,0.7405999999999999,0.6359,0.0,0.0,-2.0,-1.2,2,1
22023,203497,22300104,2023-10-30,MIN @ ATL,L,31,3,7,0.429,0,0,0.0,8,11,0.727,6,7,13,1,1,2,0,2,14,-13,1,Rudy Gobert,2023-24,31,11.0,11.4,11.2,12.5,1.6,2.0,0.7013999999999999,0.6455,0.0,0.0,-3.6,-1.8,3,0
22023,203497,22300123,2023-11-01,MIN vs. DEN,W,32,0,7,0.0,0,0,0.0,4,4,1.0,2,10,12,1,1,2,1,3,4,15,1,Rudy Gobert,2023-24,32,9.8,10.2,11.0,12.1,0.8,1.7,0.5414,0.5899,0.0,0.0,-1.8,-1.2,4,1
22023,203497,22300138,2023-11-04,MIN vs. UTA,W,29,5,10,0.5,0,0,0.0,1,2,0.5,4,6,10,1,0,4,1,3,11,10,1,Rudy Gobert,2023-24,29,11.6,10.6,12.4,11.6,1.0,1.6,0.44139999999999996,0.5799000000000001,0.0,0.0,3.0,0.0,5,1
22023,203497,22300154,2023-11-06,MIN vs. BOS,W,41,6,6,1.0,0,0,0.0,2,11,0.182,2,10,12,1,0,1,2,4,14,24,1,Rudy Gobert,2023-24,41,11.4,10.6,12.2,11.7,1.0,1.6,0.5414,0.6132,0.0,0.0,10.0,2.0,6,1
22023,203497,22300166,2023-11-08,MIN vs. NOP,W,32,4,5,0.8,0,0,0.0,9,12,0.75,5,16,21,1,0,2,4,2,17,24,1,Rudy Gobert,2023-24,32,12.0,11.3,13.6,12.3,1.0,1.4,0.5458000000000001,0.6432,0.0,0.0,12.0,5.0,7,1
22023,203497,22300013,2023-11-10,MIN @ SAS,W,34,5,10,0.5,0,0,0.0,1,1,1.0,4,6,10,1,1,0,1,3,11,1,1,Rudy Gobert,2023-24,34,11.4,11.2,13.0,12.1,1.0,1.3,0.56,0.6306999999999999,0.0,0.0,14.8,5.6,8,1
22023,203497,22300186,2023-11-12,MIN @ GSW,W,35,4,7,0.571,0,0,0.0,2,8,0.25,4,6,10,3,1,5,2,3,10,-1,1,Rudy Gobert,2023-24,35,12.6,11.2,12.6,11.8,1.4,1.1,0.6742000000000001,0.6077999999999999,0.0,0.0,11.6,4.9,9,1
22023,203497,22300025,2023-11-14,MIN @ GSW,W,35,2,8,0.25,0,0,0.0,5,6,0.833,6,7,13,2,0,3,2,4,9,8,1,Rudy Gobert,2023-24,35,12.2,11.9,13.2,12.8,1.6,1.3,0.6242000000000001,0.5327999999999999,0.0,0.0,11.2,7.1,10,1
22023,203497,22300197,2023-11-15,MIN @ PHX,L,25,2,5,0.4,0,0,0.0,0,0,0.0,4,4,8,2,1,2,2,2,4,-25,1,Rudy Gobert,2023-24,25,10.2,10.8,12.4,12.3,1.8,1.4,0.5042000000000001,0.5227999999999999,0.0,0.0,1.4,5.7,11,0
22023,203497,22300203,2023-11-18,MIN @ NOP,W,34,5,7,0.714,0,0,0.0,7,10,0.7,2,9,11,1,2,1,1,2,17,-7,1,Rudy Gobert,2023-24,34,10.2,11.1,10.4,12.0,1.8,1.4,0.487,0.5164,0.0,0.0,-4.8,3.6,12,1
22023,203497,22300221,2023-11-20,MIN vs. NYK,W,26,7,7,1.0,0,0,0.0,2,7,0.286,3,4,7,1,0,2,1,2,16,16,1,Rudy Gobert,2023-24,26,11.2,11.3,9.8,11.4,1.8,1.4,0.587,0.5734999999999999,0.0,0.0,-1.8,6.5,13,1
22023,203497,22300232,2023-11-22,MIN vs. PHI,W,31,6,8,0.75,0,0,0.0,1,2,0.5,3,8,11,3,0,3,2,3,13,1,1,Rudy Gobert,2023-24,31,11.8,12.2,10.0,11.3,1.8,1.6,0.6228,0.6485,0.0,0.0,-1.4,5.1,14,1
22023,203497,22300050,2023-11-24,MIN vs. SAC,L,36,5,8,0.625,0,0,0.0,2,2,1.0,3,8,11,0,0,2,3,5,12,4,1,Rudy Gobert,2023-24,36,12.4,12.3,9.6,11.4,1.4,1.5,0.6978,0.6609999999999999,0.0,0.0,-2.2,4.5,15,0
22023,203497,22300249,2023-11-26,MIN @ MEM,W,25,5,7,0.714,0,0,0.0,3,4,0.75,1,3,4,0,0,2,2,5,13,16,1,Rudy Gobert,2023-24,25,14.2,12.2,8.8,10.6,1.0,1.4,0.7605999999999999,0.6324,0.0,0.0,6.0,3.7,16,1
22023,203497,22300058,2023-11-28,MIN vs. OKC,W,36,6,10,0.6,0,0,0.0,5,6,0.833,6,10,16,0,1,4,1,1,17,-1,1,Rudy Gobert,2023-24,36,14.2,12.2,9.8,10.1,0.8,1.3,0.7378,0.6123999999999999,0.0,0.0,7.2,1.2,17,1
22023,203497,22300270,2023-11-30,MIN vs. UTA,W,37,6,11,0.545,0,0,0.0,3,4,0.75,3,10,13,0,0,3,0,4,15,15,1,Rudy Gobert,2023-24,37,14.0,12.6,11.0,10.4,0.6,1.2,0.6468,0.6169,0.0,0.0,7.0,2.6,18,1
22023,203497,22300281,2023-12-02,MIN @ CHA,W,39,10,12,0.833,0,0,0.0,6,9,0.667,2,10,12,0,0,3,1,1,26,10,1,Rudy Gobert,2023-24,39,16.6,14.2,11.2,10.6,0.0,0.9,0.6634,0.6431,0.0,0.0,8.8,3.7,19,1
22023,203497,22301210,2023-12-06,MIN vs. SAS,W,30,7,8,0.875,0,0,0.0,2,2,1.0,5,15,20,2,0,2,1,3,16,31,1,Rudy Gobert,2023-24,30,17.4,14.9,13.0,11.3,0.4,0.9,0.7133999999999999,0.7055999999999999,0.0,0.0,14.2,6.0,20,1
22023,203497,22301221,2023-12-08,MIN @ MEM,W,36,6,9,0.667,0,0,0.0,4,4,1.0,9,11,20,1,1,6,2,4,16,25,1,Rudy Gobert,2023-24,36,18.0,16.1,16.2,12.5,0.6,0.8,0.704,0.7323000000000001,0.0,0.0,16.0,11.0,21,1
22023,203497,22300301,2023-12-11,MIN @ NOP,L,25,4,8,0.5,0,0,0.0,0,0,0.0,2,6,8,0,0,2,2,4,8,-20,1,Rudy Gobert,2023-24,25,16.2,15.2,14.6,12.2,0.6,0.7,0.6839999999999999,0.7109,0.0,0.0,12.2,9.7,22,0
22023,203497,22300321,2023-12-14,MIN @ DAL,W,30,3,4,0.75,0,0,0.0,2,6,0.333,2,10,12,5,3,1,2,4,8,11,1,Rudy Gobert,2023-24,30,14.8,14.4,14.4,12.7,1.6,1.1,0.725,0.6859,0.0,0.0,11.4,9.2,23,1
22023,203497,22300338,2023-12-16,MIN vs. IND,W,25,2,3,0.667,0,0,0.0,1,4,0.25,2,5,7,1,1,1,2,1,5,3,1,Rudy Gobert,2023-24,25,10.6,13.6,13.4,12.3,1.8,0.9,0.6918,0.6776,0.0,0.0,10.0,9.4,24,1
22023,203497,22300353,2023-12-18,MIN @ MIA,W,35,3,8,0.375,0,0,0.0,3,4,0.75,3,13,16,2,2,2,1,2,9,4,1,Rudy Gobert,2023-24,35,9.2,13.3,12.6,12.8,1.8,1.1,0.5918,0.6526,0.0,0.0,4.6,9.4,25,1
22023,203497,22300367,2023-12-20,MIN @ PHI,L,24,3,4,0.75,0,0,0.0,2,2,1.0,2,7,9,1,2,0,0,4,8,6,1,Rudy Gobert,2023-24,24,7.6,12.8,10.4,13.3,1.8,1.2,0.6083999999999999,0.6562,0.0,0.0,0.8,8.4,26,0
22023,203497,22300380,2023-12-21,MIN vs. LAL,W,37,6,11,0.545,0,0,0.0,3,6,0.5,5,8,13,3,1,3,2,3,15,-1,1,Rudy Gobert,2023-24,37,9.0,12.6,11.4,13.0,2.4,1.5,0.6174,0.6507,0.0,0.0,4.6,8.4,27,1
22023,203497,22300400,2023-12-23,MIN @ SAC,W,39,10,13,0.769,0,0,0.0,1,2,0.5,6,11,17,1,0,2,1,3,21,27,1,Rudy Gobert,2023-24,39,11.6,13.2,12.4,13.4,1.6,1.6,0.6212,0.6731,0.0,0.0,7.8,9.6,28,1
22023,203497,22300411,2023-12-26,MIN @ OKC,L,29,2,6,0.333,0,1,0.0,6,8,0.75,0,5,5,0,0,0,1,1,10,-14,1,Rudy Gobert,2023-24,29,12.6,11.6,12.0,12.7,1.4,1.6,0.5544,0.6231000000000001,0.0,0.0,4.4,7.2,29,0
22023,203497,22300423,2023-12-28,MIN vs. DAL,W,38,7,7,1.0,0,0,0.0,6,7,0.857,2,9,11,2,0,3,2,2,20,3,1,Rudy Gobert,2023-24,38,14.8,12.0,11.0,11.8,1.4,1.6,0.6794,0.6355999999999999,0.0,0.0,4.2,4.4,30,1
22023,203497,22300443,2023-12-30,MIN vs. LAL,W,38,6,7,0.857,0,0,0.0,1,1,1.0,4,9,13,0,2,1,4,3,13,19,1,Rudy Gobert,2023-24,38,15.8,11.7,11.8,11.1,1.2,1.5,0.7008000000000001,0.6546,0.0,0.0,6.8,3.8,31,1
22023,203497,22300451,2024-01-01,MIN @ NYK,L,38,3,8,0.375,0,0,0.0,4,6,0.667,2,13,15,1,0,0,1,2,10,-11,1,Rudy Gobert,2023-24,38,14.8,11.9,12.2,11.8,0.8,1.6,0.6668000000000001,0.6420999999999999,0.0,0.0,4.8,4.7,32,0
22023,203497,22300471,2024-01-03,MIN vs. NOP,L,24,2,3,0.667,0,0,0.0,1,2,0.5,1,4,5,0,0,1,1,4,5,-16,1,Rudy Gobert,2023-24,24,11.6,11.6,9.8,11.1,0.6,1.1,0.6464000000000001,0.6337999999999999,0.0,0.0,-3.8,2.0,33,0
22023,203497,22300485,2024-01-05,MIN @ HOU,W,33,6,7,0.857,0,0,0.0,1,3,0.333,3,9,12,1,2,2,1,2,13,22,1,Rudy Gobert,2023-24,33,12.2,12.4,11.2,11.6,0.8,1.1,0.7512000000000001,0.6527999999999999,0.0,0.0,3.4,3.9,34,1
22023,203497,22300501,2024-01-07,MIN @ DAL,L,34,4,9,0.444,0,0,0.0,1,4,0.25,6,11,17,1,1,0,5,4,9,1,1,Rudy Gobert,2023-24,34,10.0,12.4,12.4,11.7,0.6,1.0,0.64,0.6597,0.0,0.0,3.0,3.6,35,0
22023,203497,22300513,2024-01-09,MIN @ ORL,W,34,8,10,0.8,0,0,0.0,5,6,0.833,1,11,12,1,1,3,2,3,21,13,1,Rudy Gobert,2023-24,34,11.6,13.7,12.2,12.0,0.8,1.0,0.6285999999999999,0.6647000000000001,0.0,0.0,1.8,4.3,36,1
22023,203497,22300538,2024-01-12,MIN vs. POR,W,28,9,11,0.818,0,0,0.0,6,8,0.75,5,12,17,0,0,2,1,2,24,33,1,Rudy Gobert,2023-24,28,14.4,14.6,12.6,12.4,0.6,0.7,0.7172,0.692,0.0,0.0,10.6,7.7,37,1
22023,203497,22300553,2024-01-14,MIN vs. LAC,W,37,4,5,0.8,0,0,0.0,7,14,0.5,3,15,18,0,0,4,1,4,15,-1,1,Rudy Gobert,2023-24,37,16.4,14.0,15.2,12.5,0.6,0.6,0.7438,0.6950999999999999,0.0,0.0,13.6,4.9,38,1
22023,203497,22300569,2024-01-17,MIN @ DET,W,38,8,11,0.727,0,0,0.0,3,4,0.75,5,11,16,2,0,1,1,4,19,12,1,Rudy Gobert,2023-24,38,17.6,14.9,16.0,13.6,0.8,0.8,0.7178000000000001,0.7344999999999999,0.0,0.0,11.6,7.5,39,1
22023,203497,22300582,2024-01-18,MIN vs. MEM,W,39,5,10,0.5,0,1,0.0,7,10,0.7,3,7,10,4,0,6,3,3,17,20,1,Rudy Gobert,2023-24,39,19.2,14.6,14.6,13.5,1.4,1.0,0.7289999999999999,0.6845,0.0,0.0,15.4,9.2,40,1
22023,203497,22300599,2024-01-20,MIN vs. OKC,L,33,1,6,0.167,0,0,0.0,5,8,0.625,4,14,18,2,0,0,2,4,7,-4,1,Rudy Gobert,2023-24,33,16.4,14.0,15.8,14.0,1.6,1.2,0.6024,0.6154999999999999,0.0,0.0,12.0,6.9,41,0
22023,203497,22300610,2024-01-22,MIN vs. CHA,L,39,6,6,1.0,0,0,0.0,1,2,0.5,2,9,11,1,0,0,0,3,13,-10,1,Rudy Gobert,2023-24,39,14.2,14.3,14.6,13.6,1.8,1.2,0.6388,0.6779999999999999,0.0,0.0,3.4,7.0,42,0
22023,203497,22300620,2024-01-24,MIN @ WAS,W,35,7,11,0.636,0,0,0.0,5,6,0.833,7,9,16,1,0,4,0,4,19,9,1,Rudy Gobert,2023-24,35,15.0,15.7,14.2,14.7,2.0,1.3,0.6060000000000001,0.6748999999999999,0.0,0.0,5.4,9.5,43,1
22023,203497,22300629,2024-01-25,MIN @ BKN,W,33,4,9,0.444,0,0,0.0,2,2,1.0,1,12,13,1,1,2,1,3,10,3,1,Rudy Gobert,2023-24,33,13.2,15.4,13.6,14.8,1.8,1.3,0.5494,0.6335999999999999,0.0,0.0,3.6,7.6,44,1
22023,203497,22300649,2024-01-27,MIN @ SAS,L,37,8,9,0.889,0,0,0.0,3,4,0.75,2,5,7,1,1,1,1,4,19,-4,1,Rudy Gobert,2023-24,37,13.6,16.4,13.0,13.8,1.2,1.3,0.6272,0.6780999999999999,0.0,0.0,-1.2,7.1,45,0
22023,203497,22300664,2024-01-29,MIN @ OKC,W,36,6,6,1.0,0,0,0.0,0,1,0.0,4,14,18,1,1,1,3,0,12,11,1,Rudy Gobert,2023-24,36,14.6,15.5,13.0,14.4,1.0,1.3,0.7938000000000001,0.6980999999999999,0.0,0.0,1.8,6.9,46,1
22023,203497,22300680,2024-01-31,MIN vs. DAL,W,28,5,9,0.556,0,0,0.0,7,12,0.583,2,4,6,0,0,2,2,4,17,18,1,Rudy Gobert,2023-24,28,15.4,14.8,12.0,13.3,0.8,1.3,0.7050000000000001,0.6719,0.0,0.0,7.4,5.4,47,1
22023,203497,22300694,2024-02-02,MIN vs. ORL,L,39,6,7,0.857,0,0,0.0,10,11,0.909,3,13,16,2,0,2,1,5,22,0,1,Rudy Gobert,2023-24,39,16.0,15.5,12.0,13.1,1.0,1.5,0.7492,0.6776,0.0,0.0,5.6,5.5,48,0
22023,203497,22300709,2024-02-04,MIN vs. HOU,W,31,7,9,0.778,0,0,0.0,3,5,0.6,3,10,13,1,1,4,0,1,17,32,1,Rudy Gobert,2023-24,31,17.4,15.3,12.0,12.8,1.0,1.4,0.8160000000000001,0.6827,0.0,0.0,11.4,7.5,49,1
22023,203497,22300723,2024-02-06,MIN @ CHI,L,44,3,6,0.5,0,0,0.0,6,10,0.6,7,9,16,1,1,1,1,5,12,-8,1,Rudy Gobert,2023-24,44,16.0,14.8,13.8,13.4,1.0,1.1,0.7382,0.6827,0.0,0.0,10.6,4.7,50,0
22023,203497,22300738,2024-02-08,MIN @ MIL,W,35,8,9,0.889,0,0,0.0,0,1,0.0,3,8,11,4,1,0,0,3,16,13,1,Rudy Gobert,2023-24,35,16.8,15.7,12.4,12.7,1.6,1.3,0.716,0.7549,0.0,0.0,11.0,6.4,51,1
22023,203497,22300770,2024-02-12,MIN @ LAC,W,33,6,11,0.545,0,0,0.0,5,5,1.0,6,5,11,0,0,4,2,4,17,9,1,Rudy Gobert,2023-24,33,16.8,16.1,13.4,12.7,1.6,1.2,0.7138,0.7094,0.0,0.0,9.2,8.3,52,1
22023,203497,22300775,2024-02-13,MIN @ POR,W,37,7,10,0.7,0,0,0.0,2,4,0.5,6,9,15,1,0,1,1,3,16,12,1,Rudy Gobert,2023-24,37,15.6,15.8,13.2,12.6,1.4,1.2,0.6824,0.7158,0.0,0.0,11.6,8.6,53,1
22023,203497,22300791,2024-02-15,MIN @ POR,W,26,4,7,0.571,0,0,0.0,3,4,0.75,2,10,12,2,0,2,3,4,11,19,1,Rudy Gobert,2023-24,26,14.4,15.9,13.0,12.5,1.6,1.3,0.641,0.7285,0.0,0.0,9.0,10.2,54,1
22023,203497,22300808,2024-02-23,MIN vs. MIL,L,38,6,8,0.75,0,0,0.0,0,1,0.0,7,12,19,1,0,2,0,5,12,5,1,Rudy Gobert,2023-24,38,14.4,15.2,13.6,13.7,1.6,1.3,0.6910000000000001,0.7146,0.0,0.0,11.6,11.1,55,0
22023,203497,22300838,2024-02-27,MIN vs. SAS,W,39,6,12,0.5,0,1,0.0,1,2,0.5,6,11,17,3,0,4,1,2,13,4,1,Rudy Gobert,2023-24,39,13.8,15.3,14.8,13.6,1.4,1.5,0.6132,0.6646,0.0,0.0,9.8,10.4,56,1
22023,203497,22300845,2024-02-28,MIN vs. MEM,W,27,3,4,0.75,0,0,0.0,2,4,0.5,2,6,8,0,1,2,3,2,8,-16,1,Rudy Gobert,2023-24,27,12.0,14.4,14.2,13.8,1.4,1.5,0.6542,0.6839999999999999,0.0,0.0,4.8,7.0,57,1
22023,203497,22300862,2024-03-01,MIN vs. SAC,L,42,6,9,0.667,0,0,0.0,4,8,0.5,2,14,16,1,0,3,1,5,16,-6,1,Rudy Gobert,2023-24,42,12.0,13.8,14.4,13.8,1.4,1.4,0.6476,0.6649999999999999,0.0,0.0,1.2,6.4,58,0
22023,203497,22300873,2024-03-03,MIN vs. LAC,L,40,5,7,0.714,0,0,0.0,2,2,1.0,3,13,16,2,0,3,1,3,12,4,1,Rudy Gobert,2023-24,40,12.2,13.3,15.2,14.1,1.4,1.5,0.6761999999999999,0.6586000000000001,0.0,0.0,-1.8,3.6,59,0
22023,203497,22300881,2024-03-04,MIN vs. POR,W,39,9,10,0.9,0,0,0.0,7,7,1.0,5,11,16,0,1,3,3,6,25,-4,1,Rudy Gobert,2023-24,39,14.8,14.6,14.6,14.1,1.2,1.4,0.7061999999999999,0.6986,0.0,0.0,-3.6,4.0,60,1
22023,203497,22300903,2024-03-07,MIN @ IND,W,40,7,11,0.636,0,0,0.0,4,5,0.8,6,8,14,0,2,3,2,2,18,6,1,Rudy Gobert,2023-24,40,15.8,14.8,14.0,14.4,0.6,1.0,0.7333999999999999,0.6733,0.0,0.0,-3.2,3.3,61,1
22023,203497,22300911,2024-03-08,MIN @ CLE,L,37,3,7,0.429,0,0,0.0,1,2,0.5,4,13,17,2,1,2,2,6,7,7,1,Rudy Gobert,2023-24,37,15.6,13.8,15.8,15.0,1.0,1.2,0.6692,0.6617,0.0,0.0,1.4,3.1,62,0
22023,203497,22300944,2024-03-12,MIN @ LAC,W,33,4,7,0.571,0,0,0.0,0,0,0.0,7,4,11,3,2,2,0,2,8,11,1,Rudy Gobert,2023-24,33,14.0,13.0,14.8,14.6,1.4,1.4,0.65,0.6487999999999999,0.0,0.0,4.8,3.0,63,1
22023,203497,22301014,2024-03-22,MIN vs. CLE,W,37,4,8,0.5,0,0,0.0,1,4,0.25,6,9,15,1,0,2,1,2,9,10,1,Rudy Gobert,2023-24,37,13.4,12.8,14.6,14.9,1.2,1.3,0.6072,0.6416999999999999,0.0,0.0,6.0,2.1,64,1
22023,203497,22301031,2024-03-24,MIN vs. GSW,W,37,7,10,0.7,0,0,0.0,3,3,1.0,1,11,12,2,0,1,4,5,17,8,1,Rudy Gobert,2023-24,37,11.8,13.3,13.8,14.2,1.6,1.4,0.5672,0.6367,0.0,0.0,8.4,2.4,65,1
22023,203497,22301056,2024-03-27,MIN vs. DET,W,34,5,5,1.0,0,0,0.0,1,1,1.0,5,9,14,4,0,2,3,4,11,20,1,Rudy Gobert,2023-24,34,10.4,13.1,13.8,13.9,2.4,1.5,0.64,0.6867,0.0,0.0,11.2,4.0,66,1
22023,203497,22301071,2024-03-29,MIN @ DEN,W,35,7,8,0.875,0,0,0.0,7,15,0.467,3,9,12,2,0,3,0,5,21,1,1,Rudy Gobert,2023-24,35,13.2,14.4,12.8,14.3,2.4,1.7,0.7292,0.6992,0.0,0.0,10.0,5.7,67,1
22023,203497,22301084,2024-03-31,MIN vs. CHI,L,38,8,9,0.889,0,0,0.0,3,7,0.429,3,7,10,1,2,1,0,2,19,-4,1,Rudy Gobert,2023-24,38,15.4,14.7,12.6,13.7,2.0,1.7,0.7928,0.7214,0.0,0.0,7.0,5.9,68,0
22023,203497,22301098,2024-04-02,MIN vs. HOU,W,35,4,7,0.571,0,0,0.0,4,6,0.667,1,13,14,0,0,2,1,3,12,-8,1,Rudy Gobert,2023-24,35,16.0,14.7,12.4,13.5,1.8,1.5,0.807,0.7071,0.0,0.0,3.4,4.7,69,1
22023,203497,22301108,2024-04-03,MIN vs. TOR,W,27,3,6,0.5,0,0,0.0,5,8,0.625,5,10,15,3,1,2,4,3,11,33,1,Rudy Gobert,2023-24,27,14.8,13.3,13.0,13.4,2.0,1.8,0.767,0.6670999999999999,0.0,0.0,8.4,8.4,70,1
22023,203497,22301125,2024-04-05,MIN @ PHX,L,29,2,5,0.4,0,0,0.0,0,0,0.0,2,4,6,1,0,2,1,4,4,-26,1,Rudy Gobert,2023-24,29,13.4,11.9,11.4,12.6,1.4,1.9,0.647,0.6435,0.0,0.0,-0.8,5.2,71,0
22023,203497,22301143,2024-04-07,MIN @ LAL,W,37,9,13,0.692,0,0,0.0,0,0,0.0,8,8,16,3,2,1,3,2,18,8,1,Rudy Gobert,2023-24,37,12.8,13.0,12.2,12.5,1.6,2.0,0.6104,0.6698,0.0,0.0,0.6,5.3,72,1
22023,203497,22301152,2024-04-09,MIN vs. WAS,W,38,5,9,0.556,0,0,0.0,9,13,0.692,5,11,16,3,2,4,1,3,19,12,1,Rudy Gobert,2023-24,38,12.8,14.1,13.4,13.0,2.0,2.0,0.5438,0.6683,0.0,0.0,3.8,5.4,73,1
22023,203497,22301164,2024-04-10,MIN @ DEN,L,39,6,7,0.857,0,0,0.0,1,3,0.333,5,10,15,3,2,1,2,5,13,-17,1,Rudy Gobert,2023-24,39,13.0,14.5,13.6,13.0,2.6,2.2,0.601,0.704,0.0,0.0,2.0,2.7,74,0
22023,203497,22301178,2024-04-12,MIN vs. ATL,W,37,10,10,1.0,0,0,0.0,5,8,0.625,4,15,19,0,1,5,1,2,25,13,1,Rudy Gobert,2023-24,37,15.8,15.3,14.4,13.7,2.0,2.0,0.701,0.734,0.0,0.0,-2.0,3.2,75,1
22023,203497,22301194,2024-04-14,MIN vs. PHX,L,32,7,9,0.778,0,0,0.0,7,9,0.778,3,4,7,1,2,1,1,3,21,-17,1,Rudy Gobert,2023-24,32,19.2,16.3,14.6,13.0,2.0,1.7,0.7766,0.7118,0.0,0.0,-0.2,-0.5,76,0
22024,203497,22400062,2024-10-22,MIN @ LAL,L,35,5,8,0.625,0,0,0.0,3,4,0.75,3,11,14,2,0,1,1,4,13,-10,1,Rudy Gobert,2024-25,35,18.2,15.5,14.2,13.2,1.8,1.7,0.7632000000000001,0.6868,0.0,0.0,-3.8,-1.6,1,0
22024,203497,22400076,2024-10-24,MIN @ SAC,W,35,1,2,0.5,0,0,0.0,1,2,0.5,1,10,11,1,2,0,3,4,3,-6,1,Rudy Gobert,2024-25,35,15.0,13.9,13.2,13.3,1.4,1.7,0.752,0.6478999999999999,0.0,0.0,-7.4,-1.8,2,1
22024,203497,22400093,2024-10-26,MIN vs. TOR,W,39,6,8,0.75,0,0,0.0,3,4,0.75,2,10,12,1,1,4,1,3,15,20,1,Rudy Gobert,2024-25,39,15.4,14.2,12.6,13.1,1.0,1.8,0.7306,0.6658,0.0,0.0,0.0,1.0,3,1
22024,203497,22400114,2024-10-29,MIN vs. DAL,L,31,2,5,0.4,0,0,0.0,3,5,0.6,4,4,8,1,0,0,2,3,7,-8,1,Rudy Gobert,2024-25,31,11.8,13.8,10.4,12.4,1.2,1.6,0.6106,0.6557999999999999,0.0,0.0,-4.2,-3.1,4,0
22024,203497,22400139,2024-11-01,MIN vs. DEN,W,36,7,10,0.7,0,0,0.0,3,4,0.75,4,10,14,3,1,2,2,3,17,7,1,Rudy Gobert,2024-25,36,11.0,15.1,11.8,13.2,1.6,1.8,0.595,0.6858,0.0,0.0,0.6,0.2,5,1
22024,203497,22400146,2024-11-02,MIN @ SAS,L,23,3,8,0.375,0,0,0.0,4,4,1.0,1,2,3,1,0,0,0,2,10,-8,1,Rudy Gobert,2024-25,23,10.4,14.3,9.6,11.9,1.4,1.6,0.5449999999999999,0.6541,0.0,0.0,1.0,-1.4,6,0
22024,203497,22400162,2024-11-04,MIN vs. CHA,W,30,4,5,0.8,0,0,0.0,0,0,0.0,2,6,8,4,0,1,1,2,8,15,1,Rudy Gobert,2024-25,30,11.4,13.2,9.0,11.1,2.0,1.7,0.605,0.6785,0.0,0.0,5.2,-1.1,7,1
22024,203497,22400181,2024-11-07,MIN @ CHI,W,32,9,11,0.818,0,0,0.0,3,3,1.0,3,6,9,3,0,1,2,4,21,23,1,Rudy Gobert,2024-25,32,12.6,14.0,8.4,10.5,2.4,1.7,0.6186,0.6746,0.0,0.0,5.8,2.9,8,1
22024,203497,22400193,2024-11-08,MIN vs. POR,W,23,4,5,0.8,0,0,0.0,0,0,0.0,4,11,15,2,0,3,2,5,8,18,1,Rudy Gobert,2024-25,23,12.8,12.3,9.8,10.1,2.6,1.9,0.6986,0.6546000000000001,0.0,0.0,11.0,3.4,9,1
22024,203497,22400206,2024-11-10,MIN vs. MIA,L,33,2,4,0.5,0,0,0.0,3,3,1.0,6,7,13,1,1,2,2,1,7,-4,1,Rudy Gobert,2024-25,33,10.8,10.9,9.6,10.7,2.2,1.9,0.6586000000000001,0.6268,0.0,0.0,8.8,4.7,10,0
22024,203497,22400008,2024-11-12,MIN @ POR,L,33,2,3,0.667,0,0,0.0,5,6,0.833,0,8,8,4,1,1,4,2,9,-7,1,Rudy Gobert,2024-25,33,10.6,10.5,10.6,10.1,2.8,2.1,0.7170000000000001,0.631,0.0,0.0,9.0,5.0,11,0
22024,203497,22400226,2024-11-13,MIN @ POR,L,34,4,8,0.5,0,0,0.0,4,5,0.8,7,3,10,0,0,0,1,3,12,-8,1,Rudy Gobert,2024-25,34,11.4,11.4,11.0,10.0,2.0,2.0,0.657,0.631,0.0,0.0,4.4,4.8,12,0
22024,203497,22400020,2024-11-15,MIN @ SAC,W,41,5,7,0.714,0,0,0.0,1,1,1.0,3,8,11,2,0,3,1,2,11,11,1,Rudy Gobert,2024-25,41,9.4,11.0,11.4,9.9,1.8,2.1,0.6362,0.6274,0.0,0.0,2.0,3.9,13,1
22024,203497,22400234,2024-11-17,MIN vs. PHX,W,37,4,8,0.5,0,0,0.0,3,4,0.75,4,6,10,2,0,4,3,2,11,4,1,Rudy Gobert,2024-25,37,10.0,11.4,10.4,10.1,1.8,2.2,0.5762,0.6374,0.0,0.0,-0.8,5.1,14,1
22024,203497,22400261,2024-11-21,MIN @ TOR,L,36,4,5,0.8,0,0,0.0,5,6,0.833,4,7,11,2,1,2,3,3,13,0,1,Rudy Gobert,2024-25,36,11.2,11.0,10.0,9.8,2.0,2.1,0.6362,0.6474,0.0,0.0,0.0,4.4,15,0
22024,203497,22400271,2024-11-24,MIN @ BOS,L,34,4,5,0.8,0,0,0.0,2,2,1.0,8,12,20,0,0,0,0,2,10,-4,1,Rudy Gobert,2024-25,34,11.4,11.0,12.4,11.5,1.2,2.0,0.6628000000000001,0.6899,0.0,0.0,0.6,4.8,16,0
22024,203497,22400037,2024-11-26,MIN vs. HOU,L,44,2,3,0.667,0,0,0.0,1,2,0.5,3,13,16,2,0,1,1,5,5,4,1,Rudy Gobert,2024-25,44,10.0,10.7,13.6,12.3,1.6,1.8,0.6961999999999999,0.6766,0.0,0.0,3.0,3.7,17,0
22024,203497,22400294,2024-11-27,MIN vs. SAC,L,37,2,2,1.0,0,0,0.0,5,6,0.833,2,5,7,3,0,4,0,3,9,-9,1,Rudy Gobert,2024-25,37,9.6,9.5,12.8,12.1,1.8,1.8,0.7534,0.6948000000000001,0.0,0.0,-1.0,0.5,18,0
22024,203497,22400044,2024-11-29,MIN vs. LAC,W,43,3,7,0.429,0,0,0.0,2,4,0.5,4,8,12,3,1,1,3,3,8,9,1,Rudy Gobert,2024-25,43,9.0,9.5,13.2,11.8,2.0,1.9,0.7392,0.6577,0.0,0.0,0.0,-0.4,19,1
22024,203497,22400318,2024-12-02,MIN vs. LAL,W,32,7,8,0.875,0,0,0.0,3,4,0.75,6,6,12,0,1,0,2,3,17,17,1,Rudy Gobert,2024-25,32,9.8,10.5,13.4,11.7,1.6,1.8,0.7542,0.6952,0.0,0.0,3.4,1.7,20,1
22024,203497,22400324,2024-12-04,MIN @ LAC,W,29,3,4,0.75,0,0,0.0,2,2,1.0,1,8,9,7,5,1,0,2,8,21,1,Rudy Gobert,2024-25,29,9.4,10.4,11.2,11.8,3.0,2.1,0.7442,0.7035,0.0,0.0,8.4,4.5,21,1
22024,203497,22400338,2024-12-06,MIN @ GSW,W,35,6,10,0.6,0,0,0.0,5,5,1.0,2,9,11,1,1,0,3,3,17,19,1,Rudy Gobert,2024-25,35,11.8,10.9,10.2,11.9,2.8,2.2,0.7308,0.7135,0.0,0.0,11.4,7.2,22,1
22024,203497,22400355,2024-12-08,MIN @ GSW,L,38,1,3,0.333,0,0,0.0,2,4,0.5,1,8,9,1,1,3,2,3,4,-12,1,Rudy Gobert,2024-25,38,10.8,10.2,10.6,11.7,2.4,2.1,0.5974,0.6754,0.0,0.0,10.8,4.9,23,0
22024,203497,22401210,2024-12-13,MIN vs. LAL,W,38,5,8,0.625,0,0,0.0,2,4,0.5,5,8,13,2,1,1,0,1,12,3,1,Rudy Gobert,2024-25,38,11.6,10.3,10.8,12.0,2.2,2.1,0.6366,0.6879,0.0,0.0,9.6,4.8,24,1
22024,203497,22401218,2024-12-15,MIN @ SAS,W,35,5,11,0.455,0,0,0.0,0,1,0.0,4,5,9,2,1,1,2,2,10,8,1,Rudy Gobert,2024-25,35,10.2,10.0,10.2,11.8,2.6,2.1,0.5526,0.6534,0.0,0.0,7.8,5.6,25,1
22024,203497,22400367,2024-12-19,MIN vs. NYK,L,22,1,1,1.0,0,0,0.0,1,4,0.25,1,3,4,0,2,0,0,2,3,-37,1,Rudy Gobert,2024-25,22,9.2,9.3,9.2,10.2,1.2,2.1,0.6026,0.6734,0.0,0.0,-3.8,2.3,26,0
22024,203497,22400383,2024-12-21,MIN vs. GSW,L,37,7,8,0.875,0,0,0.0,4,7,0.571,2,10,12,2,1,1,1,0,18,-3,1,Rudy Gobert,2024-25,37,9.4,10.6,9.4,9.8,1.4,2.1,0.6576000000000001,0.6942,0.0,0.0,-8.2,1.6,27,0
22024,203497,22400395,2024-12-23,MIN @ ATL,L,28,1,4,0.25,0,0,0.0,0,0,0.0,2,4,6,0,0,1,3,1,2,-16,1,Rudy Gobert,2024-25,28,9.0,9.9,8.8,9.7,1.2,1.8,0.641,0.6192,0.0,0.0,-9.0,0.9,28,0
22024,203497,22400406,2024-12-25,MIN @ DAL,W,39,6,7,0.857,0,0,0.0,2,2,1.0,2,8,10,0,1,2,1,3,14,8,1,Rudy Gobert,2024-25,39,9.4,10.5,8.2,9.5,0.8,1.5,0.6874,0.662,0.0,0.0,-8.0,0.8,29,1
22024,203497,22400422,2024-12-27,MIN @ HOU,W,29,3,5,0.6,0,0,0.0,1,6,0.167,5,4,9,0,0,2,0,2,7,-18,1,Rudy Gobert,2024-25,29,8.8,9.5,8.2,9.2,0.4,1.5,0.7163999999999999,0.6345,0.0,0.0,-13.2,-2.7,30,1
22024,203497,22400441,2024-12-29,MIN vs. SAS,W,31,6,12,0.5,0,0,0.0,5,6,0.833,11,4,15,2,0,2,1,4,17,-1,1,Rudy Gobert,2024-25,31,11.6,10.4,10.4,9.8,0.8,1.0,0.6164,0.6094999999999999,0.0,0.0,-6.0,-4.9,31,1
22024,203497,22400452,2024-12-31,MIN @ OKC,L,31,3,6,0.5,0,0,0.0,2,2,1.0,2,5,7,1,0,2,1,2,8,3,1,Rudy Gobert,2024-25,31,9.6,9.5,9.4,9.4,0.6,1.0,0.5414,0.5995,0.0,0.0,-4.8,-6.5,32,0
22024,203497,22400464,2025-01-02,MIN vs. BOS,L,28,3,5,0.6,0,0,0.0,0,0,0.0,3,4,7,0,0,0,0,1,6,-6,1,Rudy Gobert,2024-25,28,10.4,9.7,9.6,9.2,0.6,0.9,0.6113999999999999,0.6262000000000001,0.0,0.0,-2.8,-5.9,33,0
22024,203497,22400479,2025-01-04,MIN @ DET,L,30,3,6,0.5,0,0,0.0,0,2,0.0,2,4,6,0,0,2,3,2,6,-2,1,Rudy Gobert,2024-25,30,8.8,9.1,8.8,8.5,0.6,0.7,0.54,0.6137,0.0,0.0,-4.8,-6.4,34,0
22024,203497,22400500,2025-01-06,MIN vs. LAC,W,38,3,8,0.375,0,0,0.0,2,5,0.4,8,10,18,2,0,1,2,3,8,8,1,Rudy Gobert,2024-25,38,9.0,8.9,10.6,9.4,1.0,0.7,0.495,0.6057,0.0,0.0,0.4,-6.4,35,1
22024,203497,22400505,2025-01-07,MIN @ NOP,W,35,3,4,0.75,0,0,0.0,1,2,0.5,2,12,14,4,0,6,2,4,7,-6,1,Rudy Gobert,2024-25,35,7.0,9.3,10.4,10.4,1.4,1.1,0.545,0.5807,0.0,0.0,-0.6,-3.3,36,1
22024,203497,22400519,2025-01-09,MIN @ ORL,W,32,5,8,0.625,0,0,0.0,0,2,0.0,4,8,12,1,1,0,0,2,10,14,1,Rudy Gobert,2024-25,32,7.4,8.5,11.4,10.4,1.4,1.0,0.5700000000000001,0.5557000000000001,0.0,0.0,1.6,-1.6,37,1
22024,203497,22400535,2025-01-11,MIN vs. MEM,L,29,6,6,1.0,0,0,0.0,0,2,0.0,2,2,4,4,0,1,0,3,12,3,1,Rudy Gobert,2024-25,29,8.6,9.5,10.8,10.2,2.2,1.4,0.65,0.6307,0.0,0.0,3.4,0.3,38,0
22024,203497,22400548,2025-01-13,MIN @ WAS,W,33,5,6,0.833,0,0,0.0,1,2,0.5,5,6,11,2,1,1,0,1,11,11,1,Rudy Gobert,2024-25,33,9.6,9.2,11.8,10.3,2.6,1.6,0.7166,0.6283,0.0,0.0,6.0,0.6,39,1
22024,203497,22400565,2025-01-15,MIN vs. GSW,L,29,2,2,1.0,0,0,0.0,3,5,0.6,2,8,10,1,0,2,1,2,7,-4,1,Rudy Gobert,2024-25,29,9.4,9.2,10.2,10.4,2.4,1.7,0.8416,0.6683,0.0,0.0,3.6,2.0,40,0
22024,203497,22400578,2025-01-17,MIN @ NYK,W,34,5,6,0.833,0,0,0.0,1,2,0.5,1,5,6,1,0,2,1,2,11,9,1,Rudy Gobert,2024-25,34,10.2,8.6,8.6,9.5,1.8,1.6,0.8582000000000001,0.7016,0.0,0.0,6.6,3.0,41,1
22024,203497,22400590,2025-01-18,MIN vs. CLE,L,31,6,7,0.857,0,0,0.0,5,6,0.833,2,10,12,1,0,0,0,1,17,1,1,Rudy Gobert,2024-25,31,11.6,9.5,8.6,10.0,1.8,1.6,0.9046,0.7373000000000001,0.0,0.0,4.0,2.8,42,0
22024,203497,22400601,2025-01-20,MIN @ MEM,L,25,1,5,0.2,0,0,0.0,2,2,1.0,2,2,4,2,2,1,3,4,4,-8,1,Rudy Gobert,2024-25,25,10.0,9.3,8.6,9.7,1.4,1.8,0.7445999999999999,0.6973,0.0,0.0,1.8,2.6,43,0
22024,203497,22400614,2025-01-22,MIN @ DAL,W,30,3,4,0.75,0,0,0.0,8,8,1.0,1,5,6,2,0,3,1,1,14,-1,1,Rudy Gobert,2024-25,30,10.6,10.1,7.6,9.7,1.4,2.0,0.728,0.7222999999999999,0.0,0.0,-0.6,2.7,44,1
22024,203497,22400634,2025-01-25,MIN vs. DEN,W,30,6,8,0.75,0,0,0.0,2,3,0.667,4,10,14,5,4,0,0,2,14,26,1,Rudy Gobert,2024-25,30,12.0,10.7,8.4,9.3,2.2,2.3,0.6779999999999999,0.7597999999999999,0.0,0.0,5.4,4.5,45,1
22024,203497,22400656,2025-01-27,MIN vs. ATL,W,38,7,9,0.778,0,0,0.0,4,7,0.571,5,5,10,1,0,2,1,2,18,8,1,Rudy Gobert,2024-25,38,13.4,11.8,9.2,8.9,2.2,2.0,0.667,0.7626,0.0,0.0,5.2,5.9,46,1
22024,203497,22400672,2025-01-29,MIN @ PHX,W,34,2,5,0.4,0,0,0.0,0,0,0.0,0,5,5,1,1,2,1,3,4,9,1,Rudy Gobert,2024-25,34,10.8,11.2,7.8,8.2,2.2,2.0,0.5755999999999999,0.7401,0.0,0.0,6.8,5.4,47,1
22024,203497,22400677,2025-01-30,MIN @ UTA,W,34,6,8,0.75,0,0,0.0,4,6,0.667,3,6,9,5,0,4,1,0,16,7,1,Rudy Gobert,2024-25,34,13.2,11.6,8.8,8.7,2.8,2.1,0.6856,0.7151,0.0,0.0,9.8,5.8,48,1
22024,203497,22400690,2025-02-01,MIN vs. WAS,L,37,7,12,0.583,0,0,0.0,2,3,0.667,5,11,16,4,2,2,3,1,16,6,1,Rudy Gobert,2024-25,37,13.6,12.1,10.8,9.2,3.2,2.3,0.6522,0.6900999999999999,0.0,0.0,11.2,5.3,49,0
22024,203497,22400704,2025-02-03,MIN vs. SAC,L,40,8,9,0.889,0,0,0.0,3,3,1.0,7,6,13,3,1,2,0,2,19,-4,1,Rudy Gobert,2024-25,40,14.6,13.3,10.6,9.5,2.8,2.5,0.6799999999999999,0.679,0.0,0.0,5.2,5.3,50,0
22024,203497,22400723,2025-02-05,MIN vs. CHI,W,31,4,7,0.571,0,0,0.0,2,6,0.333,9,6,15,1,3,3,1,1,10,17,1,Rudy Gobert,2024-25,31,13.0,13.2,11.6,10.4,2.8,2.5,0.6386000000000001,0.6527999999999999,0.0,0.0,7.0,6.1,51,1
22024,203497,22400729,2025-02-06,MIN vs. HOU,W,34,5,8,0.625,0,0,0.0,3,4,0.75,3,7,10,0,0,1,2,4,13,2,1,Rudy Gobert,2024-25,34,14.8,12.8,12.6,10.2,2.6,2.4,0.6836,0.6295999999999999,0.0,0.0,5.6,6.2,52,1
22024,203497,22400747,2025-02-08,MIN vs. POR,W,37,4,6,0.667,0,0,0.0,7,10,0.7,3,8,11,1,0,1,1,2,15,20,1,Rudy Gobert,2024-25,37,14.6,13.9,13.0,10.9,1.8,2.3,0.667,0.6763,0.0,0.0,8.2,9.0,53,1
22024,203497,22400755,2025-02-10,MIN @ CLE,L,27,4,6,0.667,0,0,0.0,4,5,0.8,6,2,8,1,0,2,2,0,12,-6,1,Rudy Gobert,2024-25,27,13.8,13.7,11.4,11.1,1.2,2.2,0.6838,0.6679999999999999,0.0,0.0,5.8,8.5,54,0
22024,203497,22400776,2025-02-12,MIN vs. MIL,L,38,10,14,0.714,0,0,0.0,0,0,0.0,6,8,14,4,1,1,2,5,20,-13,1,Rudy Gobert,2024-25,38,14.0,14.3,11.6,11.1,1.4,2.1,0.6488,0.6643999999999999,0.0,0.0,4.0,4.6,55,0
22024,203497,22400925,2025-03-09,MIN vs. SAS,W,20,7,8,0.875,0,0,0.0,2,2,1.0,3,5,8,2,2,0,1,4,16,18,1,Rudy Gobert,2024-25,20,15.2,14.1,10.2,10.9,1.6,2.2,0.7096,0.6740999999999999,0.0,0.0,4.2,5.6,56,1
22024,203497,22400952,2025-03-12,MIN @ DEN,W,30,4,8,0.5,0,0,0.0,3,4,0.75,3,7,10,3,0,1,0,3,11,16,1,Rudy Gobert,2024-25,30,14.8,14.8,10.2,11.4,2.2,2.4,0.6846,0.6840999999999999,0.0,0.0,7.0,6.3,57,1
22024,203497,22400963,2025-03-14,MIN vs. ORL,W,35,5,7,0.714,0,0,0.0,2,4,0.5,4,8,12,1,2,0,1,2,12,16,1,Rudy Gobert,2024-25,35,14.2,14.4,10.4,11.7,2.2,2.0,0.6940000000000001,0.6805,0.0,0.0,6.2,7.2,58,1
22024,203497,22400981,2025-03-16,MIN vs. UTA,W,26,3,5,0.6,0,0,0.0,1,2,0.5,3,3,6,0,2,2,1,1,7,26,1,Rudy Gobert,2024-25,26,13.2,13.5,10.0,10.7,2.0,1.6,0.6805999999999999,0.6821999999999999,0.0,0.0,12.6,9.2,59,1
22024,203497,22400986,2025-03-17,MIN vs. IND,L,22,1,2,0.5,0,0,0.0,1,2,0.5,3,4,7,1,0,3,0,1,3,0,1,Rudy Gobert,2024-25,22,9.8,11.9,8.6,10.1,1.4,1.4,0.6378,0.6433,0.0,0.0,15.2,9.6,60,0
22024,203497,22401001,2025-03-19,MIN vs. NOP,L,31,3,4,0.75,0,0,0.0,4,6,0.667,2,7,9,1,0,1,0,4,10,4,1,Rudy Gobert,2024-25,31,8.6,11.9,8.8,9.5,1.2,1.4,0.6128,0.6611999999999999,0.0,0.0,12.4,8.3,61,0
22024,203497,22401016,2025-03-21,MIN vs. NOP,W,30,4,5,0.8,0,0,0.0,7,8,0.875,2,9,11,3,3,0,1,4,15,34,1,Rudy Gobert,2024-25,30,9.4,12.1,9.0,9.6,1.2,1.7,0.6728,0.6786999999999999,0.0,0.0,16.0,11.5,62,1
22024,203497,22401037,2025-03-24,MIN @ IND,L,35,8,12,0.667,0,0,0.0,0,0,0.0,5,11,16,3,0,0,2,0,16,-3,1,Rudy Gobert,2024-25,35,10.2,12.2,9.8,10.1,1.6,1.9,0.6634,0.6787,0.0,0.0,12.2,9.2,63,0
22024,203497,22401071,2025-03-28,MIN vs. PHX,W,38,8,9,0.889,0,0,0.0,1,2,0.5,5,8,13,1,4,1,4,5,17,20,1,Rudy Gobert,2024-25,38,12.2,12.7,11.2,10.6,1.8,1.9,0.7212000000000001,0.7009000000000001,0.0,0.0,11.0,11.8,64,1
22024,203497,22401084,2025-03-30,MIN vs. DET,W,38,8,16,0.5,0,0,0.0,3,4,0.75,10,15,25,0,0,1,1,3,19,18,1,Rudy Gobert,2024-25,38,15.4,12.6,14.8,11.7,1.6,1.5,0.7212,0.6795,0.0,0.0,14.6,14.9,65,1
22024,203497,22401102,2025-04-01,MIN @ DEN,W,40,7,11,0.636,0,0,0.0,5,9,0.556,6,6,12,1,1,0,0,6,19,-10,1,Rudy Gobert,2024-25,40,17.2,12.9,15.4,12.1,1.6,1.4,0.6984,0.6556,0.0,0.0,11.8,12.1,66,1
22024,203497,22401113,2025-04-03,MIN @ BKN,W,36,9,10,0.9,0,0,0.0,3,6,0.5,4,14,18,1,0,2,0,2,21,14,1,Rudy Gobert,2024-25,36,18.4,13.9,16.8,12.9,1.2,1.2,0.7184,0.6956,0.0,0.0,7.8,11.9,67,1
22024,203497,22401130,2025-04-05,MIN @ PHI,W,36,10,11,0.909,0,0,0.0,3,4,0.75,8,11,19,2,2,3,1,3,23,10,1,Rudy Gobert,2024-25,36,19.8,15.0,17.4,13.6,1.0,1.3,0.7667999999999999,0.7151,0.0,0.0,10.4,11.3,68,1
22024,203497,22401152,2025-04-08,MIN @ MIL,L,34,3,4,0.75,0,0,0.0,0,0,0.0,2,7,9,2,1,0,1,4,6,-5,1,Rudy Gobert,2024-25,34,17.6,14.9,16.6,13.9,1.2,1.5,0.7390000000000001,0.7301,0.0,0.0,5.4,8.2,69,0
22024,203497,22401170,2025-04-10,MIN @ MEM,W,36,5,5,1.0,0,0,0.0,3,4,0.75,0,8,8,4,0,0,1,3,13,17,1,Rudy Gobert,2024-25,36,16.4,15.9,13.2,14.0,2.0,1.8,0.8390000000000001,0.7801,0.0,0.0,5.2,9.9,70,1
22024,203497,22401179,2025-04-11,MIN vs. BKN,W,33,13,17,0.765,0,0,0.0,9,14,0.643,3,8,11,1,0,1,0,3,35,16,1,Rudy Gobert,2024-25,33,19.6,18.4,13.0,14.2,2.0,1.8,0.8648,0.7816000000000001,0.0,0.0,10.4,11.1,71,1
22024,203497,22401195,2025-04-13,MIN vs. UTA,W,38,8,16,0.5,0,0,0.0,3,5,0.6,8,10,18,0,1,4,0,2,19,6,1,Rudy Gobert,2024-25,38,19.2,18.8,13.0,14.9,1.8,1.5,0.7847999999999999,0.7516,0.0,0.0,8.8,8.3,72,1
