SEASON_ID,Player_ID,Game_ID,GAME_DATE,MATCHUP,WL,MIN,FGM,FGA,FG_PCT,FG3M,FG3A,FG3_PCT,FTM,FTA,FT_PCT,OREB,DREB,REB,AST,STL,BLK,TOV,PF,PTS,PLUS_MINUS,VIDEO_AVAILABLE,PLAYER_NAME,SEASON,MIN_PLAYED,PTS_L5,PTS_L10,REB_L5,REB_L10,AST_L5,AST_L10,FG_PCT_L5,FG_PCT_L10,FG3_PCT_L5,FG3_PCT_L10,PLUS_MINUS_L5,PLUS_MINUS_L10,GAME_NUMBER,WIN,PERFORMANCE_TREND,CONSISTENCY,FATIGUE_PROXY,HOT_STREAK,COLD_STREAK,NEXT_GAME_PTS,SEASON_PROGRESS,WIN_RATE_L10
22022,1630162,22200010,2022-10-19,MIN vs. OKC,W,32,4,17,0.235,1,7,0.143,2,4,0.5,1,7,8,7,0,0,2,5,11,8,1,Anthony Edwards,2022-23,32,11.0,11.0,8.0,8.0,7.0,7.0,0.235,0.235,0.143,0.143,8.0,8.0,1,1,0.0,,32.0,0.0,0.0,30.0,0.012658227848101266,1.0
22022,1630162,22200025,2022-10-21,MIN vs. UTA,L,41,12,23,0.522,3,9,0.333,3,5,0.6,1,4,5,2,0,1,5,0,30,-6,1,Anthony Edwards,2022-23,41,20.5,20.5,6.5,6.5,4.5,4.5,0.3785,0.3785,0.238,0.238,1.0,1.0,2,0,0.0,,73.0,0.0,0.0,30.0,0.02531645569620253,0.5
22022,1630162,22200041,2022-10-23,MIN @ OKC,W,34,13,19,0.684,3,7,0.429,1,3,0.333,2,9,11,3,1,0,4,4,30,22,1,Anthony Edwards,2022-23,34,23.666666666666668,23.666666666666668,8.0,8.0,4.0,4.0,0.4803333333333333,0.4803333333333333,0.3016666666666667,0.3016666666666667,8.0,8.0,3,1,0.0,10.969655114602888,107.0,0.0,0.0,9.0,0.0379746835443038,0.6666666666666666
22022,1630162,22200050,2022-10-24,MIN vs. SAS,L,35,3,15,0.2,1,8,0.125,2,3,0.667,0,10,10,2,0,0,3,1,9,-14,1,Anthony Edwards,2022-23,35,20.0,20.0,8.5,8.5,3.5,3.5,0.41025,0.41025,0.2575,0.2575,2.5,2.5,4,0,0.0,11.575836902790225,142.0,0.0,0.0,34.0,0.05063291139240506,0.5
22022,1630162,22200062,2022-10-26,MIN vs. SAS,W,38,12,21,0.571,7,12,0.583,3,4,0.75,0,3,3,9,2,0,5,3,34,16,1,Anthony Edwards,2022-23,38,22.8,22.8,7.4,7.4,4.6,4.6,0.4423999999999999,0.4423999999999999,0.3226,0.3226,5.2,5.2,5,1,0.0,11.819475453673906,180.0,0.0,0.0,29.0,0.06329113924050633,0.6
22022,1630162,22200076,2022-10-28,MIN vs. LAL,W,38,11,22,0.5,3,8,0.375,4,6,0.667,0,4,4,2,1,0,2,4,29,4,1,Anthony Edwards,2022-23,38,26.4,23.833333333333332,6.6,6.833333333333333,3.6,4.166666666666667,0.4954,0.4519999999999999,0.369,0.3313333333333333,4.4,5.0,6,1,2.5666666666666664,10.870449239413551,186.0,0.0,0.0,18.0,0.0759493670886076,0.6666666666666666
22022,1630162,22200092,2022-10-30,MIN @ SAS,L,36,7,18,0.389,1,4,0.25,3,3,1.0,0,2,2,6,2,1,1,4,18,-3,1,Anthony Edwards,2022-23,36,24.0,23.0,6.0,6.142857142857143,4.4,4.428571428571429,0.4688,0.443,0.3524,0.3197142857142857,5.0,3.857142857142857,7,0,1.0,10.16530045465127,181.0,0.0,0.0,24.0,0.08860759493670886,0.5714285714285714
22022,1630162,22200106,2022-11-01,MIN @ PHX,L,40,8,21,0.381,5,10,0.5,3,5,0.6,0,6,6,1,3,1,3,5,24,-12,1,Anthony Edwards,2022-23,40,22.8,23.125,5.0,6.125,4.0,4.0,0.4082,0.43525,0.3666,0.34225,-1.8,1.875,8,0,-0.3249999999999993,9.417878135303544,187.0,0.0,0.0,24.0,0.10126582278481013,0.5
22022,1630162,22200129,2022-11-04,MIN vs. MIL,L,37,10,19,0.526,3,9,0.333,1,2,0.5,1,2,3,3,1,0,3,4,24,-16,1,Anthony Edwards,2022-23,37,25.8,23.22222222222222,3.6,5.777777777777778,4.2,3.888888888888889,0.4734,0.4453333333333333,0.4082,0.3412222222222222,-2.2,-0.1111111111111111,9,0,2.5777777777777793,8.814445214784902,189.0,0.0,0.0,19.0,0.11392405063291139,0.4444444444444444
22022,1630162,22200137,2022-11-05,MIN vs. HOU,W,33,7,13,0.538,2,5,0.4,3,3,1.0,0,2,2,3,2,0,4,2,19,20,1,Anthony Edwards,2022-23,33,22.8,22.8,3.4,5.4,3.0,3.8,0.4668,0.4546,0.3716,0.3471,-1.4,1.9,10,1,0.0,8.416914187779536,184.0,0.0,0.0,16.0,0.12658227848101267,0.5
22022,1630162,22200153,2022-11-07,MIN vs. NYK,L,37,5,14,0.357,1,7,0.143,5,6,0.833,1,8,9,1,1,0,3,1,16,-6,1,Anthony Edwards,2022-23,37,20.2,23.3,4.4,5.5,2.8,3.2,0.4382,0.4667999999999999,0.3252,0.3471,-3.4,0.5,11,0,-3.1000000000000014,7.761013679496599,183.0,0.0,0.0,11.0,0.13924050632911392,0.4
22022,1630162,22200167,2022-11-09,MIN vs. PHX,L,35,4,12,0.333,0,4,0.0,3,6,0.5,0,3,3,6,2,0,3,5,11,-2,1,Anthony Edwards,2022-23,35,18.8,21.4,4.6,5.3,2.8,3.6,0.427,0.4479,0.2752,0.3137999999999999,-3.2,0.9,12,0,-2.599999999999998,8.248905651323966,182.0,0.0,0.0,28.0,0.1518987341772152,0.4
22022,1630162,22200181,2022-11-11,MIN @ MEM,L,38,10,16,0.625,3,4,0.75,5,7,0.714,1,5,6,6,0,0,1,1,28,2,1,Anthony Edwards,2022-23,38,19.6,21.2,4.6,4.8,3.8,3.9,0.4758,0.442,0.3252,0.3459,-0.4,-1.1,13,0,-1.5999999999999979,8.03879482399086,180.0,0.0,0.0,10.0,0.16455696202531644,0.3
22022,1630162,22200193,2022-11-13,MIN @ CLE,W,31,5,13,0.385,0,3,0.0,0,0,0.0,0,7,7,1,0,0,4,5,10,-11,1,Anthony Edwards,2022-23,31,16.8,21.3,5.4,4.5,3.4,3.8,0.4476,0.4605,0.2586,0.3334,0.6,-0.8,14,1,-4.5,7.874713398664814,174.0,0.0,1.0,35.0,0.17721518987341772,0.4
22022,1630162,22200212,2022-11-16,MIN @ ORL,W,39,12,20,0.6,7,13,0.538,4,7,0.571,0,8,8,6,2,1,1,1,35,29,1,Anthony Edwards,2022-23,39,20.0,21.4,6.6,5.0,4.0,3.5,0.4599999999999999,0.4634,0.2862,0.3289,2.4,0.5,15,1,-1.3999999999999986,8.058122196475638,180.0,0.0,0.0,25.0,0.189873417721519,0.4
22022,1630162,22200237,2022-11-19,MIN @ PHI,W,36,7,21,0.333,2,10,0.2,9,9,1.0,0,5,5,5,1,1,5,2,25,2,1,Anthony Edwards,2022-23,36,21.8,21.0,5.8,5.1,4.8,3.8,0.4551999999999999,0.4467,0.2976,0.3114,4.0,0.3,16,1,0.8000000000000007,7.731609003162137,179.0,0.0,0.0,22.0,0.20253164556962025,0.4
22022,1630162,22200252,2022-11-21,MIN vs. MIA,W,39,9,21,0.429,4,12,0.333,0,1,0.0,1,6,7,4,4,1,4,3,22,0,1,Anthony Edwards,2022-23,39,24.0,21.4,6.6,5.6,4.4,3.6,0.4744,0.4507,0.3641999999999999,0.3197,4.4,0.6,17,1,2.6000000000000014,7.662317607037125,183.0,0.0,0.0,19.0,0.21518987341772153,0.5
22022,1630162,22200262,2022-11-23,MIN @ IND,W,36,7,14,0.5,3,5,0.6,2,2,1.0,0,7,7,2,1,0,4,2,19,10,1,Anthony Edwards,2022-23,36,22.2,20.9,6.8,5.7,3.6,3.7,0.4493999999999999,0.4625999999999999,0.3342,0.3297,6.0,2.8,18,1,1.3000000000000007,7.6368987306512235,181.0,0.0,0.0,25.0,0.22784810126582278,0.6
22022,1630162,22200272,2022-11-25,MIN @ CHA,L,37,10,21,0.476,3,10,0.3,2,2,1.0,1,4,5,4,1,0,2,3,25,7,1,Anthony Edwards,2022-23,37,25.2,21.0,6.4,5.9,4.2,3.8,0.4676,0.4575999999999999,0.3942,0.3263999999999999,9.6,5.1,19,0,4.199999999999999,7.688375063113868,187.0,0.0,0.0,26.0,0.24050632911392406,0.6
22022,1630162,22200291,2022-11-27,MIN vs. GSW,L,36,7,17,0.412,2,6,0.333,10,11,0.909,1,3,4,4,1,0,1,1,26,-29,1,Anthony Edwards,2022-23,36,23.4,21.7,5.6,6.1,3.8,3.9,0.43,0.4449999999999999,0.3532,0.3197,-2.0,0.2,20,0,1.6999999999999993,7.8038452060506724,184.0,0.0,0.0,29.0,0.25316455696202533,0.5
22022,1630162,22200300,2022-11-28,MIN @ WAS,L,37,9,19,0.474,1,6,0.167,10,11,0.909,3,5,8,2,2,0,7,2,29,-25,1,Anthony Edwards,2022-23,37,24.2,23.0,6.2,6.0,3.2,4.0,0.4582,0.4567,0.3465999999999999,0.3221,-7.4,-1.7,21,0,1.1999999999999993,7.8315600829804906,185.0,0.0,0.0,29.0,0.26582278481012656,0.5
22022,1630162,22200317,2022-11-30,MIN vs. MEM,W,40,10,18,0.556,2,6,0.333,7,7,1.0,0,3,3,5,5,3,1,4,29,12,1,Anthony Edwards,2022-23,40,25.6,24.8,5.4,6.0,3.4,3.9,0.4836,0.479,0.3466,0.3554,-5.0,-0.3,22,1,0.8000000000000007,6.762642481555075,186.0,0.0,0.0,26.0,0.27848101265822783,0.6
22022,1630162,22200341,2022-12-03,MIN vs. OKC,L,37,10,22,0.455,2,6,0.333,4,6,0.667,0,3,3,4,6,0,5,2,26,5,1,Anthony Edwards,2022-23,37,27.0,24.6,4.6,5.7,3.8,3.7,0.4746,0.462,0.2932,0.3137,-6.0,0.0,23,0,2.3999999999999986,6.686636756330582,187.0,1.0,0.0,26.0,0.2911392405063291,0.6
22022,1630162,22200370,2022-12-07,MIN vs. IND,W,35,8,18,0.444,1,3,0.333,9,10,0.9,1,7,8,8,6,0,6,3,26,-4,1,Anthony Edwards,2022-23,35,27.2,26.2,5.2,5.8,4.6,4.4,0.4682,0.4678999999999999,0.2998,0.347,-8.2,0.7,24,1,1.0,4.289522117905451,185.0,0.0,0.0,14.0,0.3037974683544304,0.6
22022,1630162,22200385,2022-12-09,MIN @ UTA,W,34,3,14,0.214,2,6,0.333,6,6,1.0,2,4,6,2,3,0,1,4,14,11,1,Anthony Edwards,2022-23,34,24.8,24.1,5.6,5.6,4.2,4.0,0.4286,0.4293,0.2997999999999999,0.3265,-0.2,-1.1,25,1,0.6999999999999993,4.6296148147911165,183.0,0.0,0.0,26.0,0.31645569620253167,0.6
22022,1630162,22200394,2022-12-10,MIN @ POR,L,41,10,20,0.5,4,8,0.5,2,4,0.5,1,5,6,7,2,0,3,3,26,0,1,Anthony Edwards,2022-23,41,24.2,24.2,5.2,5.7,5.2,4.2,0.4338,0.446,0.3664,0.3565,4.8,-1.3,26,0,0.0,4.66190232987923,187.0,0.0,0.0,17.0,0.3291139240506329,0.5
22022,1630162,22200407,2022-12-12,MIN @ POR,L,33,6,16,0.375,3,3,1.0,2,6,0.333,1,1,2,3,2,0,2,4,17,-25,1,Anthony Edwards,2022-23,33,21.8,23.7,5.0,5.2,4.8,4.1,0.3976,0.4406,0.4998,0.4232,-2.6,-3.8,27,0,-1.8999999999999986,5.165053511608358,180.0,0.0,0.0,19.0,0.34177215189873417,0.4
22022,1630162,22200423,2022-12-14,MIN @ LAC,L,37,6,14,0.429,2,7,0.286,5,7,0.714,0,7,7,3,2,1,5,5,19,-11,1,Anthony Edwards,2022-23,37,20.4,23.7,5.8,5.2,4.6,4.2,0.3923999999999999,0.4335,0.4904,0.3918,-5.8,-5.9,28,0,-3.3000000000000007,5.165053511608358,180.0,0.0,0.0,19.0,0.35443037974683544,0.3
22022,1630162,22200435,2022-12-16,MIN @ OKC,W,35,8,16,0.5,2,3,0.667,1,5,0.2,2,9,11,7,1,1,2,0,19,12,1,Anthony Edwards,2022-23,35,19.0,23.1,6.4,5.8,4.4,4.5,0.4035999999999999,0.4359,0.5571999999999999,0.4285,-2.6,-5.4,29,1,-4.100000000000001,5.342700108039425,180.0,0.0,0.0,37.0,0.3670886075949367,0.4
22022,1630162,22200449,2022-12-18,MIN vs. CHI,W,38,13,24,0.542,4,10,0.4,7,7,1.0,1,6,7,11,2,0,4,2,37,15,1,Anthony Edwards,2022-23,38,23.6,24.2,6.6,6.1,6.2,5.2,0.4692,0.4488999999999999,0.5706,0.4352,-1.8,-1.0,30,1,-0.5999999999999979,6.908931417616865,184.0,0.0,0.0,27.0,0.379746835443038,0.5
22022,1630162,22200456,2022-12-19,MIN vs. DAL,W,38,7,21,0.333,3,6,0.5,10,11,0.909,2,11,13,9,1,2,1,3,27,20,1,Anthony Edwards,2022-23,38,23.8,24.0,8.0,6.6,6.6,5.9,0.4358000000000001,0.4347999999999999,0.5706,0.4685,2.2,3.5,31,1,-0.1999999999999993,6.782329983125272,181.0,0.0,0.0,23.0,0.3924050632911392,0.6
22022,1630162,22200473,2022-12-21,MIN vs. DAL,L,38,11,21,0.524,0,4,0.0,1,2,0.5,0,4,4,5,1,1,4,1,23,-3,1,Anthony Edwards,2022-23,38,25.0,23.4,8.4,6.7,7.0,5.9,0.4656,0.4316,0.3706,0.4352,6.6,2.0,32,0,1.6000000000000014,6.552353266829663,186.0,0.0,0.0,30.0,0.4050632911392405,0.5
22022,1630162,22200482,2022-12-23,MIN @ BOS,L,40,13,25,0.52,3,10,0.3,1,1,1.0,0,6,6,4,0,2,3,3,30,-22,1,Anthony Edwards,2022-23,40,27.2,23.8,8.2,7.0,7.2,5.9,0.4838,0.4381,0.3734,0.4319,4.4,-0.7,33,0,3.3999999999999986,6.844300142778988,189.0,0.0,0.0,29.0,0.4177215189873418,0.5
22022,1630162,22200500,2022-12-26,MIN @ MIA,L,40,11,16,0.688,5,8,0.625,2,3,0.667,1,5,6,7,2,1,8,3,29,0,1,Anthony Edwards,2022-23,40,29.2,24.1,7.2,6.8,7.2,5.8,0.5214000000000001,0.4625,0.365,0.4610999999999999,2.0,-0.3,34,0,5.099999999999998,7.015063158027243,194.0,1.0,0.0,27.0,0.43037974683544306,0.4
22022,1630162,22200520,2022-12-28,MIN @ NOP,L,39,10,23,0.435,2,6,0.333,5,9,0.556,1,5,6,2,2,1,4,4,27,-5,1,Anthony Edwards,2022-23,39,27.2,25.4,7.0,6.8,5.4,5.8,0.5,0.4846,0.3515999999999999,0.4610999999999999,-2.0,-1.9,35,0,1.8000000000000007,6.077280093375113,195.0,0.0,0.0,30.0,0.4430379746835443,0.3
22022,1630162,22200533,2022-12-30,MIN @ MIL,L,40,10,20,0.5,2,6,0.333,8,14,0.571,0,10,10,1,4,2,1,1,30,-4,1,Anthony Edwards,2022-23,40,27.8,25.8,6.4,7.2,3.8,5.2,0.5334,0.4846,0.3182,0.4444,-6.8,-2.3,36,0,2.0,6.2503333244449255,197.0,0.0,0.0,30.0,0.45569620253164556,0.3
22022,1630162,22200544,2022-12-31,MIN vs. DET,L,39,10,21,0.476,4,10,0.4,6,7,0.857,0,7,7,5,1,0,3,3,30,-5,1,Anthony Edwards,2022-23,39,29.2,27.1,7.0,7.7,3.8,5.4,0.5237999999999999,0.4947,0.3982,0.3843999999999999,-7.2,-0.3,37,0,2.099999999999998,5.526702854726728,198.0,0.0,0.0,29.0,0.46835443037974683,0.3
22022,1630162,22200557,2023-01-02,MIN vs. DEN,W,36,10,24,0.417,3,11,0.273,6,6,1.0,1,9,10,5,1,0,3,5,29,13,1,Anthony Edwards,2022-23,36,29.0,28.1,7.8,8.0,4.0,5.6,0.5032,0.4935,0.3928,0.3831,-0.2,2.1,38,1,0.8999999999999986,4.748099034818522,194.0,0.0,0.0,32.0,0.4810126582278481,0.4
22022,1630162,22200571,2023-01-04,MIN vs. POR,W,36,11,26,0.423,3,9,0.333,7,9,0.778,0,7,7,3,0,0,3,4,32,8,1,Anthony Edwards,2022-23,36,29.6,29.4,8.0,7.6,3.2,5.2,0.4502,0.4858,0.3344,0.3497,1.4,1.7,39,1,0.20000000000000284,3.627058802329474,190.0,0.0,0.0,5.0,0.4936708860759494,0.4
22022,1630162,22200587,2023-01-06,MIN vs. LAC,W,23,2,7,0.286,0,3,0.0,1,2,0.5,0,3,3,5,0,1,2,1,5,18,1,Anthony Edwards,2022-23,23,25.2,26.2,7.4,7.2,3.8,4.6,0.4204,0.4601999999999999,0.2678,0.3097,6.0,2.0,40,1,-1.0,7.842901957254803,174.0,0.0,0.0,21.0,0.5063291139240507,0.4
22022,1630162,22200601,2023-01-08,MIN @ HOU,W,37,6,19,0.316,3,7,0.429,6,6,1.0,0,4,4,3,1,2,3,0,21,2,1,Anthony Edwards,2022-23,37,23.4,25.6,6.2,6.3,4.2,4.0,0.3836,0.4584999999999999,0.287,0.3026,7.2,0.2,41,1,-2.200000000000003,8.002777295692074,171.0,0.0,0.0,20.0,0.5189873417721519,0.4
22022,1630162,22200618,2023-01-11,MIN @ DET,L,24,8,18,0.444,2,7,0.286,2,2,1.0,0,1,1,6,0,0,2,2,20,-1,1,Anthony Edwards,2022-23,24,21.4,25.3,5.0,6.0,4.4,4.1,0.3772,0.4505,0.2642,0.3312,8.0,0.4,42,0,-3.900000000000002,8.165646194746492,156.0,0.0,0.0,31.0,0.5316455696202531,0.4
22022,1630162,22200637,2023-01-13,MIN vs. PHX,W,37,12,24,0.5,2,8,0.25,5,5,1.0,0,6,6,3,2,0,3,4,31,2,1,Anthony Edwards,2022-23,37,21.8,25.4,4.2,6.0,4.0,4.0,0.3938,0.4484999999999999,0.2596,0.3262,5.8,2.8,43,1,-3.599999999999998,8.235424835563878,157.0,0.0,0.0,26.0,0.5443037974683544,0.5
22022,1630162,22200645,2023-01-14,MIN vs. CLE,W,35,10,18,0.556,3,6,0.5,3,3,1.0,0,6,6,7,1,0,4,1,26,7,1,Anthony Edwards,2022-23,35,20.6,25.1,4.0,6.0,4.8,4.0,0.4204,0.4352999999999999,0.293,0.3137,5.6,3.5,44,1,-4.5,8.14384566542259,156.0,0.0,1.0,29.0,0.5569620253164557,0.6
22022,1630162,22200662,2023-01-16,MIN vs. UTA,L,36,10,25,0.4,4,10,0.4,5,5,1.0,0,4,4,5,3,0,2,1,29,-2,1,Anthony Edwards,2022-23,36,25.4,25.3,4.2,5.8,4.8,4.3,0.4432,0.4318000000000001,0.3729999999999999,0.3204,1.6,3.8,45,0,0.09999999999999787,8.219894565422768,169.0,0.0,0.0,16.0,0.569620253164557,0.6
22022,1630162,22200676,2023-01-18,MIN @ DEN,L,37,7,17,0.412,0,4,0.0,2,3,0.667,4,5,9,3,1,1,3,0,16,-12,1,Anthony Edwards,2022-23,37,24.4,23.9,5.2,5.7,4.8,4.5,0.4624,0.423,0.2872,0.2871,-1.2,3.0,46,0,0.5,8.517302650748329,169.0,0.0,0.0,23.0,0.5822784810126582,0.6
22022,1630162,22200680,2023-01-19,MIN vs. TOR,W,40,5,16,0.313,2,8,0.25,11,12,0.917,0,5,5,7,3,0,5,3,23,12,1,Anthony Edwards,2022-23,40,25.0,23.2,6.0,5.5,5.0,4.7,0.4362,0.4067,0.2799999999999999,0.2721,1.4,4.7,47,1,1.8000000000000007,8.243515970479805,185.0,0.0,0.0,44.0,0.5949367088607594,0.7
22022,1630162,22200696,2023-01-21,MIN vs. HOU,W,41,17,29,0.586,8,16,0.5,2,2,1.0,0,6,6,4,3,3,5,1,44,14,1,Anthony Edwards,2022-23,41,27.6,24.7,6.0,5.1,5.2,4.6,0.4533999999999999,0.4236,0.3299999999999999,0.2948,3.8,4.8,48,1,2.900000000000002,10.478019320887366,189.0,0.0,0.0,31.0,0.6075949367088608,0.7
22022,1630162,22200709,2023-01-23,MIN @ HOU,L,37,9,20,0.45,6,10,0.6,7,9,0.778,1,2,3,5,4,1,6,3,31,-15,1,Anthony Edwards,2022-23,37,28.6,24.6,5.4,4.7,4.8,4.8,0.4322,0.4263,0.35,0.3215,-0.6,2.5,49,0,4.0,10.405126941400894,191.0,0.0,0.0,37.0,0.620253164556962,0.6
22022,1630162,22200724,2023-01-25,MIN @ NOP,W,37,12,25,0.48,4,10,0.4,9,10,0.9,0,6,6,5,0,0,4,1,37,13,1,Anthony Edwards,2022-23,37,30.2,27.8,5.8,5.0,4.8,4.8,0.4482,0.4457,0.35,0.3615,2.4,2.0,50,1,2.3999999999999986,8.443274772793371,192.0,0.0,0.0,25.0,0.6329113924050633,0.6
22022,1630162,22200737,2023-01-27,MIN vs. MEM,W,36,9,18,0.5,3,5,0.6,4,6,0.667,0,7,7,7,0,1,2,2,25,10,1,Anthony Edwards,2022-23,36,32.0,28.2,5.4,5.3,5.6,5.2,0.4657999999999999,0.4641,0.47,0.3785999999999999,6.8,2.8,51,1,3.8000000000000007,8.175845182269814,191.0,1.0,0.0,34.0,0.6455696202531646,0.6
22022,1630162,22200746,2023-01-28,MIN vs. SAC,W,38,14,21,0.667,5,7,0.714,1,2,0.5,2,8,10,6,2,1,6,2,34,16,1,Anthony Edwards,2022-23,38,34.2,29.6,6.4,6.2,5.4,5.2,0.5366000000000001,0.4864,0.5628,0.4213999999999999,7.6,4.5,52,1,4.600000000000001,7.805980613179449,189.0,1.0,0.0,33.0,0.6582278481012658,0.7
22022,1630162,22200758,2023-01-30,MIN vs. SAC,L,41,14,27,0.519,4,11,0.364,1,4,0.25,2,6,8,5,2,2,6,2,33,-11,1,Anthony Edwards,2022-23,41,32.0,29.8,6.8,6.4,5.6,5.4,0.5232,0.4883,0.5356,0.4327999999999999,2.6,3.2,53,0,2.1999999999999993,7.871185143010906,189.0,1.0,0.0,27.0,0.6708860759493671,0.6
22022,1630162,22200774,2023-02-01,MIN vs. GSW,W,39,10,26,0.385,2,11,0.182,5,6,0.833,0,6,6,5,2,1,6,1,27,-9,1,Anthony Edwards,2022-23,39,31.2,29.9,7.4,6.4,5.6,5.2,0.5102,0.4711999999999999,0.4519999999999999,0.4009999999999999,3.8,1.6,54,1,1.3000000000000007,7.823753006780772,191.0,0.0,0.0,19.0,0.6835443037974683,0.6
22022,1630162,22200790,2023-02-03,MIN vs. ORL,L,38,5,15,0.333,1,7,0.143,8,10,0.8,0,5,5,5,1,1,4,3,19,-10,1,Anthony Edwards,2022-23,38,27.6,28.9,7.2,6.5,5.6,5.2,0.4808,0.4644999999999999,0.4006,0.3752999999999999,-0.8,0.8,55,0,-1.2999999999999972,8.556349169541363,192.0,0.0,0.0,20.0,0.6962025316455697,0.6
22022,1630162,22200806,2023-02-05,MIN vs. DEN,W,31,8,17,0.471,1,5,0.2,3,5,0.6,0,4,4,3,2,0,2,2,20,13,1,Anthony Edwards,2022-23,31,26.6,29.3,6.6,6.0,4.8,5.2,0.475,0.4704,0.3206,0.3953,-0.2,3.3,56,1,-2.6999999999999993,7.958922316774081,187.0,0.0,0.0,19.0,0.7088607594936709,0.7
22022,1630162,22200820,2023-02-07,MIN @ DEN,L,21,7,11,0.636,1,3,0.333,4,5,0.8,0,3,3,3,0,1,1,3,19,-12,1,Anthony Edwards,2022-23,21,23.6,28.9,5.2,5.8,4.2,4.8,0.4688,0.5027,0.2444,0.4035999999999999,-5.8,0.9,57,0,-5.299999999999997,8.399074023036379,170.0,0.0,0.0,31.0,0.7215189873417721,0.6
22022,1630162,22200828,2023-02-08,MIN @ UTA,W,33,13,27,0.481,4,9,0.444,1,1,1.0,0,7,7,8,1,0,1,1,31,19,1,Anthony Edwards,2022-23,33,23.2,27.6,5.0,5.9,4.8,5.2,0.4612,0.4921999999999999,0.2604,0.398,0.2,1.4,58,1,-4.400000000000002,6.61983551323009,162.0,0.0,0.0,17.0,0.7341772151898734,0.6
22022,1630162,22200841,2023-02-10,MIN @ MEM,L,39,8,19,0.421,1,3,0.333,0,0,0.0,0,2,2,5,1,2,3,2,17,-18,1,Anthony Edwards,2022-23,39,21.2,26.2,4.2,5.8,4.8,5.2,0.4684,0.4893,0.2906,0.3712999999999999,-1.6,1.1,59,0,-5.0,7.269418439218126,162.0,0.0,1.0,32.0,0.7468354430379747,0.6
22022,1630162,22200865,2023-02-13,MIN @ DAL,W,36,12,22,0.545,1,4,0.25,7,7,1.0,1,4,5,1,0,0,3,4,32,9,1,Anthony Edwards,2022-23,36,23.8,25.7,4.2,5.7,4.0,4.8,0.5108,0.4958,0.312,0.3562999999999999,2.2,0.7,60,1,-1.8999999999999986,6.5836497814240165,160.0,0.0,0.0,34.0,0.759493670886076,0.6
22022,1630162,22200884,2023-02-16,MIN vs. WAS,L,37,11,26,0.423,3,10,0.3,9,10,0.9,1,4,5,3,3,1,6,4,34,-6,1,Anthony Edwards,2022-23,37,26.6,26.6,4.4,5.5,4.0,4.4,0.5012,0.4881,0.332,0.3263,-1.6,-0.9,61,0,0.0,7.074209810603903,166.0,0.0,0.0,29.0,0.7721518987341772,0.5
22022,1630162,22200898,2023-02-24,MIN vs. CHA,L,40,11,26,0.423,3,7,0.429,4,4,1.0,0,8,8,5,2,2,4,0,29,-3,1,Anthony Edwards,2022-23,40,28.6,26.1,5.4,5.3,4.4,4.3,0.4586,0.4637,0.3511999999999999,0.2978,0.2,-2.8,62,0,2.5,6.657493689236384,185.0,0.0,0.0,12.0,0.7848101265822784,0.4
22022,1630162,22200916,2023-02-26,MIN @ GSW,L,39,5,19,0.263,2,8,0.25,0,1,0.0,0,5,5,7,2,2,5,1,12,1,1,Anthony Edwards,2022-23,39,24.8,24.0,5.0,5.0,4.2,4.5,0.415,0.4381,0.3123999999999999,0.2864,-3.4,-1.6,63,0,0.8000000000000007,7.498147919467999,191.0,0.0,0.0,18.0,0.7974683544303798,0.4
22022,1630162,22200932,2023-02-28,MIN @ LAC,W,37,6,18,0.333,2,5,0.4,4,5,0.8,1,3,4,3,3,2,4,2,18,8,1,Anthony Edwards,2022-23,37,25.0,23.1,5.4,4.8,3.8,4.3,0.3974,0.4328999999999999,0.3258,0.3082,1.8,0.1,64,1,1.8999999999999986,7.636898730651225,189.0,0.0,0.0,19.0,0.810126582278481,0.4
22022,1630162,22200955,2023-03-03,MIN @ LAL,W,36,7,16,0.438,5,8,0.625,0,0,0.0,0,5,5,2,4,2,5,5,19,4,1,Anthony Edwards,2022-23,36,22.4,23.1,5.4,4.8,4.0,4.0,0.376,0.4434,0.4008,0.3564,0.8,1.5,65,1,-0.7000000000000028,7.636898730651225,189.0,0.0,0.0,27.0,0.8227848101265823,0.5
22022,1630162,22200961,2023-03-04,MIN @ SAC,W,36,10,20,0.5,2,8,0.25,5,8,0.625,1,3,4,8,0,0,4,4,27,-5,1,Anthony Edwards,2022-23,36,21.0,23.8,5.2,4.8,5.0,4.5,0.3913999999999999,0.4463,0.3908,0.3614,1.0,-0.3,66,1,-2.8000000000000007,7.641989269817124,188.0,0.0,1.0,32.0,0.8354430379746836,0.5
22022,1630162,22200980,2023-03-07,MIN vs. PHI,L,34,12,24,0.5,5,10,0.5,3,4,0.75,0,7,7,1,0,0,2,2,32,-15,1,Anthony Edwards,2022-23,34,21.6,25.1,5.0,5.2,4.2,4.3,0.4067999999999999,0.4327,0.4049999999999999,0.3781,-1.4,-0.6,67,0,-3.5,7.837941906733768,182.0,0.0,1.0,32.0,0.8481012658227848,0.5
22022,1630162,22201001,2023-03-10,MIN vs. BKN,L,44,12,26,0.462,3,9,0.333,5,6,0.833,0,6,6,2,2,3,2,2,32,-4,1,Anthony Edwards,2022-23,44,25.6,25.2,5.2,5.1,3.2,3.7,0.4466,0.4307999999999999,0.4216,0.367,-2.4,-2.9,68,0,0.40000000000000213,7.927448797970536,187.0,0.0,0.0,32.0,0.8607594936708861,0.4
22022,1630162,22201021,2023-03-13,MIN @ ATL,W,36,12,25,0.48,2,10,0.2,6,10,0.6,0,8,8,5,1,2,3,1,32,23,1,Anthony Edwards,2022-23,36,28.4,26.7,6.0,5.7,3.6,3.7,0.476,0.4367,0.3816,0.3537,0.6,1.2,69,1,1.6999999999999993,7.61650255111302,186.0,0.0,0.0,28.0,0.8734177215189873,0.5
22022,1630162,22201039,2023-03-15,MIN vs. BOS,L,38,10,20,0.5,5,8,0.625,3,5,0.6,0,10,10,7,0,0,3,0,28,5,1,Anthony Edwards,2022-23,38,30.2,26.3,7.0,6.2,4.6,4.3,0.4884,0.4322,0.3816,0.3912,0.8,0.8,70,0,3.8999999999999986,7.4094534211370835,188.0,1.0,0.0,8.0,0.8860759493670886,0.4
22022,1630162,22201050,2023-03-17,MIN @ CHI,L,8,3,4,0.75,2,2,1.0,0,0,0.0,0,0,0,1,0,0,0,0,8,5,1,Anthony Edwards,2022-23,8,26.4,23.7,6.2,5.7,3.2,4.1,0.5384,0.4649,0.5316,0.4612,2.8,1.9,71,0,2.6999999999999993,8.832389886724384,160.0,0.0,0.0,13.0,0.8987341772151899,0.4
22022,1630162,22201121,2023-03-26,MIN @ GSW,W,35,5,14,0.357,2,8,0.25,1,2,0.5,1,3,4,3,1,0,3,1,13,12,1,Anthony Edwards,2022-23,35,22.6,22.1,5.6,5.3,3.6,3.9,0.5098,0.4583,0.4816,0.4432999999999999,8.2,3.4,72,1,0.5,9.206881484339133,161.0,0.0,0.0,17.0,0.9113924050632911,0.5
22022,1630162,22201128,2023-03-27,MIN @ SAC,W,39,6,15,0.4,1,3,0.333,4,8,0.5,1,4,5,7,0,0,1,4,17,6,1,Anthony Edwards,2022-23,39,19.6,22.6,5.4,5.3,4.6,3.9,0.4974,0.472,0.4816,0.4516,10.2,3.9,73,1,-3.0,8.72034657822982,156.0,0.0,1.0,31.0,0.9240506329113924,0.6
22022,1630162,22201144,2023-03-29,MIN @ PHX,L,40,13,22,0.591,3,9,0.333,2,3,0.667,0,0,0,6,1,1,1,2,31,-8,1,Anthony Edwards,2022-23,40,19.4,23.9,3.8,4.9,4.8,4.2,0.5196000000000001,0.4977999999999999,0.5082,0.4448999999999999,4.0,2.3,74,0,-4.5,8.924996109554089,160.0,0.0,1.0,11.0,0.9367088607594937,0.5
22022,1630162,22201157,2023-03-31,MIN vs. LAL,L,38,4,16,0.25,2,7,0.286,1,2,0.5,0,4,4,3,1,0,3,1,11,-7,1,Anthony Edwards,2022-23,38,16.0,23.1,2.6,4.8,4.0,4.3,0.4695999999999999,0.479,0.4404,0.411,1.6,1.2,75,0,-7.100000000000001,9.73481723848305,160.0,0.0,1.0,37.0,0.9493670886075949,0.4
22022,1630162,22201166,2023-04-02,MIN vs. POR,L,38,15,30,0.5,3,8,0.375,4,5,0.8,0,5,5,6,1,0,4,1,37,-1,1,Anthony Edwards,2022-23,38,21.8,24.1,3.6,4.9,5.0,4.1,0.4196,0.479,0.3154,0.4235,0.4,1.6,76,0,-2.3000000000000007,10.65050859505467,190.0,0.0,0.0,23.0,0.9620253164556962,0.3
22022,1630162,22201180,2023-04-04,MIN @ BKN,W,31,7,18,0.389,2,5,0.4,7,7,1.0,1,4,5,3,1,2,2,1,23,13,1,Anthony Edwards,2022-23,31,23.8,23.2,3.8,4.7,5.0,4.3,0.426,0.4679,0.3454,0.4135,0.6,4.4,77,1,0.6000000000000014,10.282671507606057,186.0,0.0,0.0,33.0,0.9746835443037974,0.4
22022,1630162,22201214,2023-04-08,MIN @ SAS,W,25,13,25,0.52,4,9,0.444,3,4,0.75,2,3,5,3,2,0,0,1,33,15,1,Anthony Edwards,2022-23,25,27.0,23.3,3.8,4.6,4.2,4.4,0.45,0.4737,0.3676,0.4246,2.4,6.3,78,1,3.6999999999999993,10.382142788889439,172.0,0.0,0.0,26.0,0.9873417721518988,0.5
22022,1630162,22201225,2023-04-09,MIN vs. NOP,W,39,8,21,0.381,3,9,0.333,7,13,0.538,3,10,13,4,4,4,8,3,26,-4,1,Anthony Edwards,2022-23,39,26.0,22.7,6.4,5.1,3.8,4.3,0.408,0.4638,0.3676,0.4378999999999999,3.2,3.6,79,1,3.3000000000000007,9.989438867568538,171.0,0.0,0.0,26.0,1.0,0.5
22023,1630162,22300069,2023-10-25,MIN @ TOR,L,38,8,27,0.296,4,7,0.571,6,6,1.0,5,9,14,1,0,0,2,1,26,0,1,Anthony Edwards,2023-24,38,29.0,22.5,8.4,5.5,3.4,3.7,0.4171999999999999,0.4434,0.4246,0.4324999999999999,4.6,3.1,1,0,6.5,9.891073416638532,171.0,1.0,0.0,19.0,0.012658227848101266,0.5
22023,1630162,22300093,2023-10-28,MIN vs. MIA,W,33,7,15,0.467,3,5,0.6,2,2,1.0,0,2,2,7,0,0,2,3,19,21,1,Anthony Edwards,2023-24,33,25.4,23.6,7.8,5.7,3.6,4.3,0.4105999999999999,0.4150999999999999,0.4695999999999999,0.3924999999999999,9.0,4.7,2,1,1.7999999999999972,8.630694577430543,166.0,0.0,0.0,31.0,0.02531645569620253,0.6
22023,1630162,22300104,2023-10-30,MIN @ ATL,L,38,13,21,0.619,5,8,0.625,0,1,0.0,0,5,5,7,1,0,5,4,31,-9,1,Anthony Edwards,2023-24,38,27.0,25.4,7.8,5.8,4.4,4.7,0.4566,0.4413,0.5146,0.43,4.6,2.6,3,0,1.6000000000000014,8.030497424748292,173.0,0.0,0.0,24.0,0.0379746835443038,0.5
22023,1630162,22300123,2023-11-01,MIN vs. DEN,W,32,8,16,0.5,1,4,0.25,7,8,0.875,0,2,2,1,2,0,4,1,24,11,1,Anthony Edwards,2023-24,32,25.2,26.1,7.2,5.5,4.0,4.1,0.4526,0.4513,0.4758,0.4216999999999999,3.8,3.1,4,1,-0.9000000000000021,7.5048132703100805,180.0,0.0,0.0,31.0,0.05063291139240506,0.5
22023,1630162,22300138,2023-11-04,MIN vs. UTA,W,36,13,19,0.684,2,4,0.5,3,5,0.6,0,8,8,6,1,0,6,0,31,27,1,Anthony Edwards,2023-24,36,26.2,26.1,6.2,6.3,4.4,4.1,0.5132,0.4606,0.5092,0.4383999999999999,10.0,6.6,5,1,0.09999999999999787,7.5048132703100805,177.0,0.0,0.0,38.0,0.06329113924050633,0.6
22023,1630162,22300154,2023-11-06,MIN vs. BOS,W,38,15,25,0.6,2,8,0.25,6,7,0.857,0,9,9,7,1,0,3,5,38,18,1,Anthony Edwards,2023-24,38,28.6,28.8,5.2,6.8,5.6,4.5,0.5740000000000001,0.4956,0.445,0.4347999999999999,13.6,9.1,6,1,-0.1999999999999993,6.2146779660914255,177.0,0.0,0.0,26.0,0.0759493670886076,0.7
22023,1630162,22300166,2023-11-08,MIN vs. NOP,W,33,10,22,0.455,2,8,0.25,4,5,0.8,0,3,3,8,3,2,3,1,26,35,1,Anthony Edwards,2023-24,33,30.0,27.7,5.4,6.6,5.8,4.7,0.5716,0.4911,0.375,0.4223,16.4,12.7,7,1,2.3000000000000007,5.538752366533263,177.0,1.0,0.0,28.0,0.08860759493670886,0.8
22023,1630162,22300013,2023-11-10,MIN @ SAS,W,37,9,21,0.429,2,8,0.25,8,11,0.727,2,5,7,5,2,1,4,1,28,3,1,Anthony Edwards,2023-24,37,29.4,28.2,5.8,6.8,5.4,4.9,0.5336,0.4951,0.3,0.4072999999999999,18.8,11.7,8,1,1.1999999999999993,5.287301349039565,176.0,0.0,0.0,33.0,0.10126582278481013,0.8
22023,1630162,22300186,2023-11-12,MIN @ GSW,W,38,11,27,0.407,1,9,0.111,10,10,1.0,1,5,6,7,2,0,4,0,33,15,1,Anthony Edwards,2023-24,38,31.2,28.2,6.6,6.9,6.6,5.3,0.515,0.4838,0.2722,0.374,19.6,11.7,9,1,3.0,5.287301349039565,182.0,1.0,0.0,20.0,0.11392405063291139,0.8
22023,1630162,22300025,2023-11-14,MIN @ GSW,W,36,7,16,0.438,3,6,0.5,3,5,0.6,0,4,4,4,3,0,5,1,20,-9,1,Anthony Edwards,2023-24,36,29.0,27.6,5.8,6.0,6.2,5.3,0.4658,0.4895,0.2722,0.3906999999999999,12.4,11.2,10,1,1.3999999999999986,5.872724145478735,182.0,1.0,0.0,13.0,0.12658227848101267,0.8
22023,1630162,22300197,2023-11-15,MIN @ PHX,L,31,4,16,0.25,1,3,0.333,4,4,1.0,1,3,4,4,1,1,1,0,13,-29,1,Anthony Edwards,2023-24,31,24.0,26.3,4.8,5.0,5.6,5.6,0.3958,0.4849,0.2888,0.3669,3.0,8.3,11,0,-2.3000000000000007,7.484057129065167,175.0,0.0,0.0,23.0,0.13924050632911392,0.8
22023,1630162,22300203,2023-11-18,MIN @ NOP,W,30,9,19,0.474,5,10,0.5,0,0,0.0,0,3,3,4,0,0,3,6,23,13,1,Anthony Edwards,2023-24,30,23.4,26.7,4.8,5.1,4.8,5.3,0.3995999999999999,0.4856,0.3388,0.3569,-1.4,7.5,12,1,-3.3000000000000007,7.149980574954191,172.0,0.0,0.0,23.0,0.1518987341772152,0.8
22023,1630162,22300221,2023-11-20,MIN vs. NYK,W,39,9,21,0.429,1,6,0.167,4,4,1.0,2,8,10,5,2,0,3,1,23,9,1,Anthony Edwards,2023-24,39,22.4,25.9,5.4,5.6,4.8,5.1,0.3996,0.4666,0.3222,0.3111,-0.2,9.3,13,1,-3.5,7.062420107709384,174.0,0.0,0.0,31.0,0.16455696202531644,0.9
22023,1630162,22300232,2023-11-22,MIN vs. PHI,W,36,11,22,0.5,5,9,0.556,4,4,1.0,2,4,6,6,2,0,2,2,31,19,1,Anthony Edwards,2023-24,36,22.0,26.6,5.4,6.0,4.6,5.6,0.4182,0.4666,0.4112,0.3417,0.6,10.1,14,1,-4.600000000000001,7.198765326236317,172.0,0.0,1.0,35.0,0.17721518987341772,0.9
22023,1630162,22300050,2023-11-24,MIN vs. SAC,L,40,8,21,0.381,2,9,0.222,17,18,0.944,0,7,7,5,2,2,4,2,35,5,1,Anthony Edwards,2023-24,40,25.0,27.0,6.0,5.9,4.8,5.5,0.4067999999999999,0.4362999999999999,0.3556,0.3138999999999999,3.4,7.9,15,0,-2.0,7.571877794400368,176.0,0.0,0.0,24.0,0.189873417721519,0.8
22023,1630162,22300249,2023-11-26,MIN @ MEM,W,34,8,14,0.571,1,4,0.25,7,7,1.0,0,5,5,7,0,1,2,3,24,23,1,Anthony Edwards,2023-24,34,27.2,25.6,6.2,5.5,5.4,5.5,0.4709999999999999,0.4333999999999999,0.339,0.3138999999999999,13.8,8.4,16,1,1.5999999999999979,6.535373831014655,179.0,0.0,0.0,21.0,0.20253164556962025,0.8
22023,1630162,22300058,2023-11-28,MIN vs. OKC,W,28,7,16,0.438,3,6,0.5,4,6,0.667,0,5,5,1,0,1,2,2,21,0,1,Anthony Edwards,2023-24,28,26.8,25.1,6.6,5.7,4.8,4.8,0.4638,0.4317,0.339,0.3389,11.2,4.9,17,1,1.6999999999999993,6.690789689316706,177.0,0.0,0.0,17.0,0.21518987341772153,0.8
22023,1630162,22301210,2023-12-06,MIN vs. SAS,W,37,4,17,0.235,2,5,0.4,7,8,0.875,1,6,7,6,1,1,3,2,17,14,1,Anthony Edwards,2023-24,37,25.6,24.0,6.0,5.7,5.0,4.9,0.425,0.4122999999999999,0.3856,0.3539,12.2,6.0,18,1,1.6000000000000014,7.05533682950558,175.0,0.0,0.0,0.0,0.22784810126582278,0.8
22023,1630162,22301221,2023-12-08,MIN @ MEM,W,4,0,1,0.0,0,0,0.0,0,0,0.0,0,0,0,1,0,0,0,0,0,-3,1,Anthony Edwards,2023-24,4,19.4,20.7,4.8,5.1,4.0,4.3,0.325,0.3716,0.2744,0.3428,7.8,4.2,19,1,-1.3000000000000007,9.62692982096462,143.0,0.0,1.0,9.0,0.24050632911392406,0.8
22023,1630162,22300321,2023-12-14,MIN @ DAL,W,35,3,19,0.158,0,3,0.0,3,6,0.5,1,1,2,11,2,0,5,2,9,20,1,Anthony Edwards,2023-24,35,14.2,19.6,3.8,4.9,5.2,5.0,0.2804,0.3436,0.2299999999999999,0.2928,10.8,7.1,20,1,-5.400000000000002,10.31934537114099,138.0,0.0,1.0,37.0,0.25316455696202533,0.8
22023,1630162,22300338,2023-12-16,MIN vs. IND,W,34,14,23,0.609,7,10,0.7,2,2,1.0,0,2,2,4,3,0,4,3,37,17,1,Anthony Edwards,2023-24,34,16.8,22.0,3.2,4.7,4.6,5.0,0.288,0.3795,0.32,0.3295,9.6,11.7,21,1,-5.199999999999999,11.352924243950937,138.0,0.0,1.0,32.0,0.26582278481012656,0.9
22023,1630162,22300353,2023-12-18,MIN @ MIA,W,40,13,25,0.52,2,9,0.222,4,4,1.0,0,8,8,5,3,2,1,1,32,6,1,Anthony Edwards,2023-24,40,19.0,22.9,3.8,5.2,5.4,5.1,0.3044,0.3841,0.2644,0.3016999999999999,10.8,11.0,22,1,-3.8999999999999986,11.78935489706239,150.0,0.0,1.0,27.0,0.27848101265822783,0.9
22023,1630162,22300367,2023-12-20,MIN @ PHI,L,36,9,20,0.45,2,6,0.333,7,8,0.875,1,6,7,5,0,0,1,2,27,-10,1,Anthony Edwards,2023-24,36,21.0,23.3,3.8,4.9,5.2,5.1,0.3474,0.3862,0.251,0.3183,6.0,9.1,23,0,-2.3000000000000007,11.860766323378005,149.0,0.0,0.0,27.0,0.2911392405063291,0.8
22023,1630162,22300380,2023-12-21,MIN vs. LAL,W,38,9,19,0.474,2,6,0.333,7,8,0.875,0,7,7,5,3,1,5,0,27,2,1,Anthony Edwards,2023-24,38,26.4,22.9,5.2,5.0,6.0,5.0,0.4422,0.3836,0.3176,0.296,7.0,7.4,24,1,3.5,11.637582795981878,183.0,0.0,0.0,34.0,0.3037974683544304,0.8
22023,1630162,22300400,2023-12-23,MIN @ SAC,W,39,13,27,0.481,3,12,0.25,5,5,1.0,0,5,5,10,1,1,5,1,34,8,1,Anthony Edwards,2023-24,39,31.4,22.8,5.8,4.8,5.8,5.5,0.5067999999999999,0.3936,0.3676,0.2988,4.6,7.7,25,1,8.599999999999998,11.525816432879907,187.0,1.0,0.0,25.0,0.31645569620253167,0.9
22023,1630162,22300411,2023-12-26,MIN @ OKC,L,34,7,16,0.438,2,5,0.4,9,13,0.692,1,6,7,6,1,0,4,3,25,-16,1,Anthony Edwards,2023-24,34,29.0,22.9,6.8,5.0,6.2,5.4,0.4726,0.3802999999999999,0.3076,0.3138,-2.0,3.8,26,0,6.100000000000001,11.54171179293224,187.0,1.0,0.0,44.0,0.3291139240506329,0.8
22023,1630162,22300423,2023-12-28,MIN vs. DAL,W,38,12,23,0.522,6,11,0.545,14,18,0.778,0,3,3,4,3,1,6,2,44,11,1,Anthony Edwards,2023-24,38,31.4,25.2,5.8,4.8,6.0,5.7,0.473,0.3886999999999999,0.3722,0.3183,-1.0,4.9,27,1,6.199999999999999,13.281566172707192,185.0,1.0,0.0,31.0,0.34177215189873417,0.8
22023,1630162,22300443,2023-12-30,MIN vs. LAL,W,38,10,23,0.435,2,8,0.25,9,11,0.818,0,3,3,3,0,3,3,3,31,8,1,Anthony Edwards,2023-24,38,32.2,26.6,5.0,4.4,5.6,5.4,0.47,0.4086999999999999,0.3556,0.3033,2.6,4.3,28,1,5.600000000000001,13.057139383834762,187.0,1.0,0.0,35.0,0.35443037974683544,0.8
22023,1630162,22300451,2024-01-01,MIN @ NYK,L,38,11,21,0.524,4,9,0.444,9,10,0.9,0,4,4,2,0,2,4,1,35,2,1,Anthony Edwards,2023-24,38,33.8,30.1,4.4,4.8,5.0,5.5,0.4800000000000001,0.4610999999999999,0.3778,0.3477,2.6,4.8,29,0,3.6999999999999957,9.279008567729633,187.0,1.0,0.0,35.0,0.3670886075949367,0.7
22023,1630162,22300471,2024-01-03,MIN vs. NOP,L,37,11,22,0.5,4,7,0.571,9,10,0.9,2,2,4,5,1,1,6,1,35,-15,1,Anthony Edwards,2023-24,37,34.0,32.7,4.2,5.0,4.0,4.9,0.4838,0.4952999999999999,0.442,0.4048,-2.0,1.3,30,0,1.2999999999999972,5.63816360962404,185.0,1.0,0.0,24.0,0.379746835443038,0.6
22023,1630162,22300485,2024-01-05,MIN @ HOU,W,33,8,17,0.471,2,5,0.4,6,6,1.0,0,3,3,5,2,0,5,2,24,14,1,Anthony Edwards,2023-24,33,33.8,31.4,3.4,5.1,3.8,5.0,0.4904,0.4814999999999999,0.442,0.3748,4.0,1.0,31,1,2.3999999999999986,6.02218122167264,184.0,1.0,0.0,36.0,0.3924050632911392,0.6
22023,1630162,22300501,2024-01-07,MIN @ DAL,L,37,14,27,0.519,3,6,0.5,5,7,0.714,5,5,10,3,3,1,2,3,36,-5,1,Anthony Edwards,2023-24,37,32.2,31.8,4.8,5.3,3.6,4.8,0.4897999999999999,0.4814,0.433,0.4025999999999999,0.8,-0.1,32,0,0.40000000000000213,6.196773353931859,183.0,1.0,0.0,6.0,0.4050632911392405,0.5
22023,1630162,22300513,2024-01-09,MIN @ ORL,W,26,2,7,0.286,0,2,0.0,2,3,0.667,1,3,4,3,0,0,5,3,6,1,1,Anthony Edwards,2023-24,26,27.2,29.7,5.0,5.0,3.6,4.6,0.4599999999999999,0.4649999999999999,0.383,0.3693,-0.6,1.0,33,1,-2.5,10.24207010325549,171.0,0.0,0.0,29.0,0.4177215189873418,0.6
22023,1630162,22300517,2024-01-10,MIN @ BOS,L,46,11,25,0.44,3,6,0.5,4,4,1.0,0,6,6,3,0,0,5,1,29,-1,1,Anthony Edwards,2023-24,46,26.0,29.9,5.4,4.9,3.8,4.4,0.4432,0.4615999999999999,0.3942,0.386,-1.2,0.7,34,0,-3.8999999999999986,10.202940752547763,179.0,0.0,0.0,9.0,0.43037974683544306,0.5
22023,1630162,22300538,2024-01-12,MIN vs. POR,W,27,4,9,0.444,0,3,0.0,1,2,0.5,0,3,3,6,1,1,0,2,9,41,1,Anthony Edwards,2023-24,27,20.8,27.4,5.2,4.7,4.0,4.0,0.432,0.4579,0.2799999999999999,0.361,10.0,4.0,35,1,-6.599999999999998,11.992590304943388,169.0,0.0,1.0,33.0,0.4430379746835443,0.5
22023,1630162,22300553,2024-01-14,MIN vs. LAC,W,38,10,16,0.625,2,4,0.5,11,12,0.917,1,8,9,6,2,0,5,1,33,13,1,Anthony Edwards,2023-24,38,22.6,28.2,6.4,4.9,4.2,4.0,0.4628,0.4766,0.3,0.371,9.8,6.9,36,1,-5.599999999999998,12.081206709412577,174.0,0.0,0.0,27.0,0.45569620253164556,0.6
22023,1630162,22300569,2024-01-17,MIN @ DET,W,33,10,24,0.417,3,8,0.375,4,4,1.0,0,5,5,8,0,0,3,3,27,5,1,Anthony Edwards,2023-24,33,20.8,26.5,5.4,5.1,5.2,4.4,0.4423999999999999,0.4660999999999999,0.275,0.354,11.8,6.3,37,1,-5.699999999999999,10.73157335467016,170.0,0.0,1.0,28.0,0.46835443037974683,0.6
22023,1630162,22300582,2024-01-18,MIN vs. MEM,W,34,11,19,0.579,1,6,0.167,5,6,0.833,0,5,5,5,1,0,3,2,28,10,1,Anthony Edwards,2023-24,34,25.2,26.2,5.6,5.3,5.6,4.6,0.501,0.4805,0.3084,0.3457,13.6,6.5,38,1,-1.0,10.633281086601,178.0,0.0,0.0,19.0,0.4810126582278481,0.6
22023,1630162,22300599,2024-01-20,MIN vs. OKC,L,38,6,10,0.6,1,3,0.333,6,10,0.6,0,5,5,5,0,0,5,2,19,-13,1,Anthony Edwards,2023-24,38,23.2,24.6,5.4,5.4,6.0,4.9,0.533,0.4881,0.275,0.3346,11.2,5.0,39,0,-1.4000000000000021,10.362324921453567,170.0,0.0,1.0,9.0,0.4936708860759494,0.6
22023,1630162,22300610,2024-01-22,MIN vs. CHA,L,37,3,11,0.273,1,5,0.2,2,2,1.0,0,5,5,11,0,0,1,1,9,7,1,Anthony Edwards,2023-24,37,23.2,22.0,5.8,5.5,7.0,5.5,0.4987999999999999,0.4654,0.315,0.2975,4.4,7.2,40,0,1.1999999999999993,10.718623460542346,180.0,0.0,1.0,38.0,0.5063291139240507,0.6
22023,1630162,22300620,2024-01-24,MIN @ WAS,W,34,11,28,0.393,3,10,0.3,13,14,0.929,1,2,3,5,1,0,4,4,38,6,1,Anthony Edwards,2023-24,34,24.2,23.4,4.6,5.5,6.8,5.5,0.4524,0.4576,0.275,0.2875,3.0,6.4,41,1,0.8000000000000007,11.862171433220437,176.0,0.0,0.0,24.0,0.5189873417721519,0.6
22023,1630162,22300629,2024-01-25,MIN @ BKN,W,36,8,23,0.348,3,7,0.429,5,6,0.833,0,1,1,3,1,0,3,3,24,-5,1,Anthony Edwards,2023-24,36,23.6,22.2,3.8,4.6,5.8,5.5,0.4386,0.4405,0.2858,0.2804,1.0,6.4,42,1,1.4000000000000021,11.023207841237097,179.0,0.0,0.0,32.0,0.5316455696202531,0.7
22023,1630162,22300649,2024-01-27,MIN @ SAS,L,38,12,18,0.667,6,8,0.75,2,4,0.5,1,5,6,12,1,0,4,0,32,7,1,Anthony Edwards,2023-24,38,24.4,24.8,4.0,4.8,7.2,6.4,0.4562,0.4786,0.4024,0.3554,0.4,7.0,43,0,-0.40000000000000213,9.772978620211497,183.0,0.0,0.0,27.0,0.5443037974683544,0.6
22023,1630162,22300664,2024-01-29,MIN @ OKC,W,40,10,20,0.5,3,5,0.6,4,4,1.0,0,4,4,4,1,0,4,4,27,-1,1,Anthony Edwards,2023-24,40,26.0,24.6,3.8,4.6,7.0,6.5,0.4362,0.4846,0.4558,0.3654,2.8,7.0,44,1,1.3999999999999986,9.697651491183024,185.0,0.0,0.0,9.0,0.5569620253164557,0.7
22023,1630162,22300680,2024-01-31,MIN vs. DAL,W,30,3,5,0.6,1,2,0.5,2,2,1.0,0,5,5,5,0,0,2,1,9,18,1,Anthony Edwards,2023-24,30,26.0,24.6,3.8,4.8,5.8,6.4,0.5016,0.5002,0.5157999999999999,0.4154,5.0,4.7,45,1,1.3999999999999986,9.697651491183024,178.0,0.0,0.0,22.0,0.569620253164557,0.7
22023,1630162,22300694,2024-02-02,MIN vs. ORL,L,35,9,18,0.5,2,8,0.25,2,3,0.667,0,1,1,5,1,0,3,1,22,6,1,Anthony Edwards,2023-24,35,22.8,23.5,3.4,4.0,5.8,6.3,0.523,0.4876999999999999,0.5058,0.3903999999999999,5.0,4.0,46,0,-0.6999999999999993,9.252627254521336,179.0,0.0,0.0,32.0,0.5822784810126582,0.6
22023,1630162,22300709,2024-02-04,MIN vs. HOU,W,34,11,22,0.5,4,8,0.5,6,8,0.75,1,5,6,1,1,1,4,3,32,27,1,Anthony Edwards,2023-24,34,24.4,24.0,4.4,4.1,5.4,5.6,0.5534,0.496,0.52,0.4029,11.4,6.2,47,1,0.3999999999999986,9.591663046625435,177.0,0.0,0.0,38.0,0.5949367088607594,0.6
22023,1630162,22300723,2024-02-06,MIN @ CHI,L,44,12,26,0.462,5,9,0.556,9,11,0.818,0,12,12,5,2,1,5,5,38,-4,1,Anthony Edwards,2023-24,44,25.6,25.0,5.6,4.8,4.0,5.6,0.5124000000000001,0.4843,0.4812,0.4418,9.2,4.8,48,0,0.6000000000000014,10.530379332620871,183.0,0.0,0.0,26.0,0.6075949367088608,0.5
22023,1630162,22300738,2024-02-08,MIN @ MIL,W,36,9,20,0.45,4,11,0.364,4,6,0.667,0,3,3,9,1,0,0,3,26,16,1,Anthony Edwards,2023-24,36,25.4,25.7,5.4,4.6,5.0,6.0,0.5024,0.4692999999999999,0.434,0.4448999999999999,12.6,7.7,49,1,-0.3000000000000007,10.317730155201554,179.0,0.0,0.0,23.0,0.620253164556962,0.6
22023,1630162,22300770,2024-02-12,MIN @ LAC,W,32,8,18,0.444,1,11,0.091,6,6,1.0,0,7,7,8,1,0,1,2,23,18,1,Anthony Edwards,2023-24,32,28.2,27.1,5.8,4.8,5.6,5.7,0.4711999999999999,0.4864,0.3521999999999999,0.434,12.6,8.8,50,1,1.0999999999999979,8.608135686662932,181.0,0.0,0.0,41.0,0.6329113924050633,0.7
22023,1630162,22300775,2024-02-13,MIN @ POR,W,34,16,27,0.593,4,8,0.5,5,5,1.0,0,4,4,2,2,1,2,1,41,16,1,Anthony Edwards,2023-24,34,32.0,27.4,6.4,4.9,5.0,5.4,0.4897999999999999,0.5064,0.4022,0.454,14.6,9.8,51,1,4.600000000000001,9.070097390142324,180.0,1.0,0.0,34.0,0.6455696202531646,0.7
22023,1630162,22300791,2024-02-15,MIN @ POR,W,33,12,21,0.571,3,7,0.429,7,8,0.875,1,5,6,7,2,1,1,1,34,36,1,Anthony Edwards,2023-24,33,32.4,28.4,6.4,5.4,6.2,5.8,0.504,0.5287,0.388,0.4539999999999999,16.4,13.9,52,1,4.0,9.203863922891898,179.0,1.0,0.0,28.0,0.6582278481012658,0.7
22023,1630162,22300808,2024-02-23,MIN vs. MIL,L,38,10,27,0.37,4,12,0.333,4,6,0.667,0,9,9,5,1,0,3,2,28,-16,1,Anthony Edwards,2023-24,38,30.4,28.0,5.8,5.7,6.2,5.1,0.4856,0.499,0.3434,0.4123,14.0,11.6,53,0,2.3999999999999986,9.116529554118225,173.0,1.0,0.0,29.0,0.6708860759493671,0.7
22023,1630162,22300815,2024-02-24,MIN vs. BKN,W,38,11,23,0.478,1,3,0.333,6,9,0.667,0,8,8,3,2,1,1,0,29,16,1,Anthony Edwards,2023-24,38,31.0,28.2,6.8,6.1,5.0,5.0,0.4911999999999999,0.4968,0.3372,0.3856,14.0,13.3,54,1,2.8000000000000007,9.114091653404994,175.0,1.0,0.0,34.0,0.6835443037974683,0.7
22023,1630162,22300838,2024-02-27,MIN vs. SAS,W,33,13,29,0.448,4,10,0.4,4,4,1.0,1,4,5,5,4,1,4,0,34,5,1,Anthony Edwards,2023-24,33,33.2,30.7,6.4,6.1,4.4,5.0,0.492,0.4816,0.399,0.3756,11.4,12.0,55,1,2.5000000000000036,6.236986451805065,176.0,1.0,0.0,34.0,0.6962025316455697,0.7
22023,1630162,22300845,2024-02-28,MIN vs. MEM,W,40,11,21,0.524,1,6,0.167,11,11,1.0,0,2,2,4,0,1,3,3,34,8,1,Anthony Edwards,2023-24,40,31.8,31.9,6.0,6.2,4.8,4.9,0.4782,0.484,0.3324,0.3673,9.8,12.2,56,1,-0.09999999999999787,5.486346689738076,182.0,0.0,0.0,11.0,0.7088607594936709,0.8
22023,1630162,22300862,2024-03-01,MIN vs. SAC,L,19,2,11,0.182,1,3,0.333,6,6,1.0,0,2,2,2,0,1,1,0,11,-3,1,Anthony Edwards,2023-24,19,27.2,29.8,5.2,5.8,3.8,5.0,0.4004,0.4522,0.3132,0.3506,2.0,9.2,57,0,-2.6000000000000014,8.586811592979856,168.0,0.0,0.0,27.0,0.7215189873417721,0.7
22023,1630162,22300873,2024-03-03,MIN vs. LAC,L,37,9,20,0.45,3,10,0.3,6,6,1.0,0,5,5,2,3,0,3,1,27,10,1,Anthony Edwards,2023-24,37,27.0,28.7,4.4,5.1,3.2,4.7,0.4164,0.4509999999999999,0.3066,0.325,7.2,10.6,58,0,-1.6999999999999993,8.111035007253317,167.0,0.0,0.0,13.0,0.7341772151898734,0.7
22023,1630162,22300881,2024-03-04,MIN vs. POR,W,35,4,10,0.4,1,3,0.333,4,6,0.667,0,4,4,6,1,0,2,2,13,8,1,Anthony Edwards,2023-24,35,23.8,27.4,3.6,5.2,3.8,4.4,0.4008000000000001,0.446,0.3066,0.3219,5.6,9.8,59,1,-3.599999999999998,9.512564790259713,164.0,0.0,0.0,44.0,0.7468354430379747,0.7
22023,1630162,22300903,2024-03-07,MIN @ IND,W,39,18,35,0.514,3,7,0.429,5,8,0.625,2,4,6,3,2,2,0,1,44,2,1,Anthony Edwards,2023-24,39,25.8,29.5,3.8,5.1,3.4,3.9,0.414,0.453,0.3124,0.3557,5.0,8.2,60,1,-3.6999999999999993,10.679679562400526,170.0,0.0,0.0,19.0,0.759493670886076,0.7
22023,1630162,22300911,2024-03-08,MIN @ CLE,L,42,7,27,0.259,0,7,0.0,5,5,1.0,1,4,5,3,1,1,5,3,19,-20,1,Anthony Edwards,2023-24,42,22.8,27.3,4.4,5.2,3.2,4.0,0.361,0.4196,0.279,0.3057,-0.6,4.6,61,0,-4.5,10.306955580254204,172.0,0.0,1.0,25.0,0.7721518987341772,0.6
22023,1630162,22300932,2024-03-10,MIN @ LAL,L,40,10,23,0.435,2,9,0.222,3,4,0.75,1,6,7,7,2,2,3,2,25,-14,1,Anthony Edwards,2023-24,40,25.6,26.4,5.4,5.3,4.2,4.0,0.4116000000000001,0.406,0.2568,0.285,-2.8,-0.4,62,0,-0.7999999999999972,10.046558282980955,193.0,0.0,0.0,37.0,0.7848101265822784,0.5
22023,1630162,22300944,2024-03-12,MIN @ LAC,W,37,15,29,0.517,2,8,0.25,5,7,0.714,2,6,8,4,1,0,2,3,37,22,1,Anthony Edwards,2023-24,37,27.6,27.3,6.0,5.2,4.6,3.9,0.425,0.4207000000000001,0.2468,0.2767,-0.4,3.4,63,1,0.3000000000000007,10.594023472379758,193.0,0.0,0.0,31.0,0.7974683544303798,0.6
22023,1630162,22300974,2024-03-16,MIN @ UTA,W,35,12,20,0.6,5,7,0.714,2,3,0.667,1,9,10,5,3,3,4,1,31,16,1,Anthony Edwards,2023-24,35,31.2,27.5,7.2,5.4,4.4,4.1,0.465,0.4328999999999999,0.323,0.3148,1.2,3.4,64,1,3.6999999999999993,10.648421896642189,193.0,0.0,0.0,32.0,0.810126582278481,0.6
22023,1630162,22300987,2024-03-18,MIN @ UTA,W,38,13,23,0.565,2,8,0.25,4,4,1.0,1,6,7,8,1,2,3,2,32,-1,1,Anthony Edwards,2023-24,38,28.8,27.3,7.4,5.6,5.4,4.4,0.4751999999999999,0.4446,0.2872,0.2998,0.6,2.8,65,1,1.5,10.53090689352061,192.0,0.0,0.0,30.0,0.8227848101265823,0.6
22023,1630162,22300995,2024-03-19,MIN vs. DEN,L,38,13,26,0.5,3,8,0.375,1,2,0.5,1,7,8,8,2,0,3,1,30,-8,1,Anthony Edwards,2023-24,38,31.0,26.9,8.0,6.2,6.4,4.8,0.5234,0.4422,0.3621999999999999,0.3206,3.0,1.2,66,0,4.100000000000001,10.322036836034076,188.0,0.0,0.0,16.0,0.8354430379746836,0.5
22023,1630162,22301014,2024-03-22,MIN vs. CLE,W,35,6,17,0.353,1,1,1.0,3,4,0.75,2,11,13,5,0,0,3,1,16,12,1,Anthony Edwards,2023-24,35,29.2,27.4,9.2,7.3,6.0,5.1,0.507,0.4593,0.5178,0.3873,8.2,2.7,67,1,1.8000000000000007,9.559172442098621,183.0,0.0,0.0,23.0,0.8481012658227848,0.6
22023,1630162,22301031,2024-03-24,MIN vs. GSW,W,38,7,18,0.389,4,8,0.5,5,8,0.625,0,6,6,8,0,0,2,1,23,-9,1,Anthony Edwards,2023-24,38,26.4,27.0,8.8,7.4,6.8,5.7,0.4813999999999999,0.4532,0.5678,0.4073,2.0,0.8,68,1,-0.6000000000000014,9.660917830792956,184.0,0.0,0.0,9.0,0.8607594936708861,0.7
22023,1630162,22301056,2024-03-27,MIN vs. DET,W,29,4,11,0.364,1,4,0.25,0,2,0.0,1,2,3,5,1,0,3,0,9,9,1,Anthony Edwards,2023-24,29,22.0,26.6,7.4,7.3,6.8,5.6,0.4342,0.4496,0.475,0.3989999999999999,0.6,0.9,69,1,-4.600000000000001,10.362324921453569,178.0,0.0,1.0,25.0,0.8734177215189873,0.7
22023,1630162,22301071,2024-03-29,MIN @ DEN,W,39,8,19,0.421,0,8,0.0,9,10,0.9,1,3,4,5,3,0,2,2,25,11,1,Anthony Edwards,2023-24,39,20.6,24.7,6.8,7.1,6.2,5.8,0.4054,0.4402999999999999,0.425,0.3560999999999999,3.0,1.8,70,1,-4.099999999999998,8.36726425488708,179.0,0.0,1.0,22.0,0.8860759493670886,0.7
22023,1630162,22301084,2024-03-31,MIN vs. CHI,L,36,9,20,0.45,0,5,0.0,4,6,0.667,2,9,11,5,0,1,6,1,22,-10,1,Anthony Edwards,2023-24,36,19.0,25.0,7.4,7.7,5.6,6.0,0.3954,0.4594,0.35,0.3560999999999999,2.6,2.8,71,0,-6.0,8.192137151629668,177.0,0.0,1.0,21.0,0.8987341772151899,0.7
22023,1630162,22301098,2024-04-02,MIN vs. HOU,W,36,5,16,0.313,0,6,0.0,11,11,1.0,1,4,5,3,2,0,3,1,21,0,1,Anthony Edwards,2023-24,36,20.0,24.6,5.8,7.5,5.2,5.6,0.3874,0.4471999999999999,0.15,0.3339,0.2,4.2,72,1,-4.600000000000001,8.289216555930425,178.0,0.0,1.0,28.0,0.9113924050632911,0.8
22023,1630162,22301108,2024-04-03,MIN vs. TOR,W,30,10,23,0.435,5,12,0.417,3,5,0.6,0,3,3,6,2,0,0,0,28,26,1,Anthony Edwards,2023-24,30,21.0,23.7,5.2,7.0,4.8,5.8,0.3966,0.4389999999999999,0.1334,0.3505999999999999,7.2,4.6,73,1,-2.6999999999999993,7.211872926716821,170.0,0.0,1.0,17.0,0.9240506329113924,0.8
22023,1630162,22301125,2024-04-05,MIN @ PHX,L,33,6,19,0.316,2,6,0.333,3,3,1.0,3,5,8,3,3,0,4,3,17,-13,1,Anthony Edwards,2023-24,33,22.6,22.3,6.2,6.8,4.4,5.6,0.387,0.4105999999999999,0.15,0.3125,2.8,1.7,74,0,0.3000000000000007,6.9928534948188315,174.0,0.0,0.0,26.0,0.9367088607594937,0.7
22023,1630162,22301143,2024-04-07,MIN @ LAL,W,35,9,20,0.45,3,8,0.375,5,5,1.0,0,1,1,8,1,0,1,1,26,2,1,Anthony Edwards,2023-24,35,22.8,21.7,5.6,6.2,5.0,5.6,0.3928,0.3990999999999999,0.225,0.325,1.0,2.0,75,1,1.1000000000000014,6.290204024248071,170.0,0.0,0.0,51.0,0.9493670886075949,0.7
22023,1630162,22301152,2024-04-09,MIN vs. WAS,W,38,17,29,0.586,6,13,0.462,11,11,1.0,1,5,6,7,0,0,2,0,51,6,1,Anthony Edwards,2023-24,38,28.6,23.8,4.6,6.0,5.4,5.5,0.42,0.4077,0.3174,0.3337,4.2,3.4,76,1,4.800000000000001,11.06345334875146,172.0,0.0,0.0,25.0,0.9620253164556962,0.8
22023,1630162,22301164,2024-04-10,MIN @ DEN,L,35,9,18,0.5,2,6,0.333,5,7,0.714,0,2,2,4,0,0,1,1,25,-16,1,Anthony Edwards,2023-24,35,29.4,24.7,4.0,4.9,5.6,5.4,0.4574,0.4224,0.384,0.267,1.0,0.6,77,0,4.699999999999999,10.719141756689288,171.0,0.0,0.0,14.0,0.9746835443037974,0.7
22023,1630162,22301178,2024-04-12,MIN vs. ATL,W,27,4,12,0.333,0,5,0.0,6,6,1.0,0,4,4,4,2,0,3,4,14,0,1,Anthony Edwards,2023-24,27,26.6,23.8,4.2,4.7,5.2,5.0,0.437,0.4168,0.3006,0.217,-4.2,1.5,78,1,2.8000000000000007,11.242775458044152,168.0,0.0,0.0,13.0,0.9873417721518988,0.7
22023,1630162,22301194,2024-04-14,MIN vs. PHX,L,35,3,7,0.429,0,2,0.0,7,8,0.875,1,5,6,4,1,1,5,3,13,-21,1,Anthony Edwards,2023-24,35,25.8,24.2,3.8,5.0,5.4,4.9,0.4596,0.4232999999999999,0.2339999999999999,0.192,-5.8,-1.5,79,0,1.6000000000000014,10.716550025285391,170.0,0.0,0.0,27.0,1.0,0.6
22024,1630162,22400062,2024-10-22,MIN @ LAL,L,41,10,25,0.4,5,13,0.385,2,3,0.667,0,6,6,3,0,0,4,3,27,0,1,Anthony Edwards,2024-25,41,26.0,24.4,4.8,5.2,4.4,4.7,0.4496,0.4211999999999999,0.236,0.2305,-6.2,-2.6,1,0,1.6000000000000014,10.751744044572485,176.0,0.0,0.0,32.0,0.012658227848101266,0.5
22024,1630162,22400076,2024-10-24,MIN @ SAC,W,39,10,24,0.417,5,15,0.333,7,7,1.0,1,6,7,4,1,0,3,4,32,8,1,Anthony Edwards,2024-25,39,22.2,25.4,5.0,4.8,3.8,4.6,0.4158,0.4179,0.2102,0.2638,-5.8,-0.8,2,1,-3.1999999999999993,10.966616007988359,177.0,0.0,0.0,24.0,0.02531645569620253,0.6
22024,1630162,22400093,2024-10-26,MIN vs. TOR,W,39,9,21,0.429,5,12,0.417,1,3,0.333,0,6,6,4,1,1,4,3,24,5,1,Anthony Edwards,2024-25,39,22.0,25.7,5.8,4.9,3.8,4.7,0.4016,0.4295,0.227,0.3055,-1.6,-0.3,3,1,-3.6999999999999993,10.873515224311465,181.0,0.0,0.0,37.0,0.0379746835443038,0.6
22024,1630162,22400114,2024-10-29,MIN vs. DAL,L,37,12,20,0.6,7,13,0.538,6,12,0.5,0,6,6,3,0,1,5,1,37,-8,1,Anthony Edwards,2024-25,37,26.6,26.6,6.2,5.2,3.6,4.4,0.4549999999999999,0.446,0.3346,0.3176,-3.2,-3.7,4,0,0.0,11.442610424782151,191.0,0.0,0.0,29.0,0.05063291139240506,0.5
22024,1630162,22400139,2024-11-01,MIN vs. DEN,W,38,11,23,0.478,7,14,0.5,0,0,0.0,0,4,4,4,1,1,2,1,29,5,1,Anthony Edwards,2024-25,38,29.8,27.8,5.8,4.8,3.6,4.5,0.4648,0.4622,0.4346,0.3343,2.0,-1.9,5,1,2.0,10.942272768183633,194.0,1.0,0.0,21.0,0.06329113924050633,0.6
22024,1630162,22400146,2024-11-02,MIN @ SAS,L,36,8,17,0.471,3,7,0.429,2,4,0.5,0,5,5,2,2,0,3,0,21,-20,1,Anthony Edwards,2024-25,36,28.6,27.3,5.6,5.2,3.4,3.9,0.479,0.4643,0.4434,0.3397,-2.0,-4.1,6,0,1.3000000000000007,11.146000777558429,189.0,1.0,0.0,21.0,0.0759493670886076,0.5
22024,1630162,22400162,2024-11-04,MIN vs. CHA,W,29,6,11,0.545,4,6,0.667,5,7,0.714,0,5,5,1,1,0,1,1,21,9,1,Anthony Edwards,2024-25,29,26.4,24.3,5.2,5.1,2.8,3.3,0.5045999999999999,0.4602,0.5102,0.3601999999999999,-1.8,-3.8,7,1,2.099999999999998,7.4988888065721575,179.0,0.0,0.0,33.0,0.08860759493670886,0.5
22024,1630162,22400181,2024-11-07,MIN @ CHI,W,35,13,23,0.565,5,9,0.556,2,2,1.0,3,5,8,6,0,1,2,2,33,15,1,Anthony Edwards,2024-25,35,28.2,25.1,5.6,5.7,3.2,3.5,0.5317999999999999,0.4667,0.538,0.3825,0.2,-0.7,8,1,3.099999999999998,7.992357460585557,175.0,0.0,0.0,37.0,0.10126582278481013,0.6
22024,1630162,22400193,2024-11-08,MIN vs. POR,W,30,12,21,0.571,9,15,0.6,4,5,0.8,0,6,6,5,1,1,6,2,37,29,1,Anthony Edwards,2024-25,30,28.2,27.4,5.6,5.9,3.6,3.6,0.526,0.4904999999999999,0.5504,0.4425,7.6,2.2,9,1,0.8000000000000007,7.748835037890807,168.0,0.0,0.0,22.0,0.11392405063291139,0.6
22024,1630162,22400206,2024-11-10,MIN vs. MIA,L,37,8,24,0.333,4,14,0.286,2,3,0.667,1,4,5,6,2,0,6,3,22,2,1,Anthony Edwards,2024-25,37,26.8,28.3,5.8,5.8,4.0,3.8,0.497,0.4809,0.5076,0.4711,7.0,4.5,10,0,-1.5,6.2725150015320175,167.0,0.0,0.0,26.0,0.12658227848101267,0.6
22024,1630162,22400008,2024-11-12,MIN @ POR,L,37,8,19,0.421,4,10,0.4,6,6,1.0,0,0,0,3,2,1,1,2,26,-20,1,Anthony Edwards,2024-25,37,27.8,28.2,4.8,5.2,4.2,3.8,0.487,0.483,0.5018,0.4726,7.0,2.5,11,0,-0.3999999999999986,6.303438215238814,168.0,0.0,0.0,24.0,0.13924050632911392,0.6
22024,1630162,22400226,2024-11-13,MIN @ POR,L,40,10,25,0.4,0,9,0.0,4,4,1.0,0,4,4,4,4,1,3,2,24,-1,1,Anthony Edwards,2024-25,40,28.4,27.4,4.6,4.9,4.8,3.8,0.458,0.4812999999999999,0.3684,0.4392999999999999,5.0,1.6,12,0,1.0,6.275171533733365,179.0,0.0,0.0,36.0,0.1518987341772152,0.5
22024,1630162,22400020,2024-11-15,MIN @ SAC,W,42,14,27,0.519,6,14,0.429,2,2,1.0,1,4,5,2,0,0,2,4,36,16,1,Anthony Edwards,2024-25,42,29.0,28.6,4.0,4.8,4.0,3.6,0.4488,0.4902999999999999,0.3429999999999999,0.4405,5.2,2.7,13,1,0.3999999999999986,6.686636756330559,186.0,0.0,0.0,24.0,0.16455696202531644,0.5
22024,1630162,22400234,2024-11-17,MIN vs. PHX,W,39,9,14,0.643,3,7,0.429,3,3,1.0,0,4,4,6,1,0,2,2,24,-6,1,Anthony Edwards,2024-25,39,26.4,27.3,3.6,4.6,4.2,3.9,0.4631999999999999,0.4946,0.3087999999999999,0.4296,-1.8,2.9,14,1,-0.9000000000000021,6.111010100175275,195.0,0.0,0.0,26.0,0.17721518987341772,0.6
22024,1630162,22400261,2024-11-21,MIN @ TOR,L,36,9,20,0.45,5,9,0.556,3,3,1.0,1,2,3,2,2,2,2,4,26,4,1,Anthony Edwards,2024-25,36,27.2,27.0,3.2,4.5,3.4,3.7,0.4866,0.4918,0.3628,0.4352,-1.4,2.8,15,0,0.1999999999999993,6.091888960832337,194.0,0.0,0.0,28.0,0.189873417721519,0.5
22024,1630162,22400271,2024-11-24,MIN @ BOS,L,39,9,21,0.429,6,11,0.545,4,4,1.0,0,9,9,7,0,0,3,3,28,2,1,Anthony Edwards,2024-25,39,27.6,27.7,5.0,4.9,4.2,4.2,0.4882000000000001,0.4876,0.3918,0.4468,3.0,5.0,16,0,-0.09999999999999787,5.716448003592576,196.0,0.0,0.0,29.0,0.20253164556962025,0.5
22024,1630162,22400037,2024-11-26,MIN vs. HOU,L,43,8,22,0.364,3,12,0.25,10,10,1.0,3,7,10,1,1,3,3,1,29,-14,1,Anthony Edwards,2024-25,43,28.6,28.5,6.2,5.4,3.6,4.2,0.481,0.4694999999999999,0.4418,0.4051,0.4,2.7,17,0,0.10000000000000142,5.212165257037272,199.0,0.0,0.0,29.0,0.21518987341772153,0.4
22024,1630162,22400294,2024-11-27,MIN vs. SAC,L,37,9,24,0.375,4,9,0.444,7,8,0.875,1,4,5,5,3,0,1,0,29,-5,1,Anthony Edwards,2024-25,37,27.2,28.1,6.2,5.1,4.2,4.1,0.4522,0.4505,0.4448,0.3939,-3.8,0.7,18,0,-0.9000000000000021,4.976611966656273,194.0,0.0,0.0,21.0,0.22784810126582278,0.3
22024,1630162,22400044,2024-11-29,MIN vs. LAC,W,36,7,21,0.333,4,9,0.444,3,5,0.6,2,2,4,3,2,0,4,0,21,-5,1,Anthony Edwards,2024-25,36,26.6,26.5,6.2,4.9,3.6,3.9,0.3902,0.4267,0.4478,0.3782999999999999,-3.6,-2.7,19,1,0.10000000000000142,4.326918328582365,191.0,0.0,0.0,8.0,0.24050632911392406,0.3
22024,1630162,22400318,2024-12-02,MIN vs. LAL,W,27,3,13,0.231,1,5,0.2,1,2,0.5,0,7,7,3,2,0,3,1,8,1,1,Anthony Edwards,2024-25,27,23.0,25.1,7.0,5.1,3.8,3.6,0.3464,0.4165,0.3766,0.3697,-4.2,-2.8,20,1,-2.1000000000000014,7.233410137841075,182.0,0.0,0.0,16.0,0.25316455696202533,0.4
22024,1630162,22400324,2024-12-04,MIN @ LAC,W,26,5,14,0.357,4,9,0.444,2,2,1.0,1,5,6,4,4,0,2,3,16,27,1,Anthony Edwards,2024-25,26,20.6,24.1,6.4,5.7,3.2,3.7,0.332,0.4101,0.3564,0.3741,0.8,1.9,21,1,-3.5,7.766738197095487,169.0,0.0,1.0,30.0,0.26582278481012656,0.5
22024,1630162,22400338,2024-12-06,MIN @ GSW,W,35,11,18,0.611,4,10,0.4,4,4,1.0,0,4,4,9,1,2,4,1,30,23,1,Anthony Edwards,2024-25,35,20.8,24.7,5.2,5.7,4.8,4.2,0.3814,0.4312,0.3864,0.4141,8.2,4.3,22,1,-3.8999999999999986,7.986794656737377,161.0,0.0,1.0,27.0,0.27848101265822783,0.6
22024,1630162,22400355,2024-12-08,MIN @ GSW,L,37,10,19,0.526,5,9,0.556,2,2,1.0,0,5,5,6,1,0,6,3,27,-3,1,Anthony Edwards,2024-25,37,20.4,23.8,5.2,5.7,5.0,4.6,0.4116000000000001,0.4319,0.4088,0.4268,8.6,2.4,23,0,-3.400000000000002,7.020604595680399,161.0,0.0,1.0,23.0,0.2911392405063291,0.5
22024,1630162,22401210,2024-12-13,MIN vs. LAL,W,33,9,20,0.45,2,7,0.286,3,5,0.6,2,4,6,1,1,1,5,1,23,25,1,Anthony Edwards,2024-25,33,20.8,23.7,5.6,5.9,4.6,4.1,0.4349999999999999,0.4126,0.3772,0.4125,14.6,5.5,24,1,-2.8999999999999986,7.024560089033639,158.0,0.0,1.0,26.0,0.3037974683544304,0.5
22024,1630162,22401218,2024-12-15,MIN @ SAS,W,28,10,21,0.476,3,7,0.429,3,3,1.0,0,5,5,2,0,0,1,3,26,9,1,Anthony Edwards,2024-25,28,24.4,23.7,5.2,6.1,4.4,4.1,0.484,0.4152,0.423,0.3998,16.2,6.0,25,1,0.6999999999999993,7.024560089033639,159.0,0.0,0.0,17.0,0.31645569620253167,0.6
22024,1630162,22400367,2024-12-19,MIN vs. NYK,L,34,7,16,0.438,3,7,0.429,0,0,0.0,0,5,5,7,3,1,2,0,17,-15,1,Anthony Edwards,2024-25,34,24.6,22.6,5.0,5.7,5.0,4.1,0.5002,0.4160999999999999,0.42,0.3882,7.8,4.3,26,0,2.0,7.136759301905396,167.0,0.0,0.0,19.0,0.3291139240506329,0.6
22024,1630162,22400383,2024-12-21,MIN vs. GSW,L,39,6,20,0.3,4,11,0.364,3,4,0.75,1,6,7,5,0,0,1,4,19,-1,1,Anthony Edwards,2024-25,39,22.4,21.6,5.6,5.4,4.2,4.5,0.438,0.4097,0.4128,0.3996,3.0,5.6,27,0,0.7999999999999972,6.83455273672762,171.0,0.0,0.0,16.0,0.34177215189873417,0.6
22024,1630162,22400395,2024-12-23,MIN @ ATL,L,32,7,20,0.35,1,7,0.143,1,1,1.0,2,4,6,4,2,0,5,1,16,-23,1,Anthony Edwards,2024-25,32,20.2,20.3,5.8,5.5,3.8,4.4,0.4027999999999999,0.4072,0.3302,0.3695,-1.0,3.8,28,0,-0.10000000000000142,6.4987178222579605,166.0,0.0,1.0,26.0,0.35443037974683544,0.6
22024,1630162,22400406,2024-12-25,MIN @ DAL,W,39,11,24,0.458,4,7,0.571,0,0,0.0,1,7,8,5,2,1,4,0,26,8,1,Anthony Edwards,2024-25,39,20.8,20.8,6.2,5.9,4.6,4.6,0.4044,0.4197,0.3872,0.3822,-4.4,5.1,29,1,0.0,6.746192341692536,172.0,0.0,0.0,24.0,0.3670886075949367,0.6
22024,1630162,22400422,2024-12-27,MIN @ HOU,W,35,9,17,0.529,4,8,0.5,2,3,0.667,0,5,5,3,0,1,3,3,24,-1,1,Anthony Edwards,2024-25,35,20.4,22.4,6.2,5.7,4.8,4.6,0.415,0.4495,0.4014,0.4122,-6.4,4.9,30,1,-2.0,5.059644256269395,179.0,0.0,0.0,14.0,0.379746835443038,0.6
22024,1630162,22400441,2024-12-29,MIN vs. SAS,W,38,6,20,0.3,1,9,0.111,1,1,1.0,1,7,8,4,0,1,2,1,14,2,1,Anthony Edwards,2024-25,38,19.8,22.2,6.8,5.9,4.2,4.6,0.3874,0.4438,0.3378,0.3788999999999999,-3.0,2.4,31,1,-2.3999999999999986,5.370702416299411,183.0,0.0,0.0,20.0,0.3924050632911392,0.6
22024,1630162,22400452,2024-12-31,MIN @ OKC,L,39,6,12,0.5,4,7,0.571,4,4,1.0,0,7,7,2,0,1,3,3,20,-3,1,Anthony Edwards,2024-25,39,20.0,21.2,6.8,6.2,3.6,3.9,0.4274,0.4327,0.3792,0.396,-3.4,-0.2,32,0,-1.1999999999999993,4.638007234913612,183.0,0.0,0.0,15.0,0.4050632911392405,0.5
22024,1630162,22400464,2025-01-02,MIN vs. BOS,L,36,5,16,0.313,2,9,0.222,3,4,0.75,0,4,4,6,0,0,2,0,15,-10,1,Anthony Edwards,2024-25,36,19.8,20.0,6.4,6.1,4.0,3.9,0.42,0.4114,0.3949999999999999,0.3626,-0.8,-0.9,33,0,-0.1999999999999993,4.521553322083504,187.0,0.0,0.0,53.0,0.4177215189873418,0.5
22024,1630162,22400479,2025-01-04,MIN @ DET,L,44,16,31,0.516,10,15,0.667,11,12,0.917,1,5,6,2,0,0,6,4,53,-3,1,Anthony Edwards,2024-25,44,25.2,23.0,6.0,6.1,3.4,4.0,0.4316,0.418,0.4141999999999999,0.4006999999999999,-3.0,-3.7,34,0,2.1999999999999993,11.421227799341203,192.0,0.0,0.0,37.0,0.43037974683544306,0.4
22024,1630162,22400500,2025-01-06,MIN vs. LAC,W,37,14,29,0.483,6,13,0.462,3,4,0.75,1,6,7,8,1,0,2,2,37,4,1,Anthony Edwards,2024-25,37,27.8,24.1,6.4,6.3,4.4,4.6,0.4224,0.4187,0.4065999999999999,0.404,-2.0,-4.2,35,1,3.6999999999999993,12.242457995753043,194.0,1.0,0.0,32.0,0.4430379746835443,0.4
22024,1630162,22400505,2025-01-07,MIN @ NOP,W,38,10,21,0.476,7,11,0.636,5,6,0.833,1,8,9,3,2,0,4,3,32,3,1,Anthony Edwards,2024-25,38,31.4,25.6,6.6,6.7,4.2,4.2,0.4575999999999999,0.4225,0.5115999999999999,0.4246999999999999,-1.8,-2.4,36,1,5.799999999999997,12.194716524426095,194.0,1.0,0.0,21.0,0.45569620253164556,0.5
22024,1630162,22400519,2025-01-09,MIN @ ORL,W,36,5,19,0.263,4,11,0.364,7,9,0.778,1,2,3,7,2,0,2,2,21,20,1,Anthony Edwards,2024-25,36,31.6,25.8,5.8,6.3,5.2,4.4,0.4102,0.4188,0.4702,0.4246999999999999,2.8,-0.3,37,1,5.800000000000001,12.090400232323889,191.0,1.0,0.0,15.0,0.46835443037974683,0.6
22024,1630162,22400535,2025-01-11,MIN vs. MEM,L,39,4,13,0.308,0,5,0.0,7,7,1.0,0,5,5,6,1,0,6,3,15,-5,1,Anthony Edwards,2024-25,39,31.6,25.7,6.0,6.2,5.2,4.6,0.4091999999999999,0.4145999999999999,0.4258,0.4104,3.8,1.5,38,0,5.900000000000002,12.184233892845102,194.0,1.0,0.0,41.0,0.4810126582278481,0.6
22024,1630162,22400548,2025-01-13,MIN @ WAS,W,36,14,25,0.56,5,11,0.455,8,8,1.0,2,4,6,7,3,1,7,2,41,18,1,Anthony Edwards,2024-25,36,29.2,27.2,6.0,6.0,6.2,4.8,0.418,0.4248,0.3833999999999999,0.3988,8.0,2.5,39,1,2.0,13.113182510571386,186.0,1.0,0.0,28.0,0.4936708860759494,0.6
22024,1630162,22400565,2025-01-15,MIN vs. GSW,L,41,7,19,0.368,4,9,0.444,10,11,0.909,1,7,8,2,1,1,5,1,28,-2,1,Anthony Edwards,2024-25,41,27.4,27.6,6.2,6.3,5.0,4.7,0.395,0.4086999999999999,0.3798,0.3932,6.8,2.4,40,0,-0.20000000000000284,13.065646218657186,190.0,0.0,0.0,36.0,0.5063291139240507,0.5
22024,1630162,22400578,2025-01-17,MIN @ NYK,W,38,12,21,0.571,8,13,0.615,4,4,1.0,2,11,13,7,0,0,6,0,36,24,1,Anthony Edwards,2024-25,38,28.2,29.8,7.0,6.8,5.8,5.0,0.414,0.4358000000000001,0.3756,0.4436,11.0,4.6,41,1,-1.6000000000000014,12.354036677225055,190.0,0.0,0.0,28.0,0.5189873417721519,0.5
22024,1630162,22400590,2025-01-18,MIN vs. CLE,L,41,9,22,0.409,4,9,0.444,6,6,1.0,0,3,3,5,1,1,2,2,28,-2,1,Anthony Edwards,2024-25,41,29.6,30.6,7.0,6.4,5.4,5.3,0.4432,0.4267,0.3916,0.4309,6.6,4.7,42,0,-1.0,11.899579824514797,195.0,0.0,0.0,32.0,0.5316455696202531,0.5
22024,1630162,22400601,2025-01-20,MIN @ MEM,L,38,8,19,0.421,3,8,0.375,13,18,0.722,1,3,4,3,0,1,5,1,32,-7,1,Anthony Edwards,2024-25,38,33.0,32.3,6.8,6.4,4.8,5.0,0.4657999999999999,0.4375,0.4666,0.4462,6.2,5.0,43,0,0.7000000000000028,10.56251232740896,194.0,1.0,0.0,21.0,0.5443037974683544,0.5
22024,1630162,22400614,2025-01-22,MIN @ DAL,W,37,6,19,0.316,2,7,0.286,7,8,0.875,1,4,5,7,0,0,3,0,21,-10,1,Anthony Edwards,2024-25,37,29.0,29.1,6.6,6.3,4.8,5.5,0.417,0.4175,0.4328,0.4081,0.6,4.3,44,1,-0.10000000000000142,8.17108723895825,195.0,0.0,0.0,34.0,0.5569620253164557,0.6
22024,1630162,22400634,2025-01-25,MIN vs. DEN,W,33,14,23,0.609,3,8,0.375,3,4,0.75,1,0,1,9,0,0,3,4,34,27,1,Anthony Edwards,2024-25,33,30.2,28.8,5.2,5.7,6.2,5.6,0.4652,0.4301,0.419,0.3994,6.4,6.6,45,1,1.3999999999999986,7.89936706325258,187.0,0.0,0.0,23.0,0.569620253164557,0.6
22024,1630162,22400656,2025-01-27,MIN vs. ATL,W,35,6,20,0.3,2,11,0.182,9,13,0.692,2,3,5,4,2,1,3,2,23,8,1,Anthony Edwards,2024-25,35,27.6,27.9,3.6,5.3,5.6,5.7,0.4109999999999999,0.4125,0.3324,0.354,3.2,7.1,46,1,-0.29999999999999716,8.00624756049922,184.0,0.0,0.0,33.0,0.5822784810126582,0.6
22024,1630162,22400672,2025-01-29,MIN @ PHX,W,40,11,20,0.55,3,8,0.375,8,9,0.889,0,7,7,5,2,4,7,2,33,10,1,Anthony Edwards,2024-25,40,28.6,29.1,4.4,5.7,5.6,5.5,0.4392,0.4412,0.3186,0.3550999999999999,5.6,6.1,47,1,-0.5,7.752418977325701,183.0,0.0,0.0,36.0,0.5949367088607594,0.6
22024,1630162,22400677,2025-01-30,MIN @ UTA,W,35,12,18,0.667,6,9,0.667,6,7,0.857,1,5,6,11,0,3,3,3,36,25,1,Anthony Edwards,2024-25,35,29.4,31.2,4.8,5.8,7.2,6.0,0.4884,0.4771000000000001,0.377,0.4218,12.0,9.1,48,1,-1.8000000000000007,6.196773353931834,180.0,0.0,0.0,21.0,0.6075949367088608,0.7
22024,1630162,22400704,2025-02-03,MIN vs. SAC,L,38,7,21,0.333,3,10,0.3,4,4,1.0,1,5,6,4,2,1,3,3,21,0,1,Anthony Edwards,2024-25,38,29.4,29.2,5.0,5.8,6.6,5.7,0.4918000000000001,0.4543999999999999,0.3798,0.4063,14.0,7.3,49,0,0.1999999999999993,5.902918298980946,181.0,0.0,0.0,49.0,0.620253164556962,0.6
22024,1630162,22400723,2025-02-05,MIN vs. CHI,W,37,13,28,0.464,6,14,0.429,17,18,0.944,3,6,9,3,1,1,5,2,49,17,1,Anthony Edwards,2024-25,37,32.4,31.3,6.6,5.9,5.4,5.8,0.4628,0.4640000000000001,0.3905999999999999,0.4048,12.0,9.2,50,1,1.0999999999999979,8.564137110324895,185.0,0.0,0.0,41.0,0.6329113924050633,0.7
22024,1630162,22400729,2025-02-06,MIN vs. HOU,W,38,11,25,0.44,5,12,0.417,14,15,0.933,2,5,7,6,0,1,4,3,41,9,1,Anthony Edwards,2024-25,38,36.0,31.8,7.0,5.3,5.8,5.7,0.4908,0.4508999999999999,0.4376,0.385,12.2,7.7,51,1,4.199999999999999,9.003702941938178,188.0,1.0,0.0,44.0,0.6455696202531646,0.7
22024,1630162,22400755,2025-02-10,MIN @ CLE,L,37,13,28,0.464,8,15,0.533,10,13,0.769,0,6,6,1,1,0,7,0,44,-12,1,Anthony Edwards,2024-25,37,38.2,33.4,6.8,5.6,5.0,5.3,0.4736000000000001,0.4564,0.4692,0.3939,7.8,6.7,52,0,4.800000000000004,9.651712571122031,185.0,1.0,0.0,28.0,0.6582278481012658,0.7
22024,1630162,22400776,2025-02-12,MIN vs. MIL,L,37,10,33,0.303,4,17,0.235,4,5,0.8,0,7,7,4,2,0,2,0,28,0,1,Anthony Edwards,2024-25,37,36.6,33.0,7.0,5.9,3.6,5.4,0.4008,0.4446,0.3828,0.3799,2.8,7.4,53,0,3.6000000000000014,9.797958971132687,187.0,0.0,0.0,23.0,0.6708860759493671,0.7
22024,1630162,22400787,2025-02-13,MIN vs. OKC,W,36,5,18,0.278,3,12,0.25,10,11,0.909,1,6,7,7,3,0,2,0,23,10,1,Anthony Edwards,2024-25,36,37.0,33.2,7.2,6.1,4.2,5.4,0.3898,0.4408,0.3727999999999999,0.3763,4.8,9.4,54,1,3.799999999999997,9.542885657214288,185.0,1.0,0.0,37.0,0.6835443037974683,0.7
22024,1630162,22400801,2025-02-21,MIN @ HOU,L,39,13,32,0.406,4,14,0.286,7,10,0.7,0,4,4,3,0,1,3,2,37,-11,1,Anthony Edwards,2024-25,39,34.6,33.5,6.2,6.4,4.2,4.8,0.3782,0.4205,0.3442,0.3674,-0.8,5.6,55,0,1.1000000000000014,9.617692030835645,187.0,0.0,0.0,29.0,0.6962025316455697,0.6
22024,1630162,22400820,2025-02-23,MIN vs. OKC,L,39,8,21,0.381,4,13,0.308,9,10,0.9,2,8,10,7,2,0,5,3,29,-11,1,Anthony Edwards,2024-25,39,32.2,34.1,6.8,6.9,4.4,5.1,0.3664,0.4286,0.3224,0.38,-4.8,3.7,56,0,-1.8999999999999986,9.060905032059406,188.0,0.0,0.0,17.0,0.7088607594936709,0.5
22024,1630162,22400826,2025-02-24,MIN @ OKC,W,36,5,15,0.333,1,6,0.167,6,10,0.6,2,11,13,8,0,1,4,4,17,-7,1,Anthony Edwards,2024-25,36,26.8,32.5,8.2,7.5,5.8,5.4,0.3402,0.4069000000000001,0.2492,0.3592,-3.8,2.0,57,1,-5.699999999999999,10.564615994493632,187.0,0.0,0.0,18.0,0.7215189873417721,0.5
22024,1630162,22400849,2025-02-27,MIN @ LAL,L,26,6,12,0.5,2,6,0.333,4,4,1.0,0,6,6,5,1,0,0,1,18,-13,1,Anthony Edwards,2024-25,26,24.8,30.7,8.0,7.5,6.0,4.8,0.3796,0.3902,0.2688,0.3258,-6.4,-1.8,58,0,-5.899999999999999,11.402241495035561,176.0,0.0,1.0,44.0,0.7341772151898734,0.4
22024,1630162,22400873,2025-03-02,MIN @ PHX,W,36,12,22,0.545,6,14,0.429,14,14,1.0,0,5,5,7,2,0,1,0,44,22,1,Anthony Edwards,2024-25,36,29.0,33.0,7.6,7.4,6.0,5.1,0.433,0.4114,0.3046,0.3387,-4.0,0.4,59,1,-4.0,11.547005383792497,176.0,0.0,0.0,18.0,0.7468354430379747,0.5
22024,1630162,22400887,2025-03-04,MIN vs. PHI,W,30,5,11,0.455,2,6,0.333,6,7,0.857,0,5,5,1,0,0,2,2,18,-3,1,Anthony Edwards,2024-25,30,25.2,29.9,7.8,7.0,5.6,4.9,0.4427999999999999,0.4105,0.314,0.3291,-2.4,-1.6,60,1,-4.699999999999999,10.91838408882518,167.0,0.0,1.0,29.0,0.759493670886076,0.5
22024,1630162,22400892,2025-03-05,MIN @ CHA,W,38,9,20,0.45,6,13,0.462,5,8,0.625,0,3,3,6,2,1,0,2,29,12,1,Anthony Edwards,2024-25,38,25.2,28.7,6.4,6.6,5.4,4.9,0.4566,0.4115,0.3448,0.3336,2.2,-1.3,61,1,-3.5,10.198583779677985,166.0,0.0,1.0,13.0,0.7721518987341772,0.5
22024,1630162,22400907,2025-03-07,MIN @ MIA,W,39,4,10,0.4,3,8,0.375,2,4,0.5,1,12,13,6,0,0,2,1,13,0,1,Anthony Edwards,2024-25,39,24.4,25.6,6.4,7.3,5.0,5.4,0.47,0.4051,0.3863999999999999,0.3177999999999999,3.6,-0.1,62,1,-1.2000000000000028,9.73196337390925,169.0,0.0,1.0,25.0,0.7848101265822784,0.6
22024,1630162,22400925,2025-03-09,MIN vs. SAS,W,30,10,15,0.667,2,5,0.4,3,3,1.0,1,2,3,3,1,0,3,0,25,11,1,Anthony Edwards,2024-25,30,25.8,25.3,5.8,6.9,4.6,5.3,0.5034000000000001,0.4415,0.3998,0.3343,8.4,1.0,63,1,0.5,9.695932709704165,173.0,0.0,0.0,29.0,0.7974683544303798,0.7
22024,1630162,22400952,2025-03-12,MIN @ DEN,W,35,10,22,0.455,5,12,0.417,4,5,0.8,0,4,4,6,1,0,3,2,29,10,1,Anthony Edwards,2024-25,35,22.8,25.9,5.6,6.6,4.4,5.2,0.4854,0.4591999999999999,0.3974,0.351,6.0,1.0,64,1,-3.099999999999998,9.723396754449775,172.0,0.0,1.0,28.0,0.810126582278481,0.7
22024,1630162,22400963,2025-03-14,MIN vs. ORL,W,39,9,19,0.474,3,8,0.375,7,8,0.875,0,4,4,5,0,1,3,2,28,-5,1,Anthony Edwards,2024-25,39,24.8,25.0,5.4,6.6,5.2,5.4,0.4892,0.466,0.4058,0.3599,5.6,1.6,65,1,-0.1999999999999993,8.969082698049144,181.0,0.0,1.0,41.0,0.8227848101265823,0.8
22024,1630162,22400981,2025-03-16,MIN vs. UTA,W,31,16,27,0.593,5,14,0.357,4,6,0.667,0,2,2,2,1,0,1,1,41,31,1,Anthony Edwards,2024-25,31,27.2,26.2,5.2,5.8,4.4,4.9,0.5178,0.4871999999999999,0.3848,0.3648,9.4,5.8,66,1,1.0,10.27186015827275,174.0,0.0,0.0,38.0,0.8354430379746836,0.9
22024,1630162,22400986,2025-03-17,MIN vs. IND,L,41,9,24,0.375,1,11,0.091,19,20,0.95,0,3,3,5,2,2,3,3,38,-7,1,Anthony Edwards,2024-25,41,32.2,28.3,3.2,4.8,4.2,4.6,0.5128,0.4913999999999999,0.328,0.3572,8.0,5.8,67,0,3.900000000000002,10.328493490232617,176.0,0.0,0.0,29.0,0.8481012658227848,0.8
22024,1630162,22401001,2025-03-19,MIN vs. NOP,L,38,5,19,0.263,4,10,0.4,15,17,0.882,2,4,6,4,1,1,2,0,29,-6,1,Anthony Edwards,2024-25,38,33.0,29.4,3.8,4.8,4.4,4.5,0.432,0.4676999999999999,0.3279999999999999,0.3639,4.6,6.5,68,0,3.6000000000000014,9.674709297958245,184.0,0.0,0.0,17.0,0.8607594936708861,0.8
22024,1630162,22401016,2025-03-21,MIN vs. NOP,W,26,6,13,0.462,3,7,0.429,2,2,1.0,2,1,3,5,2,0,3,0,17,21,1,Anthony Edwards,2024-25,26,30.6,26.7,3.6,4.6,4.2,4.3,0.4333999999999999,0.4593999999999999,0.3303999999999999,0.3639,6.8,6.4,69,1,3.900000000000002,8.882567196480975,175.0,0.0,0.0,17.0,0.8734177215189873,0.8
22024,1630162,22401037,2025-03-24,MIN @ IND,L,34,7,19,0.368,1,11,0.091,2,3,0.667,0,2,2,4,1,0,3,2,17,-24,1,Anthony Edwards,2024-25,34,28.4,26.6,3.2,4.3,4.0,4.6,0.4122,0.4507,0.2736,0.3397,3.0,4.3,70,0,1.7999999999999972,8.996295533903565,170.0,0.0,0.0,20.0,0.8860759493670886,0.7
22024,1630162,22401071,2025-03-28,MIN vs. PHX,W,28,8,19,0.421,4,10,0.4,0,0,0.0,3,1,4,5,1,0,2,1,20,9,1,Anthony Edwards,2024-25,28,24.2,25.7,3.6,4.4,4.6,4.5,0.3778,0.4478000000000001,0.2822,0.3335,-1.4,4.0,71,1,-1.5,9.17787193925331,167.0,0.0,0.0,25.0,0.8987341772151899,0.7
22024,1630162,22401084,2025-03-30,MIN vs. DET,W,36,9,19,0.474,4,10,0.4,3,4,0.75,0,6,6,4,0,2,4,4,25,5,1,Anthony Edwards,2024-25,36,21.6,26.9,4.2,3.7,4.4,4.3,0.3976,0.4551999999999999,0.344,0.3359999999999999,1.0,4.5,72,1,-5.299999999999997,8.047774019358803,162.0,0.0,1.0,34.0,0.9113924050632911,0.7
22024,1630162,22401102,2025-04-01,MIN @ DEN,W,50,12,25,0.48,5,15,0.333,5,7,0.714,1,9,10,8,1,0,5,4,34,8,1,Anthony Edwards,2024-25,50,22.6,27.8,5.0,4.4,5.2,4.8,0.441,0.4365,0.3306,0.3293,3.8,4.2,73,1,-5.199999999999999,8.310635755865281,174.0,0.0,0.0,28.0,0.9240506329113924,0.7
22024,1630162,22401113,2025-04-03,MIN @ BKN,W,32,10,15,0.667,5,10,0.5,3,5,0.6,1,4,5,3,2,1,2,3,28,17,1,Anthony Edwards,2024-25,32,24.8,27.7,5.4,4.5,4.8,4.5,0.482,0.4577,0.3448,0.3376,3.0,4.9,74,1,-2.8999999999999986,8.300602387778843,180.0,0.0,0.0,37.0,0.9367088607594937,0.7
22024,1630162,22401130,2025-04-05,MIN @ PHI,W,38,12,21,0.571,6,13,0.462,7,8,0.875,1,1,2,2,1,1,2,1,37,-4,1,Anthony Edwards,2024-25,38,28.8,28.6,5.4,4.3,4.4,4.2,0.5226,0.4673999999999999,0.419,0.3463,7.0,5.0,75,1,0.1999999999999993,8.809086218218082,184.0,0.0,0.0,25.0,0.9493670886075949,0.7
22024,1630162,22401152,2025-04-08,MIN @ MIL,L,39,10,27,0.37,2,11,0.182,3,3,1.0,1,6,7,4,1,1,2,4,25,-4,1,Anthony Edwards,2024-25,39,29.8,27.0,6.0,4.8,4.2,4.4,0.5124000000000001,0.4450999999999999,0.3754,0.3288,4.4,1.5,76,0,2.8000000000000007,7.688375063113855,195.0,0.0,0.0,44.0,0.9620253164556962,0.6
22024,1630162,22401170,2025-04-10,MIN @ MEM,W,38,13,19,0.684,7,11,0.636,11,13,0.846,1,4,5,3,1,1,5,3,44,15,1,Anthony Edwards,2024-25,38,33.6,27.6,5.8,5.0,4.0,4.2,0.5544,0.476,0.4226,0.3833,6.4,3.7,77,1,6.0,8.796463936024383,197.0,1.0,0.0,9.0,0.9746835443037974,0.7
22024,1630162,22401179,2025-04-11,MIN vs. BKN,W,31,4,11,0.364,1,7,0.143,0,0,0.0,0,4,4,5,1,2,0,3,9,16,1,Anthony Edwards,2024-25,31,28.6,25.6,4.6,4.8,3.4,4.3,0.5312,0.4861,0.3846,0.3576,8.0,5.9,78,1,3.0,10.543033508225017,178.0,0.0,0.0,43.0,0.9873417721518988,0.8
22022,203944,22200009,2022-10-19,NYK @ MEM,L,35,9,16,0.563,2,6,0.333,4,5,0.8,2,9,11,6,2,0,3,6,24,7,1,Julius Randle,2022-23,35,24.0,24.0,11.0,11.0,6.0,6.0,0.563,0.563,0.333,0.333,7.0,7.0,1,0,0.0,,35.0,0.0,0.0,15.0,0.012987012987012988,0.0
22022,203944,22200023,2022-10-21,NYK vs. DET,W,25,5,12,0.417,2,3,0.667,3,4,0.75,1,5,6,0,0,0,0,2,15,-1,1,Julius Randle,2022-23,25,19.5,19.5,8.5,8.5,3.0,3.0,0.49,0.49,0.5,0.5,3.0,3.0,2,1,0.0,,60.0,0.0,0.0,25.0,0.025974025974025976,0.5
22022,203944,22200046,2022-10-24,NYK vs. ORL,W,34,10,19,0.526,2,9,0.222,3,5,0.6,4,8,12,4,1,0,2,5,25,4,1,Julius Randle,2022-23,34,21.333333333333332,21.333333333333332,9.666666666666666,9.666666666666666,3.3333333333333335,3.3333333333333335,0.502,0.502,0.4073333333333333,0.4073333333333333,3.3333333333333335,3.3333333333333335,3,1,0.0,5.507570547286102,94.0,0.0,0.0,17.0,0.03896103896103896,0.6666666666666666
22022,203944,22200058,2022-10-26,NYK vs. CHA,W,40,7,19,0.368,0,2,0.0,3,4,0.75,2,4,6,2,2,1,1,5,17,6,1,Julius Randle,2022-23,40,20.25,20.25,8.75,8.75,3.0,3.0,0.4685,0.4685,0.3055,0.3055,4.0,4.0,4,1,0.0,4.9916597106239795,134.0,0.0,0.0,14.0,0.05194805194805195,0.75
22022,203944,22200075,2022-10-28,NYK @ MIL,L,31,3,10,0.3,0,2,0.0,8,9,0.889,4,8,12,2,1,0,3,4,14,-14,1,Julius Randle,2022-23,31,19.0,19.0,9.4,9.4,2.8,2.8,0.4347999999999999,0.4347999999999999,0.2444,0.2444,0.4,0.4,5,0,0.0,5.1478150704935,165.0,0.0,0.0,15.0,0.06493506493506493,0.6
22022,203944,22200090,2022-10-30,NYK @ CLE,L,33,5,13,0.385,0,3,0.0,5,10,0.5,0,9,9,7,2,0,4,5,15,-8,1,Julius Randle,2022-23,33,17.2,18.333333333333332,9.0,9.333333333333334,3.0,3.5,0.3992,0.4265,0.1778,0.2036666666666666,-2.6,-1.0,6,0,-1.1333333333333329,4.88535225614967,163.0,0.0,0.0,14.0,0.07792207792207792,0.5
22022,203944,22200110,2022-11-02,NYK vs. ATL,L,30,4,12,0.333,0,4,0.0,6,9,0.667,2,4,6,2,0,1,4,2,14,-10,1,Julius Randle,2022-23,30,17.0,17.714285714285715,9.0,8.857142857142858,3.4,3.2857142857142856,0.3823999999999999,0.4131428571428571,0.0444,0.1745714285714285,-4.4,-2.2857142857142856,7,0,-0.7142857142857153,4.7509397566616824,168.0,0.0,0.0,17.0,0.09090909090909091,0.42857142857142855
22022,203944,22200122,2022-11-04,NYK @ PHI,W,37,6,13,0.462,1,5,0.2,4,5,0.8,3,7,10,5,0,1,6,1,17,7,1,Julius Randle,2022-23,37,15.4,17.625,8.6,9.0,3.6,3.5,0.3696,0.41925,0.04,0.17775,-3.8,-1.125,8,1,-2.2249999999999996,4.405759217854998,171.0,0.0,0.0,29.0,0.1038961038961039,0.5
22022,203944,22200135,2022-11-05,NYK vs. BOS,L,40,10,19,0.526,3,7,0.429,6,6,1.0,5,4,9,2,0,0,3,3,29,-8,1,Julius Randle,2022-23,40,17.8,18.88888888888889,9.2,9.0,3.6,3.3333333333333335,0.4012,0.4311111111111111,0.1258,0.2056666666666666,-6.6,-1.8888888888888888,9,0,-1.0888888888888886,5.600099205470482,171.0,0.0,0.0,31.0,0.11688311688311688,0.4444444444444444
22022,203944,22200153,2022-11-07,NYK @ MIN,W,33,9,16,0.563,8,13,0.615,5,6,0.833,2,6,8,3,0,0,5,5,31,4,1,Julius Randle,2022-23,33,21.2,20.1,8.4,8.9,3.8,3.3,0.4538,0.4443,0.2488,0.2466,-3.0,-1.3,10,1,1.0999999999999979,6.522610247779983,173.0,0.0,0.0,24.0,0.12987012987012986,0.5
22022,203944,22200164,2022-11-09,NYK @ BKN,L,31,7,15,0.467,4,8,0.5,6,9,0.667,1,10,11,3,0,0,4,1,24,-29,1,Julius Randle,2022-23,31,23.0,20.1,8.8,8.9,3.0,3.0,0.4702,0.4347,0.3488,0.2633,-7.2,-4.9,11,0,2.8999999999999986,6.522610247779983,171.0,0.0,0.0,21.0,0.14285714285714285,0.5
22022,203944,22200178,2022-11-11,NYK vs. DET,W,33,8,18,0.444,0,7,0.0,5,5,1.0,4,4,8,5,0,0,2,5,21,13,1,Julius Randle,2022-23,33,24.4,20.7,9.2,9.1,3.6,3.5,0.4923999999999999,0.4374,0.3488,0.1966,-2.6,-3.5,12,1,3.6999999999999993,6.272515001532038,174.0,1.0,0.0,25.0,0.15584415584415584,0.5
22022,203944,22200192,2022-11-13,NYK vs. OKC,L,33,7,14,0.5,3,6,0.5,8,10,0.8,3,7,10,3,0,0,2,3,25,-10,1,Julius Randle,2022-23,33,26.0,20.7,9.2,8.9,3.2,3.4,0.5,0.4348000000000001,0.4088,0.2244,-6.0,-4.9,13,0,5.300000000000001,6.272515001532038,170.0,1.0,0.0,15.0,0.16883116883116883,0.4
22022,203944,22200208,2022-11-15,NYK @ UTA,W,31,5,11,0.455,2,6,0.333,3,3,1.0,1,4,5,1,0,1,4,2,15,-12,1,Julius Randle,2022-23,31,23.2,20.5,8.4,8.8,3.0,3.3,0.4857999999999999,0.4434999999999999,0.3896,0.2577,-6.8,-6.7,14,1,2.6999999999999993,6.433419688539595,161.0,0.0,0.0,34.0,0.18181818181818182,0.4
22022,203944,22200219,2022-11-16,NYK @ DEN,W,32,11,21,0.524,3,10,0.3,9,13,0.692,3,8,11,4,4,0,3,3,34,7,1,Julius Randle,2022-23,32,23.8,22.5,9.0,8.7,3.2,3.5,0.478,0.4659000000000001,0.3266,0.2876999999999999,-6.2,-4.6,15,1,1.3000000000000007,7.24568837309472,160.0,0.0,0.0,20.0,0.19480519480519481,0.5
22022,203944,22200233,2022-11-18,NYK @ GSW,L,30,7,15,0.467,3,7,0.429,3,4,0.75,4,3,7,2,0,0,4,3,20,-17,1,Julius Randle,2022-23,30,23.0,23.0,8.2,8.5,3.0,3.0,0.478,0.4741000000000001,0.3124,0.3306,-3.8,-5.5,16,0,0.0,6.831300510639733,159.0,0.0,0.0,9.0,0.2077922077922078,0.5
22022,203944,22200240,2022-11-20,NYK @ PHX,L,27,4,11,0.364,1,4,0.25,0,0,0.0,1,5,6,2,1,0,3,1,9,-6,1,Julius Randle,2022-23,27,20.6,22.5,7.8,8.5,2.4,3.0,0.462,0.4772,0.3624,0.3556,-7.6,-5.1,17,0,-1.8999999999999986,7.691987172809552,153.0,0.0,0.0,25.0,0.22077922077922077,0.5
22022,203944,22200254,2022-11-21,NYK @ OKC,W,33,9,16,0.563,2,6,0.333,5,6,0.833,1,10,11,1,0,0,2,5,25,8,1,Julius Randle,2022-23,33,20.6,23.3,8.0,8.6,2.0,2.6,0.4746,0.4873,0.329,0.3689,-4.0,-5.0,18,1,-2.6999999999999993,7.469196000165541,153.0,0.0,0.0,23.0,0.23376623376623376,0.5
22022,203944,22200274,2022-11-25,NYK vs. POR,L,39,8,19,0.421,3,8,0.375,4,4,1.0,0,6,6,3,3,0,2,4,23,-17,1,Julius Randle,2022-23,39,22.2,22.7,8.2,8.3,2.4,2.7,0.4678,0.4768,0.3374,0.3635,-5.0,-5.9,19,0,-0.5,7.19644974198312,161.0,0.0,0.0,14.0,0.24675324675324675,0.5
22022,203944,22200296,2022-11-27,NYK vs. MEM,L,35,4,9,0.444,1,5,0.2,5,6,0.833,2,8,10,9,0,0,1,4,14,-2,1,Julius Randle,2022-23,35,18.2,21.0,8.0,8.5,3.4,3.3,0.4518,0.4649,0.3174,0.3219999999999999,-6.8,-6.5,20,0,-2.8000000000000007,7.023769168568495,164.0,0.0,0.0,36.0,0.2597402597402597,0.4
22022,203944,22200309,2022-11-29,NYK @ DET,W,31,14,24,0.583,6,13,0.462,2,4,0.5,1,6,7,5,1,0,3,3,36,36,1,Julius Randle,2022-23,31,21.4,22.2,8.0,8.1,4.0,3.5,0.475,0.4765,0.324,0.3182,3.8,0.0,21,1,-0.8000000000000007,8.469553313683866,165.0,0.0,0.0,18.0,0.2727272727272727,0.5
22022,203944,22200316,2022-11-30,NYK vs. MIL,L,39,8,24,0.333,1,8,0.125,1,1,1.0,3,5,8,5,0,0,1,3,18,-7,1,Julius Randle,2022-23,39,23.2,21.9,8.4,8.1,4.6,3.5,0.4688,0.4654,0.299,0.3307,3.6,-2.0,22,0,1.3000000000000007,8.569325138733701,177.0,0.0,0.0,24.0,0.2857142857142857,0.4
22022,203944,22200337,2022-12-03,NYK vs. DAL,L,30,8,15,0.533,3,8,0.375,5,5,1.0,1,4,5,3,0,0,3,2,24,-11,1,Julius Randle,2022-23,30,23.0,21.8,7.2,7.6,5.0,3.5,0.4628,0.4686999999999999,0.3074,0.3182,-0.2,-2.1,23,0,1.1999999999999993,8.534895690308375,174.0,0.0,0.0,18.0,0.2987012987012987,0.4
22022,203944,22200348,2022-12-04,NYK vs. CLE,W,35,7,19,0.368,1,7,0.143,3,3,1.0,1,8,9,4,0,0,1,0,18,0,1,Julius Randle,2022-23,35,22.0,22.1,7.8,8.0,5.2,3.8,0.4522,0.4600000000000001,0.261,0.2992,3.2,-0.9,24,1,-0.10000000000000142,8.319321553534948,170.0,0.0,0.0,34.0,0.3116883116883117,0.4
22022,203944,22200365,2022-12-07,NYK vs. ATL,W,33,10,19,0.526,6,12,0.5,8,8,1.0,1,16,17,5,1,0,0,3,34,29,1,Julius Randle,2022-23,33,26.0,22.1,9.2,8.6,4.4,3.9,0.4686,0.4602,0.321,0.3192,9.4,1.3,25,1,3.8999999999999986,8.319321553534948,168.0,1.0,0.0,33.0,0.3246753246753247,0.4
22022,203944,22200377,2022-12-09,NYK @ CHA,W,36,9,21,0.429,4,10,0.4,11,14,0.786,1,6,7,2,1,1,2,3,33,17,1,Julius Randle,2022-23,36,25.4,23.4,9.2,8.6,3.8,3.9,0.4378,0.4564,0.3086,0.3163,5.6,4.7,26,1,2.0,8.94675608499776,173.0,0.0,0.0,27.0,0.33766233766233766,0.5
22022,203944,22200397,2022-12-11,NYK vs. SAC,W,27,9,20,0.45,3,11,0.273,6,6,1.0,1,7,8,3,0,0,2,3,27,12,1,Julius Randle,2022-23,27,27.2,25.2,9.2,8.8,3.4,4.0,0.4612,0.465,0.3382,0.3186,9.4,6.5,27,1,2.0,7.405703507732703,161.0,0.0,0.0,31.0,0.35064935064935066,0.6
22022,203944,22200418,2022-12-14,NYK @ CHI,W,46,8,19,0.421,3,7,0.429,12,15,0.8,1,12,13,7,0,0,6,2,31,1,1,Julius Randle,2022-23,46,28.6,25.8,10.8,9.0,4.2,4.6,0.4387999999999999,0.4508,0.349,0.3282,11.8,5.8,28,1,2.8000000000000007,7.6274358586472415,177.0,1.0,0.0,19.0,0.36363636363636365,0.6
22022,203944,22200434,2022-12-16,NYK @ CHI,W,36,6,16,0.375,2,8,0.25,5,7,0.714,2,10,12,4,3,1,2,1,19,21,1,Julius Randle,2022-23,36,28.8,25.4,11.4,9.6,4.2,4.7,0.4402,0.4462,0.3704,0.3157,16.0,9.6,29,1,3.400000000000002,7.890923055426829,178.0,1.0,0.0,25.0,0.37662337662337664,0.7
22022,203944,22200446,2022-12-18,NYK @ IND,W,39,7,17,0.412,2,8,0.25,9,12,0.75,3,11,14,3,0,0,3,4,25,5,1,Julius Randle,2022-23,39,27.0,26.5,10.8,10.0,3.8,4.1,0.4173999999999999,0.4429999999999999,0.3203999999999999,0.3207,11.2,10.3,30,1,0.5,6.8190908484929285,184.0,0.0,0.0,15.0,0.38961038961038963,0.8
22022,203944,22200463,2022-12-20,NYK vs. GSW,W,30,5,12,0.417,1,6,0.167,4,7,0.571,2,10,12,5,0,0,3,2,15,17,1,Julius Randle,2022-23,30,23.4,24.4,11.8,10.5,4.4,4.1,0.415,0.4264,0.2738,0.2912,11.2,8.4,31,1,-1.0,6.801960501698512,178.0,0.0,0.0,30.0,0.4025974025974026,0.8
22022,203944,22200471,2022-12-21,NYK vs. TOR,L,40,13,17,0.765,0,3,0.0,4,9,0.444,2,11,13,4,0,0,2,5,30,7,1,Julius Randle,2022-23,40,24.0,25.6,12.8,11.0,4.6,4.0,0.4779999999999999,0.4695999999999999,0.2192,0.2787,10.2,9.8,32,0,-1.6000000000000014,6.603029607687671,191.0,0.0,0.0,29.0,0.4155844155844156,0.8
22022,203944,22200485,2022-12-23,NYK vs. CHI,L,38,11,22,0.5,5,10,0.5,2,5,0.4,2,10,12,3,1,2,1,2,29,-9,1,Julius Randle,2022-23,38,23.6,26.1,12.6,11.7,3.8,4.0,0.4938,0.4663,0.2334,0.2912,8.2,10.0,33,0,-2.5,6.65749368923638,183.0,0.0,0.0,35.0,0.42857142857142855,0.8
22022,203944,22200493,2022-12-25,NYK vs. PHI,L,40,12,24,0.5,4,9,0.444,7,7,1.0,1,7,8,4,2,1,1,1,35,5,1,Julius Randle,2022-23,40,26.8,27.8,11.8,11.6,3.8,4.0,0.5188,0.4795,0.2722,0.3213,5.0,10.5,34,0,-1.0,6.528569691917382,187.0,0.0,0.0,29.0,0.44155844155844154,0.7
22022,203944,22200512,2022-12-27,NYK @ DAL,L,45,11,23,0.478,5,11,0.455,2,4,0.5,2,16,18,4,0,0,2,5,29,2,1,Julius Randle,2022-23,45,27.6,27.3,12.6,11.7,4.0,3.9,0.532,0.4747,0.3132,0.3168,4.4,7.8,35,0,0.3000000000000007,6.18331087147762,193.0,0.0,0.0,41.0,0.45454545454545453,0.6
22022,203944,22200527,2022-12-29,NYK @ SAS,L,43,14,27,0.519,6,13,0.462,7,11,0.636,3,8,11,7,1,0,4,3,41,-2,1,Julius Randle,2022-23,43,32.8,28.1,12.4,12.1,4.4,4.4,0.5524,0.4837000000000001,0.3722,0.323,0.6,5.9,36,0,4.699999999999996,7.400450436741447,206.0,1.0,0.0,35.0,0.4675324675324675,0.5
22022,203944,22200541,2022-12-31,NYK @ HOU,W,39,9,20,0.45,5,13,0.385,12,16,0.75,4,8,12,6,0,1,1,3,35,25,1,Julius Randle,2022-23,39,33.8,28.9,12.2,12.5,4.8,4.7,0.4894,0.4836999999999999,0.4492,0.3342,4.2,7.2,37,1,4.899999999999999,7.694875639743056,205.0,1.0,0.0,28.0,0.4805194805194805,0.5
22022,203944,22200550,2023-01-02,NYK vs. PHX,W,40,7,18,0.389,4,12,0.333,10,12,0.833,0,16,16,6,1,0,1,3,28,12,1,Julius Randle,2022-23,40,33.6,28.6,13.0,12.8,5.4,4.6,0.4671999999999999,0.4805,0.4158,0.3246,8.4,8.3,38,1,5.0,7.6623176070371235,207.0,1.0,0.0,25.0,0.4935064935064935,0.5
22022,203944,22200568,2023-01-04,NYK vs. SAS,W,41,9,26,0.346,1,8,0.125,6,11,0.545,2,11,13,3,3,4,5,4,25,9,1,Julius Randle,2022-23,41,31.6,29.2,14.0,12.9,5.2,4.5,0.4364,0.4775999999999999,0.352,0.3121,9.2,7.1,39,1,2.400000000000002,7.036413227711339,208.0,1.0,0.0,32.0,0.5064935064935064,0.5
22022,203944,22200582,2023-01-06,NYK @ TOR,W,40,10,22,0.455,6,11,0.545,6,9,0.667,1,10,11,3,0,0,3,3,32,2,1,Julius Randle,2022-23,40,32.2,29.9,12.6,12.6,5.0,4.5,0.4317999999999999,0.4819,0.37,0.3416,9.2,6.8,40,1,2.3000000000000043,6.919376979018976,203.0,0.0,0.0,25.0,0.5194805194805194,0.5
22022,203944,22200607,2023-01-09,NYK vs. MIL,L,40,9,29,0.31,1,12,0.083,6,7,0.857,7,9,16,5,2,0,3,3,25,2,1,Julius Randle,2022-23,40,29.0,30.9,13.6,13.0,4.6,4.5,0.39,0.4711999999999999,0.2942,0.3332,10.0,5.3,41,0,-1.8999999999999986,4.976611966656296,200.0,0.0,0.0,14.0,0.5324675324675324,0.4
22022,203944,22200622,2023-01-11,NYK vs. IND,W,39,5,12,0.417,2,7,0.286,2,4,0.5,3,13,16,4,0,1,6,2,14,9,1,Julius Randle,2022-23,39,24.8,29.3,14.4,13.3,4.2,4.5,0.3833999999999999,0.4364,0.2744,0.3618,6.8,5.5,42,1,-4.5,7.318925239860472,200.0,0.0,0.0,23.0,0.5454545454545454,0.5
22022,203944,22200634,2023-01-13,NYK @ WAS,W,36,8,19,0.421,2,6,0.333,5,8,0.625,3,13,16,1,0,1,3,2,23,12,1,Julius Randle,2022-23,36,23.8,28.7,14.4,13.7,3.2,4.3,0.3898,0.4285,0.2744,0.3451,6.8,7.6,43,1,-4.899999999999999,7.587270040447136,196.0,0.0,0.0,42.0,0.5584415584415584,0.6
22022,203944,22200648,2023-01-15,NYK @ DET,W,40,15,24,0.625,4,7,0.571,8,8,1.0,3,12,15,4,0,1,1,4,42,14,1,Julius Randle,2022-23,40,27.2,29.4,14.8,14.4,3.4,4.3,0.4455999999999999,0.441,0.3636,0.3578,7.8,8.5,44,1,-2.1999999999999993,8.500980335624043,195.0,0.0,0.0,21.0,0.5714285714285714,0.7
22022,203944,22200659,2023-01-16,NYK vs. TOR,L,42,7,20,0.35,1,6,0.167,6,9,0.667,3,12,15,8,1,0,3,3,21,1,1,Julius Randle,2022-23,42,25.0,28.6,15.6,14.1,4.4,4.7,0.4246,0.4282,0.288,0.329,7.6,8.4,45,0,-3.6000000000000014,8.909420731886994,197.0,0.0,0.0,14.0,0.5844155844155844,0.7
22022,203944,22200669,2023-01-18,NYK vs. WAS,L,34,6,17,0.353,0,5,0.0,2,5,0.4,7,8,15,4,1,0,2,5,14,-11,1,Julius Randle,2022-23,34,22.8,25.9,15.4,14.5,4.2,4.4,0.4332,0.4115999999999999,0.2714,0.2828,5.0,7.5,46,0,-3.099999999999998,8.824838682818958,191.0,0.0,1.0,32.0,0.5974025974025974,0.7
22022,203944,22200684,2023-01-20,NYK @ ATL,L,33,11,22,0.5,3,10,0.3,7,9,0.778,1,8,9,6,0,0,3,1,32,-12,1,Julius Randle,2022-23,33,26.4,25.6,14.0,14.2,4.6,4.4,0.4498,0.4165999999999999,0.2742,0.2743,0.8,3.8,47,0,0.7999999999999972,8.527081042837061,185.0,0.0,0.0,23.0,0.6103896103896104,0.6
22022,203944,22200700,2023-01-22,NYK @ TOR,L,37,8,14,0.571,2,6,0.333,5,8,0.625,5,14,19,8,0,0,4,5,23,-4,1,Julius Randle,2022-23,37,26.4,25.1,14.6,14.5,6.0,4.6,0.4798,0.4347999999999999,0.2742,0.2743,-2.4,2.2,48,0,1.2999999999999972,8.517302650748329,186.0,0.0,0.0,36.0,0.6233766233766234,0.5
22022,203944,22200715,2023-01-24,NYK vs. CLE,W,38,11,21,0.524,8,12,0.667,6,7,0.857,4,9,13,4,0,0,5,3,36,-10,1,Julius Randle,2022-23,38,25.2,26.2,14.2,14.5,6.0,4.7,0.4596,0.4526,0.2934,0.3285,-7.2,0.3,49,1,-1.0,9.186947262284685,184.0,0.0,0.0,37.0,0.6363636363636364,0.5
22022,203944,22200730,2023-01-26,NYK @ BOS,W,37,13,25,0.52,5,13,0.385,6,7,0.857,1,8,9,2,0,0,2,5,37,-16,1,Julius Randle,2022-23,37,28.4,26.7,13.0,14.3,4.8,4.6,0.4936,0.4591,0.337,0.3125,-10.6,-1.5,50,1,1.6999999999999993,9.661492868312044,179.0,0.0,0.0,19.0,0.6493506493506493,0.5
22022,203944,22200742,2023-01-28,NYK @ BKN,L,38,7,16,0.438,1,6,0.167,4,6,0.667,2,8,10,8,1,0,3,2,19,6,1,Julius Randle,2022-23,38,29.4,26.1,12.0,13.7,5.6,4.9,0.5105999999999999,0.4719,0.3704,0.3208999999999999,-7.2,-1.1,51,0,3.299999999999997,9.960477453973336,183.0,0.0,0.0,23.0,0.6623376623376623,0.5
22022,203944,22200765,2023-01-31,NYK vs. LAL,L,43,6,19,0.316,2,9,0.222,9,11,0.818,2,10,12,5,0,0,4,4,23,-9,1,Julius Randle,2022-23,43,27.6,27.0,12.6,13.3,5.4,5.0,0.4738,0.4617999999999999,0.3548,0.3145,-6.6,-2.9,52,0,0.6000000000000014,9.11652955411823,193.0,0.0,0.0,23.0,0.6753246753246753,0.4
22022,203944,22200780,2023-02-02,NYK vs. MIA,W,34,8,19,0.421,3,9,0.333,4,5,0.8,1,9,10,6,3,0,7,4,23,14,1,Julius Randle,2022-23,34,27.6,27.0,10.8,12.7,5.0,5.5,0.4438,0.4618,0.3548,0.3145,-3.0,-2.7,53,1,0.6000000000000014,9.11652955411823,190.0,0.0,0.0,28.0,0.6883116883116883,0.4
22022,203944,22200795,2023-02-04,NYK vs. LAC,L,41,10,18,0.556,2,6,0.333,6,8,0.75,0,11,11,7,1,0,5,5,28,-11,1,Julius Randle,2022-23,41,26.0,25.6,10.4,12.3,5.6,5.8,0.4502,0.4549,0.288,0.2907,-3.2,-5.2,54,0,0.3999999999999986,7.486283753935894,193.0,0.0,0.0,24.0,0.7012987012987013,0.3
22022,203944,22200804,2023-02-05,NYK vs. PHI,W,34,8,19,0.421,1,8,0.125,7,8,0.875,4,5,9,7,0,0,3,2,24,-6,1,Julius Randle,2022-23,34,23.4,25.9,10.4,11.7,6.6,5.7,0.4303999999999999,0.4619999999999999,0.236,0.2865,-1.2,-5.9,55,1,-2.5,7.340148348485734,190.0,0.0,0.0,22.0,0.7142857142857143,0.4
22022,203944,22200816,2023-02-07,NYK @ ORL,W,34,7,15,0.467,4,10,0.4,4,6,0.667,1,13,14,6,0,0,4,2,22,9,1,Julius Randle,2022-23,34,24.0,26.7,11.2,11.6,6.2,5.9,0.4362,0.4734,0.2826,0.3265,-0.6,-3.9,56,1,-2.6999999999999993,6.254775952999617,186.0,0.0,0.0,30.0,0.7272727272727273,0.5
22022,203944,22200837,2023-02-10,NYK @ PHI,L,37,11,20,0.55,5,11,0.455,3,3,1.0,0,10,10,3,0,0,3,1,30,-6,1,Julius Randle,2022-23,37,25.4,26.5,10.8,11.7,5.8,5.6,0.483,0.4784,0.3292,0.342,0.0,-3.3,57,0,-1.1000000000000014,6.096447052723965,180.0,0.0,0.0,31.0,0.7402597402597403,0.5
22022,203944,22200851,2023-02-11,NYK vs. UTA,W,39,12,26,0.462,3,11,0.273,4,5,0.8,1,5,6,2,0,0,1,2,31,4,1,Julius Randle,2022-23,39,27.0,27.3,10.0,10.4,5.0,5.0,0.4911999999999999,0.4674999999999999,0.3172,0.336,-2.0,-2.5,58,1,-0.3000000000000007,6.111010100175296,185.0,0.0,0.0,18.0,0.7532467532467533,0.6
22022,203944,22200862,2023-02-13,NYK vs. BKN,W,32,7,17,0.412,1,6,0.167,3,3,1.0,0,10,10,4,1,1,1,1,18,14,1,Julius Randle,2022-23,32,25.0,25.5,9.8,10.1,4.4,5.0,0.4624,0.4563,0.284,0.286,3.0,-0.1,59,1,-0.5,5.911382616989408,176.0,0.0,0.0,25.0,0.7662337662337663,0.6
22022,203944,22200876,2023-02-15,NYK @ ATL,W,35,9,19,0.474,3,8,0.375,4,5,0.8,3,8,11,2,0,0,3,4,25,20,1,Julius Randle,2022-23,35,25.2,24.3,10.2,10.3,3.4,5.0,0.473,0.4516999999999999,0.3339999999999999,0.285,8.2,3.5,60,1,0.8999999999999986,4.321779468896799,177.0,0.0,0.0,46.0,0.7792207792207793,0.6
22022,203944,22200895,2023-02-24,NYK @ WAS,W,36,16,29,0.552,7,14,0.5,7,7,1.0,0,2,2,2,2,0,1,1,46,8,1,Julius Randle,2022-23,36,30.0,27.0,7.8,9.5,2.6,4.4,0.49,0.4631,0.354,0.3183,8.0,3.7,61,1,3.0,7.731609003162138,179.0,0.0,0.0,28.0,0.7922077922077922,0.7
22022,203944,22200906,2023-02-25,NYK vs. NOP,W,33,11,20,0.55,5,10,0.5,1,1,1.0,1,6,7,5,0,0,2,1,28,26,1,Julius Randle,2022-23,33,29.6,27.5,7.2,9.0,3.0,4.4,0.49,0.4865,0.363,0.3461,14.4,7.2,62,1,2.1000000000000014,7.604823031033225,175.0,0.0,0.0,23.0,0.8051948051948052,0.8
22022,203944,22200921,2023-02-27,NYK vs. BOS,W,36,7,16,0.438,3,9,0.333,6,9,0.667,1,6,7,4,0,0,1,2,23,8,1,Julius Randle,2022-23,36,28.0,27.5,7.4,8.7,3.4,4.2,0.4852,0.4881999999999999,0.375,0.3461,15.2,6.6,63,1,0.5,7.604823031033225,172.0,0.0,0.0,21.0,0.8181818181818182,0.8
22022,203944,22200937,2023-03-01,NYK vs. BKN,W,35,7,15,0.467,4,8,0.5,3,5,0.6,0,8,8,8,0,0,4,3,21,27,1,Julius Randle,2022-23,35,28.6,26.8,7.0,8.4,4.2,4.3,0.4962,0.4793,0.4416,0.3628,17.8,10.4,64,1,1.8000000000000007,7.871185143010906,175.0,0.0,0.0,43.0,0.8311688311688312,0.9
22022,203944,22200949,2023-03-03,NYK @ MIA,W,36,16,25,0.64,8,13,0.615,3,4,0.75,0,9,9,3,0,1,3,2,43,1,1,Julius Randle,2022-23,36,32.2,28.7,6.6,8.4,4.4,3.9,0.5294,0.5012000000000001,0.4896,0.4118,14.0,11.1,65,1,3.5000000000000036,9.28619046398109,176.0,1.0,0.0,31.0,0.8441558441558441,0.9
22022,203944,22200969,2023-03-05,NYK @ BOS,W,47,11,22,0.5,5,13,0.385,4,4,1.0,2,7,9,4,1,0,7,5,31,-8,1,Julius Randle,2022-23,47,29.2,29.6,8.0,7.9,4.8,3.7,0.5189999999999999,0.5045,0.4666,0.4103,10.8,9.4,66,1,-0.40000000000000213,8.99629553390357,187.0,0.0,0.0,16.0,0.8571428571428571,0.9
22022,203944,22200979,2023-03-07,NYK vs. CHA,L,35,5,17,0.294,2,9,0.222,4,6,0.667,1,7,8,3,0,0,2,4,16,-20,1,Julius Randle,2022-23,35,26.8,28.2,8.2,7.7,4.4,3.7,0.4678,0.4789,0.411,0.387,1.6,8.0,67,0,-1.3999999999999986,9.964381008817803,189.0,0.0,0.0,23.0,0.8701298701298701,0.9
22022,203944,22200997,2023-03-09,NYK @ SAC,L,36,8,22,0.364,2,12,0.167,5,9,0.556,1,9,10,5,2,0,4,5,23,-4,1,Julius Randle,2022-23,36,26.8,27.4,8.8,8.1,4.6,4.0,0.453,0.4691000000000001,0.3778,0.3763999999999999,-0.8,7.2,68,0,-0.5999999999999979,10.035492569431316,189.0,0.0,0.0,19.0,0.8831168831168831,0.8
22022,203944,22201004,2023-03-11,NYK @ LAC,L,35,5,24,0.208,3,10,0.3,6,8,0.75,1,7,8,3,0,0,2,5,19,-8,1,Julius Randle,2022-23,35,26.4,27.5,8.8,7.9,3.6,3.9,0.4011999999999999,0.4486999999999999,0.3378,0.3897,-7.8,5.0,69,0,-1.1000000000000014,9.935905707192589,189.0,0.0,0.0,33.0,0.8961038961038961,0.7
22022,203944,22201019,2023-03-12,NYK @ LAL,W,36,11,24,0.458,3,12,0.25,8,11,0.727,1,7,8,5,1,0,3,2,33,-1,1,Julius Randle,2022-23,36,24.4,28.3,8.6,7.6,4.0,4.2,0.3647999999999999,0.4471,0.2648,0.3772,-8.2,2.9,70,1,-3.900000000000002,10.033831659828552,189.0,0.0,0.0,24.0,0.9090909090909091,0.7
22022,203944,22201034,2023-03-14,NYK @ POR,W,34,8,20,0.4,0,5,0.0,8,10,0.8,1,9,10,4,0,0,2,3,24,8,1,Julius Randle,2022-23,34,23.0,26.1,8.8,8.4,4.0,4.4,0.3447999999999999,0.4319,0.1878,0.3272,-5.0,2.9,71,1,-3.1000000000000014,7.908504564356306,176.0,0.0,0.0,20.0,0.922077922077922,0.7
22022,203944,22201055,2023-03-18,NYK vs. DEN,W,36,6,15,0.4,1,6,0.167,7,7,1.0,0,7,7,4,1,0,3,2,20,5,1,Julius Randle,2022-23,36,23.8,25.3,8.6,8.4,4.2,4.3,0.366,0.4169,0.1768,0.2939,0.0,0.8,72,1,-1.5,8.097324661063478,177.0,0.0,0.0,57.0,0.935064935064935,0.7
22022,203944,22201073,2023-03-20,NYK vs. MIN,L,37,19,29,0.655,8,14,0.571,11,13,0.846,0,4,4,1,0,0,4,4,57,-6,1,Julius Randle,2022-23,37,30.6,28.7,7.4,8.1,3.4,4.0,0.4242,0.4386,0.2575999999999999,0.3177,-0.4,-0.6,73,0,1.9000000000000021,12.798003316489995,178.0,0.0,0.0,15.0,0.948051948051948,0.6
22022,203944,22201084,2023-03-22,NYK @ MIA,L,36,7,16,0.438,1,5,0.2,0,1,0.0,0,6,6,9,1,0,4,5,15,-6,1,Julius Randle,2022-23,36,29.8,28.1,7.0,7.9,4.6,4.1,0.4702,0.4357,0.2375999999999999,0.2876999999999999,0.0,-3.9,74,0,1.6999999999999993,13.328749211968676,179.0,0.0,0.0,23.0,0.961038961038961,0.5
22022,203944,22201093,2023-03-23,NYK @ ORL,L,36,7,20,0.35,2,9,0.222,7,10,0.7,0,9,9,4,0,2,1,4,23,20,1,Julius Randle,2022-23,36,27.8,26.1,7.2,7.9,4.4,4.2,0.4486,0.4067,0.2319999999999999,0.2484,4.2,-2.0,75,0,1.6999999999999993,12.305825178887169,179.0,0.0,0.0,26.0,0.974025974025974,0.4
22022,203944,22201124,2023-03-27,NYK vs. HOU,W,28,10,19,0.526,3,8,0.375,3,3,1.0,0,4,4,3,1,0,1,0,26,11,1,Julius Randle,2022-23,28,28.2,25.6,6.0,7.4,4.2,4.1,0.4738,0.4093,0.307,0.2474,4.8,-0.1,76,1,2.599999999999998,12.185601704014823,173.0,0.0,0.0,3.0,0.987012987012987,0.4
22022,203944,22201138,2023-03-29,NYK vs. MIA,W,15,1,5,0.2,0,2,0.0,1,2,0.5,2,3,5,1,0,0,2,1,3,-3,1,Julius Randle,2022-23,15,24.8,24.3,5.6,7.1,3.6,3.9,0.4338,0.3999,0.2735999999999999,0.2251999999999999,3.2,1.6,77,1,0.5,13.896842167277512,152.0,0.0,0.0,14.0,1.0,0.5
22023,203944,22300065,2023-10-25,NYK vs. BOS,L,34,5,22,0.227,3,8,0.375,1,5,0.2,4,7,11,7,2,0,0,3,14,-13,1,Julius Randle,2023-24,34,16.2,23.4,7.0,7.2,4.8,4.1,0.3482,0.3862,0.2344,0.246,1.8,0.7,1,0,-7.199999999999999,14.276632033579292,149.0,0.0,1.0,17.0,0.021739130434782608,0.5
22023,203944,22300079,2023-10-27,NYK @ ATL,W,34,4,10,0.4,3,7,0.429,6,8,0.75,2,10,12,9,0,0,3,3,17,7,1,Julius Randle,2023-24,34,16.6,23.2,8.2,7.6,4.8,4.7,0.3406,0.4054,0.2802,0.2589,4.4,2.2,2,1,-6.599999999999998,14.358891941155415,147.0,0.0,1.0,10.0,0.043478260869565216,0.6
22023,203944,22300090,2023-10-28,NYK @ NOP,L,34,4,15,0.267,0,5,0.0,2,2,1.0,0,12,12,4,0,0,8,4,10,-11,1,Julius Randle,2023-24,34,14.0,20.9,8.8,8.0,4.8,4.6,0.324,0.3863,0.2358,0.2339,-1.8,1.2,3,0,-6.899999999999999,14.456448003880107,145.0,0.0,1.0,19.0,0.06521739130434782,0.5
22023,203944,22300112,2023-10-31,NYK @ CLE,W,31,5,14,0.357,2,5,0.4,7,10,0.7,3,7,10,2,1,0,1,1,19,18,1,Julius Randle,2023-24,31,12.6,20.4,10.0,8.0,4.6,4.4,0.2902,0.382,0.2408,0.2739,-0.4,2.2,4,1,-7.799999999999999,14.42374585343366,148.0,0.0,1.0,6.0,0.08695652173913043,0.5
22023,203944,22300120,2023-11-01,NYK vs. CLE,L,35,3,15,0.2,0,6,0.0,0,0,0.0,0,6,6,4,1,0,3,2,6,-4,1,Julius Randle,2023-24,35,13.2,19.0,10.2,7.9,5.2,4.4,0.2902,0.362,0.2408,0.2572,-0.6,1.3,5,0,-5.800000000000001,15.129074290546967,168.0,0.0,1.0,16.0,0.10869565217391304,0.4
22023,203944,22300002,2023-11-03,NYK @ MIL,L,39,5,20,0.25,1,9,0.111,5,9,0.556,4,8,12,5,2,0,1,4,16,-5,1,Julius Randle,2023-24,39,13.6,14.9,10.4,8.7,4.8,4.8,0.2948,0.3215,0.188,0.2112,1.0,1.4,6,0,-1.3000000000000007,7.125073099040253,173.0,0.0,1.0,27.0,0.13043478260869565,0.4
22023,203944,22300151,2023-11-06,NYK vs. LAC,W,37,9,21,0.429,3,8,0.375,6,6,1.0,2,8,10,3,0,0,6,3,27,2,1,Julius Randle,2023-24,37,15.6,16.1,10.0,9.1,3.6,4.2,0.3006,0.3206,0.1772,0.2287,0.0,2.2,7,1,-0.5000000000000018,8.089087299153947,176.0,0.0,1.0,23.0,0.15217391304347827,0.5
22023,203944,22300161,2023-11-08,NYK vs. SAS,W,31,8,19,0.421,2,6,0.333,5,8,0.625,4,12,16,5,1,0,2,1,23,31,1,Julius Randle,2023-24,31,18.2,16.1,10.8,9.8,3.8,4.3,0.3314,0.3277,0.2438,0.2398,8.4,3.3,8,1,2.099999999999998,8.089087299153947,173.0,0.0,0.0,23.0,0.17391304347826086,0.6
22023,203944,22300177,2023-11-12,NYK vs. CHA,W,27,8,16,0.5,1,4,0.25,6,8,0.75,1,4,5,5,3,0,3,1,23,8,1,Julius Randle,2023-24,27,19.0,15.8,9.8,9.9,4.4,4.5,0.36,0.3251,0.2138,0.2273,6.4,3.0,9,1,3.1999999999999993,7.728734264634391,169.0,0.0,0.0,25.0,0.1956521739130435,0.6
22023,203944,22300188,2023-11-13,NYK @ BOS,L,38,7,19,0.368,2,8,0.25,9,11,0.818,3,6,9,5,0,0,3,4,25,-10,1,Julius Randle,2023-24,38,22.8,18.0,10.4,10.3,4.6,4.9,0.3936,0.3419,0.2638,0.2523,5.2,2.3,10,0,4.800000000000001,6.749485577105552,172.0,0.0,0.0,29.0,0.21739130434782608,0.5
22023,203944,22300193,2023-11-15,NYK @ ATL,W,39,12,24,0.5,3,5,0.6,2,2,1.0,2,8,10,8,1,0,1,4,29,12,1,Julius Randle,2023-24,39,25.4,19.5,10.0,10.2,5.2,5.0,0.4436,0.3692,0.3616,0.2748,8.6,4.8,11,1,5.899999999999999,7.3974470070574005,172.0,1.0,0.0,22.0,0.2391304347826087,0.6
22023,203944,22300028,2023-11-17,NYK @ WAS,W,35,9,18,0.5,1,5,0.2,3,6,0.5,1,6,7,8,1,2,6,3,22,15,1,Julius Randle,2023-24,35,24.4,20.0,9.4,9.7,6.2,4.9,0.4577999999999999,0.3792,0.3266,0.2519,11.2,5.6,12,1,4.399999999999999,7.378647873726236,170.0,0.0,0.0,21.0,0.2608695652173913,0.6
22023,203944,22300202,2023-11-18,NYK @ CHA,W,38,8,17,0.471,2,5,0.4,3,7,0.429,0,6,6,8,0,0,4,4,21,9,1,Julius Randle,2023-24,38,24.0,21.1,7.4,9.1,6.8,5.3,0.4678,0.3996,0.3399999999999999,0.2919,6.8,7.6,13,1,2.8999999999999986,6.488451279003352,177.0,0.0,0.0,21.0,0.2826086956521739,0.7
22023,203944,22300221,2023-11-20,NYK @ MIN,L,34,6,16,0.375,1,6,0.167,8,12,0.667,3,11,14,1,0,0,2,2,21,-12,1,Julius Randle,2023-24,34,23.6,21.3,9.2,9.5,6.0,5.2,0.4427999999999999,0.4014,0.3234,0.2686,2.8,4.6,14,0,2.3000000000000007,6.44722162382114,184.0,0.0,0.0,13.0,0.30434782608695654,0.6
22023,203944,22300045,2023-11-24,NYK vs. MIA,W,35,5,12,0.417,1,4,0.25,2,2,1.0,0,8,8,7,0,0,6,0,13,-8,1,Julius Randle,2023-24,35,21.2,22.0,9.0,9.7,6.4,5.5,0.4526,0.4231,0.3234,0.2935999999999999,3.2,4.2,15,1,-0.8000000000000007,4.760952285695257,181.0,0.0,0.0,28.0,0.32608695652173914,0.7
22023,203944,22300247,2023-11-26,NYK vs. PHX,L,36,10,21,0.476,1,4,0.25,7,8,0.875,3,2,5,2,0,0,2,2,28,-9,1,Julius Randle,2023-24,36,21.0,23.2,8.0,9.0,5.2,5.2,0.4478,0.4457,0.2533999999999999,0.3075,-1.0,3.8,16,0,-2.1999999999999993,4.589843860815624,178.0,0.0,0.0,25.0,0.34782608695652173,0.7
22023,203944,22300057,2023-11-28,NYK vs. CHA,W,34,8,15,0.533,2,7,0.286,7,8,0.875,4,16,20,5,2,0,4,2,25,27,1,Julius Randle,2023-24,34,21.6,23.0,10.6,10.0,4.6,5.4,0.4544,0.4561,0.2706,0.2986,1.4,6.3,17,1,-1.3999999999999986,4.447221354708801,177.0,0.0,0.0,29.0,0.3695652173913043,0.7
22023,203944,22300268,2023-11-30,NYK vs. DET,W,38,12,21,0.571,2,5,0.4,3,6,0.5,2,8,10,8,0,1,3,3,29,11,1,Julius Randle,2023-24,38,23.2,23.6,11.4,9.4,4.6,5.7,0.4744,0.4711,0.2706,0.3053,1.8,4.3,18,1,-0.40000000000000213,4.835057163858353,177.0,1.0,0.0,20.0,0.391304347826087,0.7
22023,203944,22300276,2023-12-01,NYK @ TOR,W,35,8,15,0.533,1,4,0.25,3,3,1.0,2,8,10,9,0,0,2,3,20,15,1,Julius Randle,2023-24,35,23.0,23.3,10.6,9.9,6.2,6.1,0.506,0.4744,0.2872,0.3053,7.2,5.0,19,1,-0.3000000000000007,4.967673276069792,178.0,1.0,0.0,41.0,0.41304347826086957,0.7
22023,203944,22301201,2023-12-05,NYK @ MIL,L,37,14,19,0.737,2,2,1.0,11,12,0.917,3,3,6,5,0,0,4,3,41,-21,1,Julius Randle,2023-24,37,28.6,24.9,10.2,9.6,5.8,6.1,0.5700000000000001,0.5113,0.4372,0.3802999999999999,4.6,3.9,20,0,3.700000000000003,7.504813270310089,180.0,1.0,0.0,20.0,0.43478260869565216,0.7
22023,203944,22301227,2023-12-08,NYK @ BOS,L,34,7,15,0.467,3,4,0.75,3,4,0.75,1,4,5,3,1,1,6,2,20,-18,1,Julius Randle,2023-24,34,27.0,24.0,10.2,9.1,6.0,5.6,0.5682,0.508,0.5372,0.3953,2.8,0.9,21,0,3.0,7.498147919468008,178.0,1.0,0.0,34.0,0.45652173913043476,0.6
22023,203944,22300297,2023-12-11,NYK vs. TOR,W,35,14,21,0.667,1,3,0.333,5,7,0.714,3,5,8,5,0,0,3,1,34,-1,1,Julius Randle,2023-24,35,28.8,25.2,7.8,9.2,6.0,5.3,0.595,0.5246999999999999,0.5466,0.4086,-2.8,-0.7,22,1,3.6000000000000014,8.080154013933711,179.0,1.0,0.0,32.0,0.4782608695652174,0.6
22023,203944,22300318,2023-12-13,NYK @ UTA,L,39,14,23,0.609,2,6,0.333,2,2,1.0,3,9,12,6,1,1,2,4,32,13,1,Julius Randle,2023-24,39,29.4,26.3,8.2,9.8,5.6,5.1,0.6026,0.5385,0.5332,0.4019,-2.4,-0.3,23,0,3.099999999999998,8.192815280611569,180.0,1.0,0.0,23.0,0.5,0.5
22023,203944,22300333,2023-12-15,NYK @ PHX,W,35,10,16,0.625,1,3,0.333,2,2,1.0,1,7,8,6,0,1,5,4,23,4,1,Julius Randle,2023-24,35,30.0,26.5,7.8,9.2,5.0,5.6,0.6210000000000001,0.5635,0.5498000000000001,0.4185,-4.6,1.3,24,1,3.5,8.072587358874902,180.0,1.0,0.0,22.0,0.5217391304347826,0.6
22023,203944,22300343,2023-12-16,NYK @ LAC,L,31,8,17,0.471,0,3,0.0,6,6,1.0,2,2,4,3,0,0,3,3,22,-20,1,Julius Randle,2023-24,31,26.2,27.4,7.4,8.8,4.6,5.2,0.5678,0.5689,0.3498,0.3935,-4.4,0.1,25,0,-1.1999999999999993,6.8019605016985265,174.0,0.0,0.0,27.0,0.5434782608695652,0.5
22023,203944,22300359,2023-12-18,NYK @ LAL,W,43,12,22,0.545,1,4,0.25,2,2,1.0,1,13,14,3,0,0,2,3,27,17,1,Julius Randle,2023-24,43,27.6,27.3,9.2,9.7,4.6,5.3,0.5833999999999999,0.5758,0.2498,0.3935,2.6,2.7,26,1,0.3000000000000007,6.799509786251766,183.0,0.0,0.0,26.0,0.5652173913043478,0.6
22023,203944,22300368,2023-12-20,NYK @ BKN,W,34,9,20,0.45,0,4,0.0,8,9,0.889,2,5,7,4,0,0,1,3,26,27,1,Julius Randle,2023-24,34,26.0,27.4,9.0,8.4,4.4,5.2,0.54,0.5675,0.1832,0.3649,8.2,2.7,27,1,-1.3999999999999986,6.769211344183488,182.0,0.0,0.0,26.0,0.5869565217391305,0.6
22023,203944,22300388,2023-12-23,NYK vs. MIL,L,34,8,17,0.471,0,2,0.0,10,10,1.0,1,7,8,1,1,0,3,3,26,-3,1,Julius Randle,2023-24,34,24.8,27.1,8.2,8.2,3.4,4.5,0.5124000000000001,0.5575,0.1166,0.3249,5.0,1.3,28,0,-2.3000000000000007,6.7568894881857995,177.0,0.0,0.0,24.0,0.6086956521739131,0.5
22023,203944,22300401,2023-12-25,NYK vs. MIL,W,41,8,17,0.471,2,5,0.4,6,6,1.0,1,8,9,2,1,0,4,3,24,6,1,Julius Randle,2023-24,41,25.0,27.5,8.4,8.1,2.6,3.8,0.4816,0.5513,0.13,0.3399,5.4,0.4,29,1,-2.5,6.398784606817505,183.0,0.0,0.0,25.0,0.6304347826086957,0.5
22023,203944,22300419,2023-12-27,NYK @ OKC,L,36,7,15,0.467,1,4,0.25,10,13,0.769,1,8,9,2,0,0,3,3,25,-12,1,Julius Randle,2023-24,36,25.6,25.9,9.4,8.4,2.4,3.5,0.4808,0.5243,0.18,0.2649,7.0,1.3,30,0,-0.29999999999999716,4.306326095924998,188.0,0.0,0.0,38.0,0.6521739130434783,0.5
22023,203944,22300429,2023-12-29,NYK @ ORL,L,36,16,25,0.64,0,4,0.0,6,8,0.75,3,9,12,6,0,1,5,5,38,0,1,Julius Randle,2023-24,36,27.8,27.7,9.0,9.1,3.0,3.8,0.4998,0.5416000000000001,0.13,0.1899,3.6,3.1,31,0,0.10000000000000142,5.229191567005806,181.0,0.0,0.0,28.0,0.6739130434782609,0.5
22023,203944,22300441,2023-12-30,NYK @ IND,L,39,9,22,0.409,1,5,0.2,9,13,0.692,6,6,12,4,0,0,5,1,28,-6,1,Julius Randle,2023-24,39,28.2,27.1,10.0,9.5,3.0,3.7,0.4915999999999999,0.5158,0.17,0.1766,-3.0,2.6,32,0,1.0999999999999979,4.748099034818528,186.0,0.0,0.0,39.0,0.6956521739130435,0.4
22023,203944,22300451,2024-01-01,NYK vs. MIN,W,36,14,24,0.583,2,6,0.333,9,13,0.692,3,6,9,0,0,0,6,5,39,2,1,Julius Randle,2023-24,36,30.8,27.8,10.2,9.2,2.8,3.1,0.514,0.5132,0.2366,0.1766,-2.0,1.5,33,1,3.0,5.921711464320671,188.0,0.0,0.0,35.0,0.717391304347826,0.5
22023,203944,22300468,2024-01-03,NYK vs. CHI,W,39,13,23,0.565,3,7,0.429,6,7,0.857,0,6,6,4,2,1,3,3,35,13,1,Julius Randle,2023-24,39,33.0,29.0,9.6,9.0,3.2,2.9,0.5327999999999999,0.5072,0.2424,0.1862,-0.6,2.4,34,1,4.0,6.0553007081949985,186.0,1.0,0.0,8.0,0.7391304347826086,0.5
22023,203944,22300483,2024-01-05,NYK @ PHI,W,30,1,11,0.091,0,3,0.0,6,6,1.0,0,7,7,5,1,1,4,3,8,13,1,Julius Randle,2023-24,30,29.6,27.6,9.2,9.3,3.8,3.1,0.4576,0.4692,0.1924,0.1862,4.4,5.7,35,1,2.0,8.834276679187983,180.0,0.0,0.0,39.0,0.7608695652173914,0.6
22023,203944,22300494,2024-01-06,NYK @ WAS,W,38,13,23,0.565,3,8,0.375,10,13,0.769,3,4,7,5,1,0,2,2,39,24,1,Julius Randle,2023-24,38,29.8,28.8,8.2,8.6,3.6,3.3,0.4426,0.4711999999999999,0.2673999999999999,0.1987,9.2,6.4,36,1,1.0,9.53123520035282,182.0,0.0,0.0,20.0,0.782608695652174,0.6
22023,203944,22300514,2024-01-09,NYK vs. POR,W,32,7,17,0.412,2,4,0.5,4,4,1.0,0,7,7,8,0,1,2,1,20,31,1,Julius Randle,2023-24,32,28.2,28.2,7.2,8.6,4.4,3.7,0.4431999999999999,0.4673999999999999,0.3274,0.2487,16.6,6.8,37,1,0.0,9.908470001860932,175.0,0.0,0.0,32.0,0.8043478260869565,0.6
22023,203944,22300530,2024-01-11,NYK @ DAL,L,37,12,23,0.522,2,7,0.286,6,7,0.857,1,5,6,5,2,0,4,3,32,-1,1,Julius Randle,2023-24,37,26.8,28.8,6.6,8.4,5.4,4.1,0.4309999999999999,0.4725,0.3179999999999999,0.2773,16.0,7.0,38,0,-2.0,9.942054337230543,176.0,0.0,0.0,24.0,0.8260869565217391,0.6
22023,203944,22300544,2024-01-13,NYK @ MEM,W,36,9,21,0.429,1,6,0.167,5,6,0.833,5,6,11,5,0,1,6,2,24,10,1,Julius Randle,2023-24,36,24.6,28.8,7.6,8.6,5.6,4.4,0.4037999999999999,0.4683,0.2656,0.254,15.4,7.4,39,1,-4.199999999999999,9.942054337230543,173.0,0.0,0.0,15.0,0.8478260869565217,0.6
22023,203944,22300557,2024-01-15,NYK vs. ORL,L,38,5,18,0.278,2,9,0.222,3,5,0.6,1,5,6,5,0,0,0,3,15,2,1,Julius Randle,2023-24,38,26.0,27.8,7.4,8.3,5.6,4.7,0.4412,0.4493999999999999,0.31,0.2512,13.2,8.8,40,0,-1.8000000000000007,10.829999487021643,181.0,0.0,0.0,31.0,0.8695652173913043,0.6
22023,203944,22300573,2024-01-17,NYK vs. HOU,W,34,11,19,0.579,4,8,0.5,5,6,0.833,2,6,8,4,0,1,4,4,31,15,1,Julius Randle,2023-24,34,24.4,27.1,7.6,7.9,5.4,4.5,0.4439999999999999,0.4432999999999999,0.335,0.3012,11.4,10.3,41,1,-2.700000000000003,10.311266761277317,177.0,0.0,0.0,21.0,0.8913043478260869,0.7
22023,203944,22300579,2024-01-18,NYK vs. WAS,W,39,8,17,0.471,3,8,0.375,2,4,0.5,1,7,8,5,0,0,5,2,21,1,1,Julius Randle,2023-24,39,24.6,26.4,7.8,7.5,4.8,4.6,0.4558,0.4495,0.31,0.3187,5.4,11.0,42,1,-1.7999999999999972,10.479609831583542,184.0,0.0,0.0,18.0,0.9130434782608695,0.8
22023,203944,22300596,2024-01-20,NYK vs. TOR,W,32,7,13,0.538,3,7,0.429,1,2,0.5,7,9,16,10,0,0,7,3,18,16,1,Julius Randle,2023-24,32,21.8,24.3,9.8,8.2,5.8,5.6,0.4589999999999999,0.445,0.3386,0.3283,8.8,12.4,43,1,-2.5,9.753062197188246,179.0,0.0,1.0,30.0,0.9347826086956522,0.8
22023,203944,22300615,2024-01-23,NYK @ BKN,W,37,10,19,0.526,2,2,1.0,8,8,1.0,2,7,9,7,0,0,4,3,30,-3,1,Julius Randle,2023-24,37,23.0,23.8,9.4,8.5,6.2,5.9,0.4784,0.4410999999999999,0.5052,0.3854,6.2,10.8,44,1,-0.8000000000000007,9.259229629582233,180.0,0.0,0.0,17.0,0.9565217391304348,0.8
22023,203944,22300631,2024-01-25,NYK vs. DEN,W,30,7,15,0.467,1,5,0.2,2,2,1.0,3,4,7,8,1,0,2,2,17,25,1,Julius Randle,2023-24,30,23.4,24.7,9.6,8.5,6.8,6.2,0.5162,0.4787,0.5008,0.4054,10.8,12.0,45,1,-1.3000000000000007,7.888810641239497,172.0,0.0,0.0,19.0,0.9782608695652174,0.8
22023,203944,22300643,2024-01-27,NYK vs. MIA,W,32,6,14,0.429,3,4,0.75,4,4,1.0,3,6,9,3,0,0,4,2,19,3,1,Julius Randle,2023-24,32,21.0,22.7,9.8,8.7,6.6,6.0,0.4862,0.4650999999999999,0.5508,0.4429,8.4,9.9,46,1,-1.6999999999999993,6.21914606499783,170.0,0.0,1.0,16.0,1.0,0.8
22024,203944,22400062,2024-10-22,MIN @ LAL,L,34,5,10,0.5,1,3,0.333,5,7,0.714,3,6,9,4,0,0,2,3,16,2,1,Julius Randle,2024-25,34,20.0,22.3,10.0,8.9,6.4,5.6,0.492,0.4739000000000001,0.5424,0.4261999999999999,8.6,7.0,1,0,-2.3000000000000007,6.532823109328615,165.0,0.0,1.0,33.0,0.014492753623188406,0.7
22024,203944,22400076,2024-10-24,MIN @ SAC,W,35,13,17,0.765,5,6,0.833,2,3,0.667,0,5,5,4,0,0,3,3,33,-3,1,Julius Randle,2024-25,35,23.0,22.4,7.8,8.8,5.2,5.5,0.5374,0.4982,0.6232,0.4808999999999999,4.8,6.8,2,1,0.6000000000000014,6.703233050799707,168.0,0.0,0.0,24.0,0.028985507246376812,0.8
22024,203944,22400093,2024-10-26,MIN vs. TOR,W,36,9,16,0.563,1,4,0.25,5,7,0.714,3,6,9,5,0,0,4,2,24,7,1,Julius Randle,2024-25,36,21.8,22.4,7.8,8.6,4.8,5.5,0.5448000000000001,0.5115999999999999,0.4732,0.4891999999999999,6.8,6.5,3,1,-0.5999999999999979,6.703233050799707,167.0,0.0,0.0,20.0,0.043478260869565216,0.8
22024,203944,22400114,2024-10-29,MIN vs. DAL,L,35,7,13,0.538,3,3,1.0,3,4,0.75,2,5,7,7,2,0,3,4,20,-4,1,Julius Randle,2024-25,35,22.4,22.9,7.8,8.7,4.6,5.7,0.5589999999999999,0.5376000000000001,0.6332,0.567,1.0,5.9,4,0,-0.5,6.261877602693246,172.0,0.0,0.0,23.0,0.057971014492753624,0.8
22024,203944,22400139,2024-11-01,MIN vs. DEN,W,37,8,13,0.615,2,5,0.4,5,5,1.0,1,5,6,7,0,0,3,3,23,-14,1,Julius Randle,2024-25,37,23.2,22.1,7.2,8.5,5.4,6.0,0.5962,0.5412000000000001,0.5632,0.5569999999999999,-2.4,3.0,5,1,1.0999999999999979,5.586690532964156,177.0,0.0,0.0,21.0,0.07246376811594203,0.8
22024,203944,22400146,2024-11-02,MIN @ SAS,L,30,8,15,0.533,0,3,0.0,5,6,0.833,1,4,5,2,1,0,3,3,21,-11,1,Julius Randle,2024-25,30,24.2,22.1,6.4,8.2,5.0,5.7,0.6028,0.5474,0.4966,0.5195,-5.0,1.8,6,0,2.099999999999998,5.586690532964156,173.0,0.0,0.0,13.0,0.08695652173913043,0.7
22024,203944,22400162,2024-11-04,MIN vs. CHA,W,25,4,10,0.4,1,4,0.25,4,6,0.667,3,1,4,4,2,0,1,1,13,8,1,Julius Randle,2024-25,25,20.2,21.6,6.2,7.0,5.0,5.1,0.5298,0.5336000000000001,0.38,0.5016,-2.8,1.0,7,1,-1.4000000000000021,6.186005711819776,163.0,0.0,0.0,22.0,0.10144927536231885,0.7
22024,203944,22400181,2024-11-07,MIN @ CHI,W,35,8,15,0.533,1,4,0.25,5,5,1.0,2,8,10,3,1,0,4,1,22,21,1,Julius Randle,2024-25,35,19.8,20.8,6.4,7.1,4.6,4.7,0.5237999999999999,0.5343,0.38,0.4266,0.0,3.4,8,1,-1.0,5.452828012447629,162.0,0.0,0.0,22.0,0.11594202898550725,0.7
22024,203944,22400193,2024-11-08,MIN vs. POR,W,32,8,18,0.444,3,6,0.5,3,4,0.75,3,3,6,4,0,1,2,1,22,15,1,Julius Randle,2024-25,32,20.2,21.3,6.2,7.0,4.0,4.3,0.5050000000000001,0.532,0.2800000000000001,0.4566,3.8,2.4,9,1,-1.1000000000000014,5.292552419306901,159.0,0.0,0.0,17.0,0.13043478260869565,0.7
22024,203944,22400206,2024-11-10,MIN vs. MIA,L,36,6,16,0.375,1,6,0.167,4,4,1.0,2,4,6,6,1,0,4,4,17,-2,1,Julius Randle,2024-25,36,19.0,21.1,6.2,6.7,3.8,4.6,0.457,0.5266,0.2334,0.3983,6.2,1.9,10,0,-2.1000000000000014,5.425249610233022,158.0,0.0,0.0,11.0,0.14492753623188406,0.6
22024,203944,22400008,2024-11-12,MIN @ POR,L,29,3,9,0.333,0,3,0.0,5,6,0.833,3,3,6,2,0,0,4,5,11,-6,1,Julius Randle,2024-25,29,17.0,20.6,6.4,6.4,3.8,4.4,0.417,0.5098999999999999,0.2334,0.365,7.2,1.1,11,0,-3.6000000000000014,6.131883886702376,157.0,0.0,1.0,20.0,0.15942028985507245,0.6
22024,203944,22400226,2024-11-13,MIN @ POR,L,37,7,15,0.467,1,3,0.333,5,7,0.714,3,7,10,2,0,0,1,2,20,1,1,Julius Randle,2024-25,37,18.4,19.3,7.6,6.9,3.4,4.2,0.4304,0.4801,0.25,0.315,5.8,1.5,12,0,-0.9000000000000021,4.321779468896813,169.0,0.0,0.0,26.0,0.17391304347826086,0.5
22024,203944,22400020,2024-11-15,MIN @ SAC,W,41,8,20,0.4,2,7,0.286,8,8,1.0,1,3,4,5,1,0,4,1,26,17,1,Julius Randle,2024-25,41,19.2,19.5,6.4,6.4,3.8,4.2,0.4038,0.4638,0.2572,0.3186,5.0,2.5,13,1,-0.3000000000000007,4.600724580614114,175.0,0.0,0.0,35.0,0.18840579710144928,0.5
22024,203944,22400234,2024-11-17,MIN vs. PHX,W,34,11,20,0.55,5,11,0.455,8,9,0.889,1,3,4,7,1,0,3,2,35,16,1,Julius Randle,2024-25,34,21.8,21.0,6.0,6.1,4.4,4.2,0.425,0.465,0.2482,0.2641,5.2,4.5,14,1,0.8000000000000007,6.733003292241403,177.0,0.0,0.0,23.0,0.2028985507246377,0.6
22024,203944,22400261,2024-11-21,MIN @ TOR,L,38,5,12,0.417,1,6,0.167,12,16,0.75,1,8,9,3,2,0,4,2,23,-6,1,Julius Randle,2024-25,38,23.0,21.0,6.6,6.4,3.8,3.8,0.4334,0.4452,0.2482,0.2408,4.4,5.3,15,0,2.0,6.733003292241403,179.0,0.0,0.0,23.0,0.21739130434782608,0.5
22024,203944,22400271,2024-11-24,MIN @ BOS,L,36,7,15,0.467,1,4,0.25,8,13,0.615,2,4,6,2,0,0,0,1,23,-10,1,Julius Randle,2024-25,36,25.4,21.2,6.6,6.5,3.8,3.8,0.4602,0.4386,0.2982,0.2658,3.6,5.4,16,0,4.199999999999999,6.762642481555088,186.0,1.0,0.0,21.0,0.2318840579710145,0.5
22024,203944,22400037,2024-11-26,MIN vs. HOU,L,35,9,18,0.5,0,1,0.0,3,3,1.0,2,4,6,3,1,0,3,5,21,-20,1,Julius Randle,2024-25,35,25.6,22.0,5.8,6.7,4.0,3.7,0.4668,0.4486,0.2316,0.2408,-0.6,2.6,17,0,3.6000000000000014,6.128258770283431,184.0,1.0,0.0,21.0,0.2463768115942029,0.4
22024,203944,22400294,2024-11-27,MIN vs. SAC,L,36,8,14,0.571,1,5,0.2,4,4,1.0,1,8,9,4,2,0,4,4,21,-8,1,Julius Randle,2024-25,36,24.6,21.9,6.8,6.6,3.8,3.8,0.501,0.4524,0.2144,0.2358,-5.6,-0.3,18,0,2.700000000000003,6.136412270664006,179.0,1.0,0.0,11.0,0.2608695652173913,0.3
22024,203944,22400044,2024-11-29,MIN vs. LAC,W,30,4,9,0.444,1,5,0.2,2,2,1.0,0,10,10,4,0,0,3,2,11,-5,1,Julius Randle,2024-25,30,19.8,20.8,8.0,7.0,3.2,3.8,0.4798,0.4524,0.1634,0.2058,-9.8,-2.3,19,1,-1.0,7.036413227711356,175.0,0.0,0.0,18.0,0.2753623188405797,0.3
22024,203944,22400318,2024-12-02,MIN vs. LAL,W,24,6,13,0.462,2,3,0.667,4,4,1.0,1,4,5,3,2,0,1,3,18,7,1,Julius Randle,2024-25,24,18.8,20.9,7.2,6.9,3.2,3.5,0.4888,0.4611,0.2634,0.2558,-7.2,-1.4,20,1,-2.099999999999998,6.983313444681322,161.0,0.0,0.0,20.0,0.2898550724637681,0.4
22024,203944,22400324,2024-12-04,MIN @ LAC,W,26,8,16,0.5,4,9,0.444,0,0,0.0,0,4,4,4,1,0,1,2,20,28,1,Julius Randle,2024-25,26,18.2,21.8,6.8,6.7,3.6,3.7,0.4953999999999999,0.4778,0.3022000000000001,0.3002,0.4,2.0,21,1,-3.6000000000000014,6.088240030309818,151.0,0.0,0.0,16.0,0.30434782608695654,0.5
22024,203944,22400338,2024-12-06,MIN @ GSW,W,24,5,11,0.455,2,4,0.5,4,4,1.0,2,7,9,4,1,0,3,1,16,3,1,Julius Randle,2024-25,24,17.2,21.4,7.4,6.6,3.8,3.9,0.4864,0.4766,0.4022,0.3169,5.0,2.2,22,1,-4.199999999999999,6.345602151621775,140.0,0.0,1.0,14.0,0.3188405797101449,0.6
22024,203944,22400355,2024-12-08,MIN @ GSW,L,37,4,14,0.286,2,4,0.5,4,4,1.0,3,8,11,4,0,2,2,2,14,-2,1,Julius Randle,2024-25,37,15.8,20.2,7.8,7.3,3.8,3.8,0.4294,0.4652,0.4622,0.3383,6.2,0.3,23,0,-4.399999999999999,6.511528238439902,141.0,0.0,1.0,21.0,0.3333333333333333,0.5
22024,203944,22401210,2024-12-13,MIN vs. LAL,W,33,7,16,0.438,0,5,0.0,7,8,0.875,2,3,5,3,1,0,2,5,21,23,1,Julius Randle,2024-25,33,17.8,18.8,6.8,7.4,3.6,3.4,0.4282,0.454,0.4222,0.2928,11.8,1.0,24,1,-1.0,3.9944405810520984,144.0,0.0,0.0,11.0,0.34782608695652173,0.5
22024,203944,22401218,2024-12-15,MIN @ SAS,W,29,4,11,0.364,0,1,0.0,3,4,0.75,2,2,4,3,2,1,2,3,11,8,1,Julius Randle,2024-25,29,16.4,17.6,6.6,6.9,3.6,3.4,0.4086,0.4487,0.2888,0.2761,12.0,2.4,25,1,-1.2000000000000028,4.376706016578661,149.0,0.0,1.0,24.0,0.36231884057971014,0.6
22024,203944,22400367,2024-12-19,MIN vs. NYK,L,30,8,17,0.471,4,8,0.5,4,6,0.667,2,3,5,3,0,0,5,2,24,-13,1,Julius Randle,2024-25,30,17.2,17.7,6.8,6.8,3.4,3.5,0.4027999999999999,0.4490999999999999,0.3,0.3011,3.8,2.1,26,0,-0.5,4.52278183815623,153.0,0.0,0.0,16.0,0.37681159420289856,0.6
22024,203944,22400383,2024-12-21,MIN vs. GSW,L,32,4,13,0.308,1,3,0.333,7,9,0.778,1,6,7,6,0,0,3,1,16,-6,1,Julius Randle,2024-25,32,17.2,17.2,6.4,6.9,3.8,3.8,0.3734,0.4298999999999999,0.2666,0.3344,2.0,3.5,27,0,0.0,4.391911757866862,161.0,0.0,0.0,19.0,0.391304347826087,0.6
22024,203944,22400395,2024-12-23,MIN @ ATL,L,36,6,15,0.4,2,7,0.286,5,6,0.833,6,7,13,7,0,1,8,3,19,-5,1,Julius Randle,2024-25,36,18.2,17.0,6.8,7.3,4.4,4.1,0.3962,0.4128,0.2238,0.3429999999999999,1.4,3.8,28,0,1.1999999999999993,4.24264068711932,160.0,0.0,0.0,23.0,0.4057971014492754,0.6
22024,203944,22400406,2024-12-25,MIN @ DAL,W,34,6,13,0.462,3,5,0.6,8,10,0.8,2,8,10,8,0,0,3,2,23,5,1,Julius Randle,2024-25,34,18.6,18.2,7.8,7.3,5.4,4.5,0.4009999999999999,0.4145999999999999,0.3438,0.383,-2.2,4.8,29,1,0.40000000000000213,4.0496913462633515,161.0,0.0,0.0,27.0,0.42028985507246375,0.6
22024,203944,22400422,2024-12-27,MIN @ HOU,W,36,10,16,0.625,5,6,0.833,2,2,1.0,1,7,8,8,0,1,5,3,27,2,1,Julius Randle,2024-25,36,21.8,19.1,8.6,7.6,6.4,5.0,0.4532,0.4309,0.5104,0.3995999999999999,-3.4,4.3,30,1,2.6999999999999993,4.909175083453457,168.0,0.0,0.0,16.0,0.43478260869565216,0.6
22024,203944,22400441,2024-12-29,MIN vs. SAS,W,35,7,16,0.438,0,7,0.0,2,2,1.0,1,3,4,4,0,0,1,1,16,-9,1,Julius Randle,2024-25,35,20.2,18.7,8.4,7.6,6.6,5.0,0.4466,0.4246999999999999,0.4104,0.3551999999999999,-2.6,0.6,31,1,1.5,4.989989979949886,173.0,0.0,0.0,11.0,0.4492753623188406,0.6
22024,203944,22400452,2024-12-31,MIN @ OKC,L,27,5,12,0.417,1,4,0.25,0,0,0.0,4,2,6,6,0,1,4,1,11,-7,1,Julius Randle,2024-25,27,19.2,18.2,8.2,7.3,6.6,5.2,0.4684,0.4208999999999999,0.3938,0.3301999999999999,-2.8,-0.4,32,0,1.0,5.513619500836113,168.0,0.0,0.0,27.0,0.463768115942029,0.5
22024,203944,22400464,2025-01-02,MIN vs. BOS,L,39,9,16,0.563,5,7,0.714,4,4,1.0,2,6,8,7,1,0,4,1,27,10,1,Julius Randle,2024-25,39,20.8,19.5,7.2,7.0,6.6,5.5,0.501,0.4486,0.4794,0.3516,0.2,0.8,33,0,1.3000000000000007,5.930148958219085,171.0,0.0,0.0,17.0,0.4782608695652174,0.5
22024,203944,22400479,2025-01-04,MIN @ DET,L,36,6,12,0.5,0,4,0.0,5,5,1.0,2,5,7,6,0,0,3,4,17,-20,1,Julius Randle,2024-25,36,19.6,19.1,6.6,7.2,6.2,5.8,0.5085999999999999,0.4548,0.3594,0.3516,-4.8,-3.5,34,0,0.5,5.952590472503008,173.0,0.0,0.0,5.0,0.4927536231884058,0.4
22024,203944,22400500,2025-01-06,MIN vs. LAC,W,23,2,10,0.2,0,3,0.0,1,2,0.5,4,2,6,2,0,0,3,4,5,2,1,Julius Randle,2024-25,23,15.2,18.5,6.2,7.4,5.0,5.7,0.4236,0.4384,0.1928,0.3516,-4.8,-4.1,35,1,-3.3000000000000007,7.05927286151581,160.0,0.0,1.0,16.0,0.5072463768115942,0.4
22024,203944,22400505,2025-01-07,MIN @ NOP,W,35,6,11,0.545,1,4,0.25,3,5,0.6,0,6,6,3,2,0,3,4,16,21,1,Julius Randle,2024-25,35,15.2,17.7,6.6,7.5,4.8,5.7,0.445,0.4458,0.2428,0.3266,1.2,-0.7,36,1,-2.5,6.815831244650637,160.0,0.0,0.0,23.0,0.5217391304347826,0.5
22024,203944,22400519,2025-01-09,MIN @ ORL,W,31,8,16,0.5,1,3,0.333,6,6,1.0,4,6,10,2,0,1,2,2,23,13,1,Julius Randle,2024-25,31,17.6,18.4,7.4,7.8,4.0,5.3,0.4615999999999999,0.465,0.2594000000000001,0.3265999999999999,5.2,1.2,37,1,-0.7999999999999972,6.979334575094633,164.0,0.0,0.0,18.0,0.5362318840579711,0.6
22024,203944,22400535,2025-01-11,MIN vs. MEM,L,33,7,13,0.538,1,5,0.2,3,4,0.75,2,6,8,8,0,0,4,3,18,-5,1,Julius Randle,2024-25,33,15.8,18.3,7.4,7.3,4.2,5.4,0.4566,0.4788,0.1566,0.318,2.2,1.2,38,0,-2.5,6.976946164173697,158.0,0.0,0.0,20.0,0.5507246376811594,0.6
22024,203944,22400548,2025-01-13,MIN @ WAS,W,33,8,15,0.533,0,2,0.0,4,8,0.5,3,7,10,3,0,0,3,1,20,16,1,Julius Randle,2024-25,33,16.4,18.0,8.0,7.3,3.6,4.9,0.4632,0.4859,0.1566,0.258,9.4,2.3,39,1,-1.6000000000000014,6.815016100086979,155.0,0.0,0.0,17.0,0.5652173913043478,0.6
22024,203944,22400565,2025-01-15,MIN vs. GSW,L,27,8,18,0.444,1,3,0.333,0,0,0.0,4,2,6,1,1,0,2,3,17,-2,1,Julius Randle,2024-25,27,18.8,17.0,8.0,7.1,3.4,4.2,0.512,0.4678,0.2232,0.208,8.6,1.9,40,0,1.8000000000000007,6.036923425424971,159.0,0.0,0.0,8.0,0.5797101449275363,0.5
22024,203944,22400578,2025-01-17,MIN @ NYK,W,35,2,6,0.333,0,2,0.0,4,4,1.0,2,5,7,6,0,0,4,3,8,20,1,Julius Randle,2024-25,35,17.2,16.2,8.2,7.4,4.0,4.4,0.4695999999999999,0.4572999999999999,0.1732,0.208,8.4,4.8,41,1,1.0,6.679986693266877,159.0,0.0,0.0,20.0,0.5942028985507246,0.5
22024,203944,22400590,2025-01-18,MIN vs. CLE,L,38,7,12,0.583,1,5,0.2,5,7,0.714,3,11,14,9,1,0,3,1,20,0,1,Julius Randle,2024-25,38,16.6,17.1,9.0,8.2,5.4,4.7,0.4862,0.4739,0.1466000000000001,0.203,5.8,5.5,42,0,-0.5,6.505553183413578,166.0,0.0,0.0,5.0,0.6086956521739131,0.5
22024,203944,22400601,2025-01-20,MIN @ MEM,L,34,2,13,0.154,0,7,0.0,1,3,0.333,4,7,11,7,0,2,1,4,5,-9,1,Julius Randle,2024-25,34,14.0,14.9,9.6,8.5,5.2,4.7,0.4094,0.433,0.1066,0.1316,5.0,3.6,43,0,-0.9000000000000004,6.505553183413581,167.0,0.0,1.0,16.0,0.6231884057971014,0.5
22024,203944,22400614,2025-01-22,MIN @ DAL,W,34,4,13,0.308,1,2,0.5,7,8,0.875,3,3,6,3,3,0,2,5,16,6,1,Julius Randle,2024-25,34,13.2,14.8,8.8,8.4,5.2,4.4,0.3644,0.4138,0.2066,0.1816,3.0,6.2,44,1,-1.6000000000000014,6.477310827461958,168.0,0.0,1.0,21.0,0.6376811594202898,0.6
22024,203944,22400634,2025-01-25,MIN vs. DEN,W,32,9,20,0.45,1,6,0.167,2,2,1.0,5,2,7,7,2,1,2,2,21,16,1,Julius Randle,2024-25,32,14.0,16.4,9.0,8.5,6.4,4.9,0.3656,0.4387999999999999,0.1734,0.1983,6.6,7.6,45,1,-2.3999999999999986,5.7193628238739525,173.0,0.0,1.0,20.0,0.6521739130434783,0.6
22024,203944,22400656,2025-01-27,MIN vs. ATL,W,32,7,17,0.412,3,8,0.375,3,3,1.0,3,5,8,2,1,0,5,3,20,12,1,Julius Randle,2024-25,32,16.4,16.8,9.2,8.7,5.6,4.8,0.3814,0.4255,0.2484000000000001,0.2108,5.0,6.7,46,1,-0.40000000000000213,5.827139568909935,170.0,0.0,0.0,28.0,0.6666666666666666,0.6
22024,203944,22400672,2025-01-29,MIN @ PHX,W,35,10,16,0.625,0,3,0.0,8,10,0.8,0,7,7,6,3,0,0,4,28,-4,1,Julius Randle,2024-25,35,18.0,17.3,7.8,8.4,5.0,5.2,0.3898,0.438,0.2084,0.1775,4.2,5.0,47,1,0.6999999999999993,6.583649781424035,167.0,0.0,0.0,6.0,0.6811594202898551,0.6
22024,203944,22400677,2025-01-30,MIN @ UTA,W,10,3,7,0.429,0,2,0.0,0,0,0.0,0,1,1,1,0,0,0,0,6,-14,1,Julius Randle,2024-25,10,18.2,16.1,5.8,7.7,3.8,4.5,0.4448,0.4271,0.2084,0.1575,3.2,4.1,48,1,2.099999999999998,7.475143997126618,143.0,0.0,0.0,20.0,0.6956521739130435,0.7
22024,203944,22400873,2025-03-02,MIN @ PHX,W,34,8,14,0.571,2,5,0.4,2,2,1.0,2,4,6,3,0,0,2,4,20,0,1,Julius Randle,2024-25,34,19.0,16.1,5.8,7.3,3.8,4.5,0.4974,0.4308999999999999,0.1884,0.1975,2.0,2.5,49,1,2.8999999999999986,7.475143997126618,143.0,0.0,0.0,16.0,0.7101449275362319,0.7
22024,203944,22400887,2025-03-04,MIN vs. PHI,W,30,5,9,0.556,0,3,0.0,6,6,1.0,3,5,8,5,1,0,5,1,16,6,1,Julius Randle,2024-25,30,18.0,16.0,6.0,7.5,3.4,4.9,0.5186,0.4420999999999999,0.155,0.1641999999999999,0.0,3.3,50,1,2.0,7.468452167469382,141.0,0.0,0.0,25.0,0.7246376811594203,0.8
22024,203944,22400892,2025-03-05,MIN @ CHA,W,36,8,18,0.444,2,7,0.286,7,8,0.875,4,6,10,9,0,0,2,3,25,14,1,Julius Randle,2024-25,36,19.0,17.7,6.4,7.8,4.8,5.2,0.525,0.4532,0.1372,0.1928,0.4,2.7,51,1,1.3000000000000007,7.379400758568126,145.0,0.0,0.0,13.0,0.7391304347826086,0.8
22024,203944,22400907,2025-03-07,MIN @ MIA,W,34,4,9,0.444,0,1,0.0,5,6,0.833,1,9,10,9,0,0,5,1,13,0,1,Julius Randle,2024-25,34,16.0,17.0,7.0,7.4,5.4,5.2,0.4888,0.4392999999999999,0.1372,0.1728,1.2,2.7,52,1,-1.0,7.468452167469381,144.0,0.0,0.0,14.0,0.7536231884057971,0.9
22024,203944,22400925,2025-03-09,MIN vs. SAS,W,30,5,14,0.357,2,6,0.333,2,2,1.0,6,1,7,10,0,1,0,2,14,10,1,Julius Randle,2024-25,30,17.6,17.9,8.2,7.0,7.2,5.5,0.4744,0.4596,0.2038,0.2061,6.0,4.6,53,1,-0.29999999999999716,6.3148854128778975,164.0,0.0,0.0,25.0,0.7681159420289855,1.0
22024,203944,22400952,2025-03-12,MIN @ DEN,W,28,9,12,0.75,3,5,0.6,4,6,0.667,1,3,4,3,2,0,4,3,25,17,1,Julius Randle,2024-25,28,18.6,18.8,7.8,6.8,7.2,5.5,0.5102,0.5038,0.2438,0.2161,9.4,5.7,54,1,-0.1999999999999993,6.646636576327762,158.0,0.0,0.0,22.0,0.782608695652174,1.0
22024,203944,22400963,2025-03-14,MIN vs. ORL,W,29,7,13,0.538,1,3,0.333,7,8,0.875,2,5,7,5,0,0,3,4,22,-7,1,Julius Randle,2024-25,29,19.8,18.9,7.6,6.8,7.2,5.3,0.5065999999999999,0.5126000000000001,0.3104,0.2327,6.8,3.4,55,1,0.9000000000000021,6.690789689316719,157.0,0.0,0.0,11.0,0.7971014492753623,1.0
22024,203944,22400981,2025-03-16,MIN vs. UTA,W,20,4,9,0.444,1,2,0.5,2,4,0.5,2,1,3,4,0,0,1,2,11,14,1,Julius Randle,2024-25,20,17.0,18.0,6.2,6.3,6.2,5.5,0.5065999999999999,0.5158,0.3532,0.2452,6.8,3.6,56,1,-1.0,7.118052168020894,141.0,0.0,0.0,17.0,0.8115942028985508,1.0
22024,203944,22400986,2025-03-17,MIN vs. IND,L,41,5,11,0.455,1,2,0.5,6,10,0.6,1,5,6,4,1,0,4,2,17,-6,1,Julius Randle,2024-25,41,17.8,16.9,5.4,6.2,5.2,5.3,0.5088,0.4988,0.4532,0.2952,5.6,3.4,57,0,0.9000000000000021,6.190494505467438,148.0,0.0,0.0,17.0,0.8260869565217391,0.9
22024,203944,22401001,2025-03-19,MIN vs. NOP,L,28,7,10,0.7,2,4,0.5,1,2,0.5,0,3,3,3,0,1,6,2,17,-20,1,Julius Randle,2024-25,28,18.4,18.0,4.6,6.4,3.8,5.5,0.5774,0.5258999999999999,0.4866,0.3452,-0.4,2.8,58,0,0.3999999999999986,4.876246279442627,146.0,0.0,0.0,20.0,0.8405797101449275,0.8
22024,203944,22401016,2025-03-21,MIN vs. NOP,W,25,7,11,0.636,2,5,0.4,4,4,1.0,4,2,6,5,2,0,2,3,20,13,1,Julius Randle,2024-25,25,17.4,18.0,5.0,6.4,4.2,5.7,0.5546,0.5324,0.4466,0.3452,-1.2,4.1,59,1,-0.6000000000000014,4.876246279442627,143.0,0.0,0.0,9.0,0.855072463768116,0.8
22024,203944,22401037,2025-03-24,MIN @ IND,L,24,3,7,0.429,0,2,0.0,3,5,0.6,1,5,6,2,0,0,2,1,9,-12,1,Julius Randle,2024-25,24,14.8,17.3,4.8,6.2,3.6,5.4,0.5328,0.5197,0.38,0.3452,-2.2,2.3,60,0,-2.5,5.638163609624076,138.0,0.0,0.0,25.0,0.8695652173913043,0.7
22024,203944,22401071,2025-03-28,MIN vs. PHX,W,32,9,15,0.6,2,4,0.5,5,5,1.0,1,5,6,8,1,1,0,1,25,7,1,Julius Randle,2024-25,32,17.6,17.3,5.4,5.8,4.4,5.3,0.5640000000000001,0.5353,0.38,0.3666,-3.6,1.6,61,1,0.3000000000000007,5.638163609624076,150.0,0.0,0.0,26.0,0.8840579710144928,0.7
22024,203944,22401084,2025-03-30,MIN vs. DET,W,32,9,18,0.5,1,4,0.25,7,7,1.0,2,6,8,5,0,1,2,3,26,14,1,Julius Randle,2024-25,32,19.4,18.6,5.8,5.6,4.6,4.9,0.5730000000000001,0.5408999999999999,0.33,0.3916,0.4,3.0,62,1,0.7999999999999972,6.022181221672669,141.0,0.0,0.0,26.0,0.8985507246376812,0.7
22024,203944,22401102,2025-04-01,MIN @ DEN,W,50,11,22,0.5,4,8,0.5,0,0,0.0,2,7,9,7,1,0,4,5,26,1,1,Julius Randle,2024-25,50,21.2,19.8,7.0,5.8,5.4,4.6,0.533,0.5551999999999999,0.33,0.4083,4.6,2.1,63,1,1.3999999999999986,6.196773353931886,163.0,0.0,0.0,11.0,0.9130434782608695,0.7
22024,203944,22401113,2025-04-03,MIN @ BKN,W,27,4,11,0.364,3,8,0.375,0,0,0.0,2,6,8,4,0,0,4,3,11,2,1,Julius Randle,2024-25,27,19.4,18.4,7.4,6.2,5.2,4.7,0.4785999999999999,0.5166,0.325,0.3858,2.4,0.6,64,1,1.0,6.467010300148168,165.0,0.0,0.0,15.0,0.927536231884058,0.7
22024,203944,22401130,2025-04-05,MIN @ PHI,W,33,5,11,0.455,0,2,0.0,5,9,0.556,2,3,5,4,0,0,0,3,15,-11,1,Julius Randle,2024-25,33,20.6,17.7,7.2,6.0,5.6,4.6,0.4838,0.5083,0.325,0.3525,2.6,0.2,65,1,2.900000000000002,6.412661087428721,174.0,0.0,0.0,9.0,0.9420289855072463,0.7
22024,203944,22401152,2025-04-08,MIN @ MIL,L,35,3,8,0.375,1,3,0.333,2,2,1.0,1,6,7,6,1,0,5,4,9,-16,1,Julius Randle,2024-25,35,17.4,17.5,7.4,6.4,5.2,4.8,0.4387999999999999,0.5014,0.2916000000000001,0.3358,-2.0,-2.8,66,0,-0.10000000000000142,6.670832032063189,177.0,0.0,0.0,31.0,0.9565217391304348,0.6
22024,203944,22401170,2025-04-10,MIN @ MEM,W,35,13,22,0.591,5,10,0.5,0,0,0.0,1,9,10,5,1,0,2,2,31,18,1,Julius Randle,2024-25,35,18.4,18.9,7.8,6.8,5.2,4.9,0.457,0.5149999999999999,0.3416,0.3358,-1.2,-0.4,67,1,-0.5,7.908504564356318,180.0,0.0,0.0,21.0,0.9710144927536232,0.7
22024,203944,22401179,2025-04-11,MIN vs. BKN,W,30,8,11,0.727,5,6,0.833,0,0,0.0,1,3,4,3,2,0,3,2,21,21,1,Julius Randle,2024-25,30,17.4,19.3,6.8,6.9,4.4,4.9,0.5024,0.5177,0.4082,0.3691,2.8,3.7,68,1,-1.9000000000000021,7.902882737049551,160.0,0.0,0.0,10.0,0.9855072463768116,0.8
22022,201144,22200012,2022-10-19,UTA vs. DEN,W,32,3,8,0.375,2,4,0.5,5,5,1.0,0,2,2,8,2,1,3,0,13,16,1,Mike Conley,2022-23,32,13.0,13.0,2.0,2.0,8.0,8.0,0.375,0.375,0.5,0.5,16.0,16.0,1,1,0.0,,32.0,0.0,0.0,12.0,0.014925373134328358,1.0
22022,201144,22200025,2022-10-21,UTA @ MIN,W,36,4,15,0.267,3,9,0.333,1,2,0.5,1,2,3,11,2,0,1,5,12,13,1,Mike Conley,2022-23,36,12.5,12.5,2.5,2.5,9.5,9.5,0.321,0.321,0.4165,0.4165,14.5,14.5,2,1,0.0,,68.0,0.0,0.0,7.0,0.029850746268656716,1.0
22022,201144,22200040,2022-10-23,UTA @ NOP,W,36,3,12,0.25,1,6,0.167,0,0,0.0,0,2,2,8,0,1,1,1,7,-10,1,Mike Conley,2022-23,36,10.666666666666666,10.666666666666666,2.3333333333333335,2.3333333333333335,9.0,9.0,0.2973333333333333,0.2973333333333333,0.3333333333333333,0.3333333333333333,6.333333333333333,6.333333333333333,3,1,0.0,3.214550253664318,104.0,0.0,0.0,7.0,0.04477611940298507,1.0
22022,201144,22200048,2022-10-24,UTA @ HOU,L,27,3,6,0.5,0,3,0.0,1,3,0.333,0,2,2,7,3,2,2,0,7,1,1,Mike Conley,2022-23,27,9.75,9.75,2.25,2.25,8.5,8.5,0.348,0.348,0.25,0.25,5.0,5.0,4,0,0.0,3.2015621187164243,131.0,0.0,0.0,13.0,0.05970149253731343,0.75
22022,201144,22200063,2022-10-26,UTA vs. HOU,W,28,4,11,0.364,3,8,0.375,2,4,0.5,0,3,3,5,1,0,3,5,13,6,1,Mike Conley,2022-23,28,10.4,10.4,2.4,2.4,7.8,7.8,0.3512,0.3512,0.275,0.275,5.2,5.2,5,1,0.0,3.1304951684997055,159.0,0.0,0.0,14.0,0.07462686567164178,0.8
22022,201144,22200078,2022-10-28,UTA @ DEN,L,23,4,7,0.571,4,5,0.8,2,2,1.0,1,1,2,5,0,0,0,2,14,-4,1,Mike Conley,2022-23,23,10.6,11.0,2.4,2.3333333333333335,7.2,7.333333333333333,0.3903999999999999,0.3878333333333333,0.335,0.3625,1.2,3.6666666666666665,6,0,-0.40000000000000036,3.162277660168379,150.0,0.0,0.0,15.0,0.08955223880597014,0.6666666666666666
22022,201144,22200101,2022-10-31,UTA vs. MEM,W,30,5,9,0.556,5,7,0.714,0,0,0.0,0,2,2,5,1,0,0,2,15,15,1,Mike Conley,2022-23,30,11.2,11.571428571428571,2.2,2.2857142857142856,6.0,7.0,0.4482,0.4118571428571428,0.4112,0.4127142857142857,1.6,5.285714285714286,7,1,-0.3714285714285719,3.25868802112869,144.0,0.0,0.0,11.0,0.1044776119402985,0.7142857142857143
22022,201144,22200115,2022-11-02,UTA @ DAL,L,33,3,8,0.375,1,4,0.25,4,4,1.0,0,1,1,8,1,0,3,1,11,4,1,Mike Conley,2022-23,33,12.0,11.5,2.0,2.125,6.0,7.125,0.4732,0.40725,0.4278,0.392375,4.4,5.125,8,0,0.5,3.0237157840738176,141.0,0.0,0.0,15.0,0.11940298507462686,0.625
22022,201144,22200131,2022-11-04,UTA @ LAL,W,31,6,11,0.545,2,5,0.4,1,1,1.0,2,0,2,10,1,0,2,0,15,9,1,Mike Conley,2022-23,31,13.6,11.88888888888889,2.0,2.111111111111111,6.6,7.444444444444445,0.4822,0.4225555555555556,0.5078,0.3932222222222222,6.0,5.555555555555555,9,1,1.7111111111111104,3.0595932917809696,145.0,0.0,0.0,17.0,0.13432835820895522,0.6666666666666666
22022,201144,22200143,2022-11-06,UTA @ LAC,W,33,7,13,0.538,2,6,0.333,1,1,1.0,1,6,7,4,2,0,1,0,17,11,1,Mike Conley,2022-23,33,14.4,12.4,2.8,2.6,6.4,7.1,0.517,0.4341,0.4993999999999999,0.3872,7.0,6.1,10,1,2.0,3.306559138036598,150.0,1.0,0.0,14.0,0.14925373134328357,0.7
22022,201144,22200157,2022-11-07,UTA vs. LAL,W,24,5,7,0.714,3,4,0.75,1,2,0.5,0,1,1,12,0,0,0,2,14,12,1,Mike Conley,2022-23,24,14.4,12.5,2.6,2.5,7.8,7.5,0.5456000000000001,0.4679999999999999,0.4894,0.4122,10.2,5.7,11,1,1.9000000000000004,3.34165627596057,151.0,0.0,0.0,7.0,0.16417910447761194,0.7
22022,201144,22200162,2022-11-09,UTA @ ATL,W,29,2,6,0.333,0,2,0.0,3,4,0.75,0,1,1,13,0,0,1,2,7,-11,1,Mike Conley,2022-23,29,12.8,12.0,2.4,2.3,9.4,7.7,0.501,0.4745999999999999,0.3466,0.3788999999999999,5.0,3.3,12,1,0.8000000000000007,3.7712361663282534,150.0,0.0,0.0,3.0,0.1791044776119403,0.7
22022,201144,22200185,2022-11-12,UTA @ WAS,L,30,1,8,0.125,0,5,0.0,1,1,1.0,0,3,3,10,1,0,2,1,3,-21,1,Mike Conley,2022-23,30,11.2,11.6,2.8,2.4,9.8,7.9,0.4509999999999999,0.4620999999999999,0.2966,0.3621999999999999,0.0,2.2,13,0,-0.40000000000000036,4.501851470969102,147.0,0.0,0.0,3.0,0.19402985074626866,0.6
22022,201144,22200195,2022-11-13,UTA @ PHI,L,32,1,7,0.143,1,4,0.25,0,0,0.0,0,1,1,8,0,0,3,2,3,-13,1,Mike Conley,2022-23,32,8.8,11.2,2.6,2.3,9.4,8.0,0.3706,0.4263999999999999,0.2666,0.3872,-4.4,0.8,14,0,-2.3999999999999986,5.094659513211413,148.0,0.0,1.0,10.0,0.208955223880597,0.6
22022,201144,22200208,2022-11-15,UTA vs. NYK,L,34,3,10,0.3,1,6,0.167,3,3,1.0,1,3,4,7,4,0,1,5,10,4,1,Mike Conley,2022-23,34,7.4,10.9,2.0,2.4,10.0,8.2,0.3229999999999999,0.42,0.2334,0.3664,-5.8,0.6,15,0,-3.5,5.065131346328104,149.0,0.0,1.0,13.0,0.22388059701492538,0.5
22022,201144,22200232,2022-11-18,UTA vs. PHX,W,30,4,9,0.444,4,5,0.8,1,2,0.5,1,3,4,10,1,1,2,5,13,-2,1,Mike Conley,2022-23,30,7.2,10.8,2.6,2.6,9.6,8.7,0.269,0.4073,0.2434,0.3663999999999999,-8.6,0.8,16,1,-3.6000000000000005,5.00666222813829,155.0,0.0,1.0,0.0,0.23880597014925373,0.6
22022,201144,22200238,2022-11-19,UTA @ POR,W,9,0,1,0.0,0,0,0.0,0,0,0.0,0,1,1,3,1,0,0,2,0,-12,1,Mike Conley,2022-23,9,5.8,9.3,2.6,2.5,7.6,8.5,0.2024,0.3517,0.2434,0.295,-8.8,-1.9,17,1,-3.500000000000001,5.793674711844519,135.0,0.0,1.0,17.0,0.2537313432835821,0.6
22022,201144,22200385,2022-12-09,UTA vs. MIN,L,25,6,11,0.545,3,7,0.429,2,2,1.0,0,1,1,6,0,0,2,2,17,-12,1,Mike Conley,2022-23,25,8.6,9.9,2.2,2.5,6.8,8.3,0.2864,0.3687,0.3292,0.3129,-7.0,-3.5,18,0,-1.3000000000000007,6.279596590015423,130.0,0.0,1.0,7.0,0.26865671641791045,0.6
22022,201144,22200412,2022-12-13,UTA vs. NOP,W,29,2,8,0.25,2,7,0.286,1,1,1.0,0,0,0,6,1,0,3,3,7,12,1,Mike Conley,2022-23,29,9.4,9.1,2.0,2.3,6.4,7.9,0.3078,0.3392,0.3364,0.3015,-2.0,-3.2,19,1,0.3000000000000007,6.0635523141692005,127.0,0.0,0.0,4.0,0.2835820895522388,0.6
22022,201144,22200426,2022-12-15,UTA vs. NOP,W,32,1,8,0.125,0,4,0.0,2,6,0.333,0,2,2,6,0,0,2,3,4,5,1,Mike Conley,2022-23,32,8.2,7.8,1.6,1.8,6.2,8.1,0.2728,0.2979,0.303,0.2682,-1.8,-3.8,20,1,0.39999999999999947,5.553777493242275,125.0,0.0,1.0,4.0,0.29850746268656714,0.6
22022,201144,22200442,2022-12-17,UTA @ MIL,L,25,2,6,0.333,0,3,0.0,0,0,0.0,0,1,1,4,1,0,0,2,4,-9,1,Mike Conley,2022-23,25,6.4,6.8,1.0,1.8,5.0,7.3,0.2506,0.2598,0.143,0.1931999999999999,-3.2,-5.9,21,0,-0.39999999999999947,5.202563470700445,120.0,0.0,1.0,7.0,0.31343283582089554,0.5
22022,201144,22200452,2022-12-19,UTA @ CLE,L,28,3,8,0.375,1,3,0.333,0,0,0.0,1,1,2,9,2,0,3,2,7,-10,1,Mike Conley,2022-23,28,7.8,6.8,1.2,1.9,6.2,6.9,0.3256,0.264,0.2096,0.2265,-2.8,-5.8,22,0,1.0,5.202563470700445,139.0,0.0,1.0,7.0,0.3283582089552239,0.4
22022,201144,22200461,2022-12-20,UTA @ DET,W,26,3,7,0.429,1,5,0.2,0,1,0.0,1,2,3,7,1,0,0,2,7,9,1,Mike Conley,2022-23,26,5.8,7.2,1.6,1.9,6.4,6.6,0.3024,0.2944,0.1638,0.2465,1.4,-2.8,23,1,-1.4000000000000004,5.028805910838962,140.0,0.0,1.0,8.0,0.34328358208955223,0.5
22022,201144,22200478,2022-12-22,UTA vs. WAS,W,27,3,7,0.429,0,2,0.0,2,2,1.0,0,0,0,6,0,0,1,1,8,-8,1,Mike Conley,2022-23,27,6.0,7.7,1.6,1.8,6.4,6.4,0.3382,0.323,0.1066,0.2214999999999999,-2.6,-2.3,24,1,-1.7000000000000002,4.808557187163548,138.0,0.0,1.0,17.0,0.3582089552238806,0.6
22022,201144,22200503,2022-12-26,UTA @ SAS,L,33,6,12,0.5,5,7,0.714,0,0,0.0,1,4,5,6,3,1,3,3,17,0,1,Mike Conley,2022-23,33,8.6,8.4,2.2,1.9,6.4,6.3,0.4131999999999999,0.343,0.2493999999999999,0.2762,-3.6,-2.7,25,0,0.1999999999999993,5.621387729022078,139.0,0.0,0.0,5.0,0.373134328358209,0.6
22022,201144,22200521,2022-12-28,UTA @ GSW,L,32,2,11,0.182,1,8,0.125,0,0,0.0,0,2,2,10,1,0,3,5,5,0,1,Mike Conley,2022-23,32,8.8,7.6,2.4,1.7,7.6,6.3,0.383,0.3168,0.2744,0.2086999999999999,-1.8,-2.5,26,0,1.200000000000001,5.4609726443393045,146.0,0.0,0.0,17.0,0.3880597014925373,0.5
22022,201144,22200537,2022-12-30,UTA @ SAC,L,30,4,11,0.364,4,8,0.5,5,6,0.833,1,1,2,8,1,0,3,5,17,-1,1,Mike Conley,2022-23,30,10.8,9.3,2.4,1.8,7.4,6.8,0.3807999999999999,0.3532,0.3078,0.2587,0.0,-1.4,27,0,1.5,5.478239782184703,148.0,1.0,0.0,9.0,0.40298507462686567,0.4
22022,201144,22200546,2022-12-31,UTA vs. MIA,L,31,2,7,0.286,1,4,0.25,4,4,1.0,0,4,4,8,0,0,4,3,9,-7,1,Mike Conley,2022-23,31,11.2,8.5,2.6,2.1,7.6,7.0,0.3521999999999999,0.3273,0.3177999999999999,0.2408,-3.2,-0.9,28,0,2.6999999999999993,4.766783215358363,153.0,1.0,0.0,18.0,0.417910447761194,0.4
22022,201144,22200563,2023-01-03,UTA vs. SAC,L,33,6,10,0.6,2,4,0.5,4,5,0.8,0,1,1,7,3,0,1,2,18,11,1,Mike Conley,2022-23,33,13.2,9.6,2.8,2.2,7.8,7.1,0.3863999999999999,0.3622999999999999,0.4178,0.2622,0.6,-1.0,29,0,3.5999999999999996,5.58171618371586,159.0,1.0,0.0,9.0,0.43283582089552236,0.3
22022,201144,22200578,2023-01-05,UTA @ HOU,W,32,3,10,0.3,1,5,0.2,2,2,1.0,1,3,4,11,0,0,0,1,9,18,1,Mike Conley,2022-23,32,11.6,10.1,2.6,2.4,8.8,7.6,0.3464,0.3798,0.315,0.2822,4.2,0.3,30,1,1.5,5.23768396653839,158.0,1.0,0.0,9.0,0.44776119402985076,0.3
22022,201144,22200592,2023-01-07,UTA @ CHI,L,28,3,9,0.333,3,5,0.6,0,0,0.0,0,2,2,7,0,0,1,1,9,-26,1,Mike Conley,2022-23,28,12.4,10.6,2.6,2.5,8.2,7.9,0.3766,0.3798,0.41,0.3422,-1.0,-1.4,31,0,1.8000000000000007,4.812021982031623,154.0,1.0,0.0,7.0,0.4626865671641791,0.3
22022,201144,22200600,2023-01-08,UTA @ MEM,L,28,3,9,0.333,0,2,0.0,1,1,1.0,0,0,0,8,1,0,3,2,7,-4,1,Mike Conley,2022-23,28,10.4,10.6,2.2,2.3,8.2,7.8,0.3704,0.3756,0.31,0.3089,-1.6,-0.8,32,0,-0.1999999999999993,4.812021982031623,152.0,1.0,0.0,13.0,0.47761194029850745,0.3
22022,201144,22200614,2023-01-10,UTA vs. CLE,W,33,4,9,0.444,1,5,0.2,4,4,1.0,0,0,0,4,0,0,3,3,13,8,1,Mike Conley,2022-23,33,11.2,11.2,1.4,2.0,7.4,7.5,0.402,0.3771,0.2999999999999999,0.3089,1.4,-0.9,33,1,0.0,4.685675570881487,154.0,1.0,0.0,14.0,0.4925373134328358,0.3
22022,201144,22200646,2023-01-14,UTA vs. PHI,L,29,3,9,0.333,2,7,0.286,6,7,0.857,1,0,1,8,1,0,0,1,14,-1,1,Mike Conley,2022-23,29,10.4,11.8,1.4,2.1,7.6,7.7,0.3486,0.3675,0.2572,0.3375,-1.0,-0.2,34,0,-1.4000000000000004,4.6139883927995395,150.0,0.0,0.0,14.0,0.5074626865671642,0.2
22022,201144,22200662,2023-01-16,UTA @ MIN,W,30,5,8,0.625,3,6,0.5,1,1,1.0,1,7,8,6,0,0,0,0,14,9,1,Mike Conley,2022-23,30,11.4,11.5,2.2,2.4,6.6,7.7,0.4136,0.38,0.3172,0.3160999999999999,-2.8,0.7,35,1,-0.09999999999999964,4.326918328582389,148.0,0.0,0.0,17.0,0.5223880597014925,0.3
22022,201144,22200675,2023-01-18,UTA vs. LAC,W,29,6,8,0.75,5,6,0.833,0,0,0.0,0,4,4,9,0,1,0,2,17,12,1,Mike Conley,2022-23,29,13.0,12.7,2.6,2.6,7.0,7.6,0.497,0.4368,0.3638,0.3868999999999999,4.8,1.9,36,1,0.3000000000000007,3.9735234853828256,149.0,1.0,0.0,9.0,0.5373134328358209,0.4
22022,201144,22200689,2023-01-20,UTA vs. BKN,L,32,2,8,0.25,1,4,0.25,4,4,1.0,0,5,5,9,1,0,1,3,9,-10,1,Mike Conley,2022-23,32,13.4,11.9,3.6,2.9,7.2,7.7,0.4804,0.4254,0.4138,0.3619,3.6,1.0,37,0,1.5,3.813717929323619,153.0,1.0,0.0,14.0,0.5522388059701493,0.4
22022,201144,22200710,2023-01-23,UTA vs. CHA,W,27,5,12,0.417,4,8,0.5,0,0,0.0,0,3,3,3,1,1,0,2,14,19,1,Mike Conley,2022-23,27,13.6,12.4,4.2,2.8,7.0,7.2,0.475,0.4385,0.4737999999999999,0.3868999999999999,5.8,3.6,38,1,1.1999999999999993,3.717824931626315,147.0,1.0,0.0,8.0,0.5671641791044776,0.5
22022,201144,22200727,2023-01-25,UTA @ POR,L,32,3,6,0.5,2,5,0.4,0,0,0.0,1,4,5,10,2,0,3,2,8,-4,1,Mike Conley,2022-23,32,12.4,11.4,5.0,3.2,7.4,7.5,0.5084000000000001,0.4285,0.4965999999999999,0.3768999999999999,5.2,2.1,39,0,1.0,3.3730961708462694,150.0,1.0,0.0,4.0,0.582089552238806,0.5
22022,201144,22200750,2023-01-28,UTA vs. DAL,W,34,2,8,0.25,0,4,0.0,0,0,0.0,2,3,5,11,4,0,3,3,4,16,1,Mike Conley,2022-23,34,10.4,10.9,4.4,3.3,8.4,7.5,0.4333999999999999,0.4235,0.3965999999999999,0.3569,6.6,1.9,40,1,-0.5,4.067486256208425,154.0,0.0,0.0,19.0,0.5970149253731343,0.5
22022,201144,22200776,2023-02-01,UTA vs. TOR,W,31,5,8,0.625,0,3,0.0,9,9,1.0,0,3,3,8,0,2,3,2,19,1,1,Mike Conley,2022-23,31,10.8,11.9,4.2,3.4,8.2,7.6,0.4084,0.4527,0.2299999999999999,0.2969,4.4,4.6,41,1,-1.0999999999999996,4.724639903973869,156.0,0.0,0.0,20.0,0.6119402985074627,0.6
22022,201144,22200792,2023-02-03,UTA vs. ATL,L,30,7,9,0.778,2,4,0.5,4,6,0.667,0,2,2,8,1,0,5,3,20,-7,1,Mike Conley,2022-23,30,13.0,13.2,3.6,3.6,8.0,7.6,0.514,0.4972,0.2799999999999999,0.3469,5.0,4.3,42,0,-0.1999999999999993,5.00666222813829,154.0,0.0,0.0,10.0,0.6268656716417911,0.6
22022,201144,22200813,2023-02-06,UTA vs. DAL,L,31,4,8,0.5,1,4,0.25,1,1,1.0,0,1,1,11,0,0,2,1,10,-10,1,Mike Conley,2022-23,31,12.2,12.9,3.2,3.7,9.6,8.3,0.5306000000000001,0.5028,0.2299999999999999,0.3519,-0.8,2.5,43,0,-0.7000000000000011,5.1088159097779196,158.0,0.0,0.0,9.0,0.6417910447761194,0.5
22022,201144,22200841,2023-02-10,MIN @ MEM,L,26,3,7,0.429,1,4,0.25,2,2,1.0,0,1,1,3,2,0,3,1,9,-11,1,Mike Conley,2022-23,26,12.4,12.4,2.4,3.7,8.2,7.8,0.5164000000000001,0.5124,0.1999999999999999,0.3482999999999999,-2.2,1.5,44,0,0.0,5.232377832092955,152.0,0.0,0.0,12.0,0.6567164179104478,0.5
22022,201144,22200865,2023-02-13,MIN @ DAL,W,32,4,8,0.5,3,6,0.5,1,2,0.5,1,2,3,9,1,0,2,4,12,6,1,Mike Conley,2022-23,32,14.0,12.2,2.0,3.2,7.8,8.1,0.5664,0.4998999999999999,0.3,0.3482999999999999,-4.2,1.2,45,1,1.8000000000000007,5.202563470700445,150.0,1.0,0.0,0.0,0.6716417910447762,0.5
22022,201144,22200884,2023-02-16,MIN vs. WAS,L,33,0,6,0.0,0,3,0.0,0,0,0.0,1,1,2,6,2,0,0,0,0,-3,1,Mike Conley,2022-23,33,10.2,10.5,1.8,3.0,7.4,7.8,0.4413999999999999,0.4248999999999999,0.3,0.265,-5.0,-0.3,46,0,-0.3000000000000007,6.150880695748644,152.0,0.0,0.0,15.0,0.6865671641791045,0.4
22022,201144,22200898,2023-02-24,MIN vs. CHA,L,31,6,13,0.462,2,7,0.286,1,1,1.0,0,2,2,3,0,0,1,2,15,-5,1,Mike Conley,2022-23,31,9.2,11.1,1.8,2.7,6.4,7.2,0.3782,0.4461,0.2572,0.2686,-4.6,0.2,47,0,-1.9000000000000004,6.279596590015423,153.0,0.0,1.0,9.0,0.7014925373134329,0.4
22022,201144,22200916,2023-02-26,MIN @ GSW,L,34,3,7,0.429,3,5,0.6,0,0,0.0,1,2,3,7,1,1,1,2,9,-2,1,Mike Conley,2022-23,34,9.0,10.6,2.2,2.7,5.6,7.6,0.364,0.4473,0.3272,0.2786,-3.0,-1.9,48,0,-1.5999999999999996,6.221825384170718,156.0,0.0,1.0,6.0,0.7164179104477612,0.3
22022,201144,22200932,2023-02-28,MIN @ LAC,W,29,2,8,0.25,2,5,0.4,0,0,0.0,1,4,5,7,3,0,1,0,6,3,1,Mike Conley,2022-23,29,8.4,10.4,3.0,2.7,6.4,7.3,0.3282,0.4223,0.3572,0.2786,-0.2,-1.2,49,1,-2.0,6.345602151621756,159.0,0.0,1.0,14.0,0.7313432835820896,0.4
22022,201144,22200955,2023-03-03,MIN @ LAL,W,31,6,11,0.545,2,6,0.333,0,0,0.0,0,6,6,3,0,0,1,2,14,-3,1,Mike Conley,2022-23,31,8.8,11.4,3.6,2.8,5.2,6.5,0.3372,0.4518,0.3238,0.3119,-2.0,-3.1,50,1,-2.5999999999999996,6.0037025612903605,158.0,0.0,1.0,24.0,0.746268656716418,0.4
22022,201144,22200961,2023-03-04,MIN @ SAC,W,30,7,12,0.583,4,8,0.5,6,6,1.0,0,3,3,3,0,0,0,0,24,17,1,Mike Conley,2022-23,30,13.6,11.9,3.8,2.8,4.6,6.0,0.4538,0.4476,0.4237999999999999,0.3619,2.0,-1.5,51,1,1.6999999999999993,6.854844191437825,155.0,0.0,0.0,6.0,0.7611940298507462,0.4
22022,201144,22200980,2023-03-07,MIN vs. PHI,L,24,1,6,0.167,1,3,0.333,3,3,1.0,0,0,0,3,2,0,2,0,6,-14,1,Mike Conley,2022-23,24,11.8,10.5,3.4,2.6,4.6,5.5,0.3948,0.3865,0.4332,0.3452,0.2,-2.2,52,0,1.3000000000000007,6.433419688539594,148.0,0.0,0.0,11.0,0.7761194029850746,0.4
22022,201144,22201001,2023-03-10,MIN vs. BKN,L,41,3,13,0.231,1,6,0.167,4,5,0.8,4,2,6,7,2,1,2,0,11,7,1,Mike Conley,2022-23,41,12.2,10.6,4.0,3.1,4.6,5.1,0.3551999999999999,0.3596,0.3466,0.3369,2.0,-0.5,53,0,1.5999999999999996,6.43255608430877,155.0,0.0,0.0,21.0,0.7910447761194029,0.4
22022,201144,22201021,2023-03-13,MIN @ ATL,W,28,9,13,0.692,3,5,0.6,0,1,0.0,0,1,1,6,1,0,1,4,21,19,1,Mike Conley,2022-23,28,15.2,11.8,3.2,3.1,4.4,5.4,0.4436,0.3859,0.3866,0.3719,5.2,2.5,54,1,3.3999999999999986,7.177124153246279,154.0,1.0,0.0,7.0,0.8059701492537313,0.5
22022,201144,22201039,2023-03-15,MIN vs. BOS,L,30,2,7,0.286,2,6,0.333,1,1,1.0,2,3,5,2,0,0,1,2,7,-1,1,Mike Conley,2022-23,30,13.8,11.3,3.0,3.3,4.2,4.7,0.3918,0.3645,0.3866,0.3552,5.6,1.8,55,0,2.5,7.334090869963972,153.0,1.0,0.0,28.0,0.8208955223880597,0.4
22022,201144,22201050,2023-03-17,MIN @ CHI,L,46,9,14,0.643,8,12,0.667,2,2,1.0,0,5,5,6,3,0,1,1,28,-12,1,Mike Conley,2022-23,46,14.6,14.1,3.4,3.6,4.8,4.7,0.4038,0.4288,0.42,0.4219,-0.2,0.9,56,0,0.5,7.866242926440664,169.0,1.0,0.0,12.0,0.835820895522388,0.4
22022,201144,22201058,2023-03-18,MIN @ TOR,L,26,4,8,0.5,0,4,0.0,4,4,1.0,0,2,2,3,1,0,1,2,12,-7,1,Mike Conley,2022-23,26,15.8,13.8,3.8,3.6,4.8,4.7,0.4704,0.4326,0.3534,0.3933,1.2,0.7,57,0,2.0,7.885288693369304,171.0,1.0,0.0,24.0,0.8507462686567164,0.4
22022,201144,22201073,2023-03-20,MIN @ NYK,W,32,6,11,0.545,3,5,0.6,9,9,1.0,1,3,4,11,2,1,2,1,24,11,1,Mike Conley,2022-23,32,18.4,15.3,3.4,3.7,5.6,5.1,0.5332,0.4442,0.44,0.3933,2.0,2.0,58,1,3.099999999999998,8.2872056676408,162.0,1.0,0.0,13.0,0.8656716417910447,0.5
22022,201144,22201090,2023-03-22,MIN vs. ATL,W,30,4,11,0.364,2,5,0.4,3,3,1.0,0,3,3,6,0,0,0,1,13,10,1,Mike Conley,2022-23,30,16.8,16.0,3.8,3.5,5.6,5.0,0.4676,0.4556,0.4,0.3933,0.2,2.7,59,1,0.8000000000000007,7.688375063113865,164.0,1.0,0.0,12.0,0.8805970149253731,0.5
22022,201144,22201121,2023-03-26,MIN @ GSW,W,31,4,11,0.364,4,9,0.444,0,2,0.0,1,1,2,2,2,0,2,3,12,-4,1,Mike Conley,2022-23,31,17.8,15.8,3.2,3.1,5.6,4.9,0.4831999999999999,0.4375,0.4222,0.4044,-0.4,2.6,60,1,2.0,7.77174369109018,165.0,1.0,0.0,16.0,0.8955223880597015,0.5
22022,201144,22201128,2023-03-27,MIN @ SAC,W,28,6,8,0.75,1,2,0.5,3,4,0.75,0,2,2,3,1,0,0,3,16,8,1,Mike Conley,2022-23,28,15.4,15.0,2.6,3.0,5.0,4.9,0.5046,0.4542,0.3888,0.4044,3.6,1.7,61,1,0.40000000000000036,7.226494462892934,147.0,0.0,0.0,7.0,0.9104477611940298,0.5
22022,201144,22201144,2023-03-29,MIN @ PHX,L,32,3,13,0.231,1,7,0.143,0,0,0.0,3,6,9,4,1,0,1,3,7,-11,1,Mike Conley,2022-23,32,14.4,15.1,4.0,3.9,5.2,5.0,0.4508,0.4606,0.4174,0.3854,2.8,2.0,62,0,-0.6999999999999993,7.09381577306757,153.0,0.0,0.0,25.0,0.9253731343283582,0.5
22022,201144,22201157,2023-03-31,MIN vs. LAL,L,32,7,11,0.636,4,6,0.667,7,8,0.875,0,3,3,7,3,0,2,6,25,5,1,Mike Conley,2022-23,32,14.6,16.5,3.8,3.6,4.4,5.0,0.469,0.5010999999999999,0.4307999999999999,0.4354,1.6,1.8,63,0,-1.9000000000000004,7.560864148142505,153.0,0.0,0.0,11.0,0.9402985074626866,0.5
22022,201144,22201166,2023-04-02,MIN vs. POR,L,35,2,8,0.25,2,6,0.333,5,5,1.0,1,3,4,6,0,0,1,2,11,-3,1,Mike Conley,2022-23,35,14.2,15.5,4.0,3.9,4.4,5.0,0.4462,0.4569,0.4174,0.4086999999999999,-1.0,-0.4,64,0,-1.3000000000000007,7.560864148142505,158.0,0.0,0.0,18.0,0.9552238805970149,0.4
22022,201144,22201180,2023-04-04,MIN @ BKN,W,33,6,9,0.667,3,5,0.6,3,4,0.75,0,1,1,1,1,1,1,1,18,2,1,Mike Conley,2022-23,33,15.4,16.6,3.8,3.5,4.2,4.9,0.5068,0.495,0.4486,0.4354,0.2,-0.1,65,1,-1.200000000000001,6.963396361610397,160.0,0.0,0.0,20.0,0.9701492537313433,0.5
22022,201144,22201214,2023-04-08,MIN @ SAS,W,24,6,9,0.667,5,7,0.714,3,4,0.75,0,1,1,5,0,0,2,2,20,15,1,Mike Conley,2022-23,24,16.2,15.8,3.6,3.1,4.6,4.8,0.4902,0.4974,0.4913999999999999,0.4401,1.6,2.6,66,1,0.3999999999999986,5.884065110297663,156.0,0.0,0.0,17.0,0.9850746268656716,0.6
22022,201144,22201225,2023-04-09,MIN vs. NOP,W,34,5,11,0.455,1,6,0.167,6,7,0.857,0,2,2,7,1,0,1,3,17,5,1,Mike Conley,2022-23,34,18.2,16.3,2.2,3.1,5.2,5.2,0.5349999999999999,0.4929,0.4962000000000001,0.4568,4.8,3.8,67,1,1.8999999999999986,5.735852159879997,158.0,1.0,0.0,11.0,1.0,0.7
22023,201144,22300069,2023-10-25,MIN @ TOR,L,31,4,9,0.444,1,4,0.25,2,2,1.0,1,3,4,3,1,1,1,1,11,-6,1,Mike Conley,2023-24,31,15.4,15.0,2.4,3.1,4.4,4.4,0.4966,0.4828,0.4128,0.4218,2.6,2.1,1,0,0.40000000000000036,5.249338582674542,157.0,0.0,0.0,14.0,0.013157894736842105,0.6
22023,201144,22300093,2023-10-28,MIN vs. MIA,W,29,6,10,0.6,2,6,0.333,0,0,0.0,2,2,4,5,1,0,0,1,14,21,1,Mike Conley,2023-24,29,16.0,15.1,2.4,3.2,4.2,4.3,0.5666,0.5064,0.4128,0.4150999999999999,7.4,3.2,2,1,0.9000000000000004,5.216427044549855,151.0,0.0,0.0,6.0,0.02631578947368421,0.6
22023,201144,22300104,2023-10-30,MIN @ ATL,L,28,2,9,0.222,2,6,0.333,0,0,0.0,1,1,2,3,0,0,0,3,6,-12,1,Mike Conley,2023-24,28,13.6,14.5,2.6,3.2,4.6,4.4,0.4775999999999999,0.4922000000000001,0.3594,0.404,4.6,2.4,3,0,-0.9000000000000004,5.911382616989401,146.0,0.0,0.0,17.0,0.039473684210526314,0.5
22023,201144,22300123,2023-11-01,MIN vs. DEN,W,27,7,9,0.778,3,4,0.75,0,0,0.0,0,3,3,6,1,0,0,1,17,19,1,Mike Conley,2023-24,27,13.0,14.6,3.0,3.3,4.8,4.7,0.4998,0.495,0.3666,0.429,5.4,3.5,4,1,-1.5999999999999996,5.947922139518791,149.0,0.0,0.0,7.0,0.05263157894736842,0.5
22023,201144,22300138,2023-11-04,MIN vs. UTA,W,28,3,9,0.333,1,4,0.25,0,0,0.0,0,3,3,6,1,0,0,4,7,23,1,Mike Conley,2023-24,28,11.0,14.6,3.2,2.7,4.6,4.9,0.4754,0.5052,0.3832,0.4397,9.0,6.9,5,1,-3.5999999999999996,5.947922139518791,143.0,0.0,1.0,8.0,0.06578947368421052,0.6
22023,201144,22300154,2023-11-06,MIN vs. BOS,W,36,3,5,0.6,2,3,0.667,0,0,0.0,0,2,2,3,2,0,0,1,8,-18,1,Mike Conley,2023-24,36,10.4,12.9,2.8,2.6,4.6,4.5,0.5066,0.5016,0.4666,0.4397,6.6,4.6,6,1,-2.5,4.998888765404656,148.0,0.0,1.0,12.0,0.07894736842105263,0.7
22023,201144,22300166,2023-11-08,MIN vs. NOP,W,21,4,5,0.8,4,5,0.8,0,0,0.0,0,4,4,4,1,0,0,2,12,16,1,Mike Conley,2023-24,21,10.0,13.0,2.8,2.6,4.4,4.3,0.5466,0.5566000000000001,0.5599999999999999,0.4864,5.6,6.5,7,1,-3.0,4.966554808583779,140.0,0.0,1.0,11.0,0.09210526315789473,0.8
22023,201144,22300013,2023-11-10,MIN @ SAS,W,31,3,7,0.429,1,3,0.333,4,4,1.0,2,1,3,6,0,0,4,3,11,4,1,Mike Conley,2023-24,31,11.0,12.3,3.0,2.8,5.0,4.8,0.588,0.5327999999999999,0.56,0.4597,8.8,6.7,8,1,-1.3000000000000007,4.667856991049413,143.0,0.0,1.0,8.0,0.10526315789473684,0.8
22023,201144,22300186,2023-11-12,MIN @ GSW,W,31,3,7,0.429,1,5,0.2,1,1,1.0,1,4,5,9,0,0,1,4,8,6,1,Mike Conley,2023-24,31,9.2,11.1,3.4,3.2,5.6,5.2,0.5182,0.509,0.45,0.4083,6.2,5.8,9,1,-1.9000000000000004,3.956710193526374,147.0,0.0,1.0,13.0,0.11842105263157894,0.8
22023,201144,22300025,2023-11-14,MIN @ GSW,W,31,4,6,0.667,3,4,0.75,2,2,1.0,0,2,2,8,2,0,1,1,13,12,1,Mike Conley,2023-24,31,10.4,10.7,3.2,3.2,6.0,5.3,0.585,0.5302,0.55,0.4666,4.0,6.5,10,1,-0.29999999999999893,3.465704994818669,150.0,0.0,1.0,14.0,0.13157894736842105,0.8
22023,201144,22300197,2023-11-15,MIN @ PHX,L,22,5,8,0.625,1,3,0.333,3,3,1.0,1,1,2,3,0,0,0,0,14,-16,1,Mike Conley,2023-24,22,11.6,11.0,3.2,3.0,6.0,5.3,0.5900000000000001,0.5483,0.4832000000000001,0.4749,4.4,5.5,11,0,0.5999999999999996,3.620926830400067,136.0,0.0,0.0,5.0,0.14473684210526316,0.8
22023,201144,22300203,2023-11-18,MIN @ NOP,W,30,2,8,0.25,1,5,0.2,0,0,0.0,0,3,3,5,1,0,3,1,5,-5,1,Mike Conley,2023-24,30,10.2,10.1,3.0,2.9,6.2,5.3,0.48,0.5133,0.3632,0.4615999999999999,0.2,2.9,12,1,0.09999999999999964,3.900142447540994,145.0,0.0,1.0,11.0,0.15789473684210525,0.8
22023,201144,22300221,2023-11-20,MIN vs. NYK,W,28,3,9,0.333,3,8,0.375,2,2,1.0,0,1,1,5,0,1,0,3,11,20,1,Mike Conley,2023-24,28,10.2,10.6,2.6,2.8,6.0,5.5,0.4608,0.5244,0.3716,0.4657999999999999,3.4,6.1,13,1,-0.40000000000000036,3.6270588023294454,142.0,0.0,1.0,5.0,0.17105263157894737,0.9
22023,201144,22300232,2023-11-22,MIN vs. PHI,W,23,2,5,0.4,1,2,0.5,0,0,0.0,0,0,0,8,3,0,1,1,5,6,1,Mike Conley,2023-24,23,9.6,9.4,1.6,2.5,5.8,5.7,0.455,0.4866,0.4316,0.4408,3.4,4.8,14,1,0.1999999999999993,3.238655413730954,134.0,0.0,1.0,6.0,0.18421052631578946,0.9
22023,201144,22300050,2023-11-24,MIN vs. SAC,L,30,2,7,0.286,2,3,0.667,0,0,0.0,1,2,3,9,1,0,1,1,6,-10,1,Mike Conley,2023-24,30,8.2,9.3,1.8,2.5,6.0,6.0,0.3787999999999999,0.4819,0.415,0.4825,-1.0,1.5,15,0,-1.1000000000000014,3.334999583541526,133.0,0.0,1.0,18.0,0.19736842105263158,0.8
22023,201144,22300249,2023-11-26,MIN @ MEM,W,32,6,11,0.545,6,9,0.667,0,0,0.0,0,4,4,10,1,0,2,1,18,8,1,Mike Conley,2023-24,32,9.0,10.3,2.2,2.7,7.4,6.7,0.3628,0.4763999999999999,0.4817999999999999,0.4825,3.8,4.1,16,1,-1.3000000000000007,4.270050741306627,143.0,0.0,1.0,9.0,0.21052631578947367,0.8
22023,201144,22300058,2023-11-28,MIN vs. OKC,W,37,3,14,0.214,3,10,0.3,0,0,0.0,0,2,2,8,1,0,0,2,9,17,1,Mike Conley,2023-24,37,9.8,10.0,2.0,2.5,8.0,7.1,0.3556,0.4178,0.5018,0.4325000000000001,8.2,4.2,17,1,-0.1999999999999993,4.242640687119278,150.0,0.0,0.0,8.0,0.2236842105263158,0.8
22023,201144,22300270,2023-11-30,MIN vs. UTA,W,29,2,6,0.333,2,6,0.333,2,2,1.0,0,3,3,7,2,0,2,3,8,4,1,Mike Conley,2023-24,29,9.2,9.7,2.4,2.5,8.4,7.2,0.3556,0.4082,0.4934000000000001,0.4325,5.0,4.2,18,1,-0.5,4.270050741306626,151.0,0.0,1.0,14.0,0.23684210526315788,0.8
22023,201144,22300281,2023-12-02,MIN @ CHA,W,34,3,9,0.333,1,7,0.143,7,8,0.875,0,5,5,10,0,0,1,2,14,10,1,Mike Conley,2023-24,34,11.0,10.3,3.4,2.5,8.8,7.3,0.3422,0.3986,0.422,0.4267999999999999,5.8,4.6,19,1,0.6999999999999993,4.423422506008963,162.0,0.0,0.0,18.0,0.25,0.8
22023,201144,22301210,2023-12-06,MIN vs. SAS,W,33,5,13,0.385,4,10,0.4,4,4,1.0,0,4,4,4,3,0,1,3,18,9,1,Mike Conley,2023-24,33,13.4,10.8,3.6,2.7,7.8,6.9,0.362,0.3704,0.3686,0.3918,9.6,4.3,20,1,2.5999999999999996,5.0066622281382855,165.0,1.0,0.0,19.0,0.2631578947368421,0.8
22023,201144,22301221,2023-12-08,MIN @ MEM,W,32,6,11,0.545,2,3,0.667,5,5,1.0,0,4,4,7,0,0,2,1,19,25,1,Mike Conley,2023-24,32,13.6,11.3,3.6,2.9,7.2,7.3,0.362,0.3624,0.3686,0.4252000000000001,13.0,8.4,21,1,2.299999999999999,5.578729445153456,165.0,1.0,0.0,17.0,0.27631578947368424,0.9
22023,201144,22300301,2023-12-11,MIN @ NOP,L,27,6,11,0.545,4,7,0.571,1,2,0.5,1,4,5,7,0,0,3,1,17,-19,1,Mike Conley,2023-24,27,15.2,12.5,4.2,3.1,7.0,7.5,0.4282,0.3919,0.4227999999999999,0.4623,5.8,7.0,22,0,2.6999999999999993,5.359311730271176,155.0,1.0,0.0,14.0,0.2894736842105263,0.8
22023,201144,22300321,2023-12-14,MIN @ DAL,W,29,5,9,0.556,2,4,0.5,2,2,1.0,0,2,2,3,1,0,1,2,14,7,1,Mike Conley,2023-24,29,16.4,12.8,4.0,3.2,6.2,7.3,0.4728,0.4142,0.4562,0.4748,6.4,5.7,23,1,3.599999999999998,5.349974039397035,155.0,1.0,0.0,5.0,0.3026315789473684,0.8
22023,201144,22300338,2023-12-16,MIN vs. IND,W,24,2,5,0.4,1,3,0.333,0,0,0.0,0,2,2,9,1,0,0,0,5,21,1,Mike Conley,2023-24,24,14.6,12.8,3.4,3.4,6.0,7.4,0.4862,0.4142,0.4942,0.4581,8.6,7.2,24,1,1.799999999999999,5.349974039397035,145.0,1.0,0.0,14.0,0.3157894736842105,0.8
22023,201144,22300353,2023-12-18,MIN @ MIA,W,33,4,5,0.8,4,5,0.8,2,2,1.0,0,1,1,6,1,0,4,1,14,4,1,Mike Conley,2023-24,33,13.8,13.6,2.8,3.2,6.4,7.1,0.5692,0.4656,0.5742,0.4714,7.6,8.6,25,1,0.20000000000000107,4.788875998951461,145.0,1.0,0.0,9.0,0.32894736842105265,0.9
22023,201144,22300367,2023-12-20,MIN @ PHI,L,26,3,7,0.429,1,4,0.25,2,2,1.0,0,0,0,4,0,0,2,1,9,1,1,Mike Conley,2023-24,26,11.8,12.7,2.0,2.8,5.8,6.5,0.546,0.454,0.4908,0.4297000000000001,2.8,7.9,26,0,-0.8999999999999986,4.7152235719352,139.0,0.0,0.0,16.0,0.34210526315789475,0.8
22023,201144,22300380,2023-12-21,MIN vs. LAL,W,30,6,9,0.667,4,6,0.667,0,0,0.0,0,1,1,8,2,1,1,1,16,3,1,Mike Conley,2023-24,30,11.6,13.4,1.2,2.7,6.0,6.5,0.5704,0.4993,0.51,0.4664,7.2,6.5,27,1,-1.8000000000000007,4.62361090250659,142.0,0.0,0.0,12.0,0.35526315789473684,0.8
22023,201144,22300400,2023-12-23,MIN @ SAC,W,32,4,10,0.4,3,7,0.429,1,1,1.0,0,7,7,9,2,0,2,1,12,28,1,Mike Conley,2023-24,32,11.2,13.8,2.2,3.1,7.2,6.7,0.5392,0.506,0.4958,0.476,11.4,8.9,28,1,-2.6000000000000014,4.263540521418531,145.0,0.0,0.0,17.0,0.3684210526315789,0.8
22023,201144,22300411,2023-12-26,MIN @ OKC,L,25,6,10,0.6,5,7,0.714,0,0,0.0,0,2,2,4,2,0,0,0,17,-10,1,Mike Conley,2023-24,25,13.6,14.1,2.2,2.8,6.2,6.1,0.5791999999999999,0.5327,0.5720000000000001,0.5331,5.2,6.9,29,0,-0.5,4.383048152953734,146.0,0.0,0.0,10.0,0.3815789473684211,0.7
22023,201144,22300423,2023-12-28,MIN vs. DAL,W,28,3,7,0.429,2,4,0.5,2,2,1.0,1,1,2,6,0,1,1,5,10,15,1,Mike Conley,2023-24,28,12.8,13.3,2.4,2.6,6.2,6.3,0.5050000000000001,0.5371,0.512,0.5431,7.4,7.5,30,1,-0.5,4.321779468896787,141.0,0.0,0.0,15.0,0.39473684210526316,0.7
22023,201144,22300443,2023-12-30,MIN vs. LAL,W,33,4,11,0.364,4,9,0.444,3,4,0.75,1,3,4,7,1,0,1,2,15,3,1,Mike Conley,2023-24,33,14.0,12.9,3.2,2.6,6.8,6.3,0.492,0.519,0.5508,0.5208,7.8,5.3,31,1,1.0999999999999996,3.9001424475410036,148.0,1.0,0.0,5.0,0.40789473684210525,0.7
22023,201144,22300451,2024-01-01,MIN @ NYK,L,29,2,6,0.333,0,1,0.0,1,1,1.0,0,2,2,5,1,1,0,1,5,-11,1,Mike Conley,2023-24,29,11.8,11.7,3.4,2.3,6.2,6.1,0.4251999999999999,0.4978000000000001,0.4173999999999999,0.4637,5.0,6.1,32,0,0.10000000000000142,4.3217794688967865,147.0,0.0,0.0,7.0,0.42105263157894735,0.7
22023,201144,22300471,2024-01-03,MIN vs. NOP,L,26,3,5,0.6,1,3,0.333,0,0,0.0,0,0,0,9,1,0,0,1,7,-14,1,Mike Conley,2023-24,26,10.8,11.0,2.0,2.1,6.2,6.7,0.4652,0.5022,0.3982,0.447,-3.4,4.0,33,0,-0.1999999999999993,4.47213595499958,141.0,0.0,0.0,8.0,0.4342105263157895,0.6
22023,201144,22300485,2024-01-05,MIN @ HOU,W,25,3,8,0.375,2,5,0.4,0,0,0.0,0,2,2,5,0,0,0,3,8,13,1,Mike Conley,2023-24,25,9.0,11.3,2.0,2.1,6.4,6.3,0.4202,0.4997,0.3354,0.4537,1.2,3.2,34,1,-2.3000000000000007,4.110960958218894,141.0,0.0,1.0,9.0,0.4473684210526316,0.6
22023,201144,22300501,2024-01-07,MIN @ DAL,L,32,3,7,0.429,3,6,0.5,0,0,0.0,0,1,1,7,0,0,2,1,9,-1,1,Mike Conley,2023-24,32,8.8,10.8,1.8,2.1,6.6,6.4,0.4202,0.4626,0.3354,0.4237,-2.0,2.7,35,0,-2.0,4.049691346263318,145.0,0.0,1.0,11.0,0.4605263157894737,0.5
22023,201144,22300513,2024-01-09,MIN @ ORL,W,31,3,8,0.375,3,6,0.5,2,2,1.0,0,3,3,10,2,0,1,3,11,23,1,Mike Conley,2023-24,31,8.0,11.0,1.6,2.4,7.2,7.0,0.4224,0.4572,0.3466,0.4487,2.0,4.9,36,1,-3.0,4.0,143.0,0.0,1.0,9.0,0.47368421052631576,0.6
22023,201144,22300538,2024-01-12,MIN vs. POR,W,20,3,7,0.429,3,5,0.6,0,0,0.0,0,4,4,10,0,0,0,1,9,34,1,Mike Conley,2023-24,20,8.8,10.3,2.0,2.7,8.2,7.2,0.4415999999999999,0.4333999999999999,0.4666,0.442,11.0,8.0,37,1,-1.5,3.622460796505908,134.0,0.0,1.0,6.0,0.4868421052631579,0.6
22023,201144,22300553,2024-01-14,MIN vs. LAC,W,32,2,7,0.286,2,6,0.333,0,0,0.0,1,1,2,5,1,0,2,2,6,-4,1,Mike Conley,2023-24,32,8.6,9.7,2.4,2.2,7.4,6.8,0.3787999999999999,0.422,0.4665999999999999,0.4324,13.0,4.8,38,1,-1.0999999999999996,3.802046232695697,140.0,0.0,1.0,8.0,0.5,0.6
22023,201144,22300569,2024-01-17,MIN @ DET,W,29,3,8,0.375,2,6,0.333,0,1,0.0,0,3,3,7,1,1,1,0,8,20,1,Mike Conley,2023-24,29,8.6,8.8,2.6,2.3,7.8,7.1,0.3787999999999999,0.3995,0.4532,0.3943,14.4,7.8,39,1,-0.20000000000000107,2.8205594401741543,144.0,0.0,1.0,17.0,0.5131578947368421,0.7
22023,201144,22300582,2024-01-18,MIN vs. MEM,W,30,7,11,0.636,3,6,0.5,0,0,0.0,2,2,4,10,2,0,0,1,17,11,1,Mike Conley,2023-24,30,10.2,9.5,3.2,2.5,8.4,7.5,0.4202,0.4202,0.4532,0.3943,16.8,7.4,40,1,0.6999999999999993,3.8369548110737783,142.0,0.0,0.0,3.0,0.5263157894736842,0.7
22023,201144,22300599,2024-01-20,MIN vs. OKC,L,29,1,11,0.091,1,9,0.111,0,0,0.0,0,3,3,4,0,1,3,3,3,-22,1,Mike Conley,2023-24,29,8.6,8.3,3.2,2.4,7.2,7.2,0.3634,0.3928999999999999,0.3754,0.361,7.8,4.9,41,0,0.29999999999999893,3.8020462326956954,140.0,0.0,1.0,10.0,0.5394736842105263,0.6
22023,201144,22300629,2024-01-25,MIN @ BKN,W,33,3,6,0.5,2,4,0.5,2,2,1.0,0,2,2,4,2,1,1,1,10,1,1,Mike Conley,2023-24,33,8.8,8.8,2.8,2.4,6.0,7.1,0.3776,0.4096,0.3554,0.4109999999999999,1.2,6.1,42,1,0.0,3.6453928305312817,153.0,0.0,0.0,10.0,0.5526315789473685,0.7
22023,201144,22300680,2024-01-31,MIN vs. DAL,W,25,4,6,0.667,2,3,0.667,0,0,0.0,0,4,4,3,1,1,1,2,10,25,1,Mike Conley,2023-24,25,9.6,9.1,3.2,2.8,5.6,6.5,0.4538,0.4163,0.4221999999999999,0.4444,7.0,10.0,43,1,0.5,3.6040101122068005,146.0,0.0,0.0,4.0,0.5657894736842105,0.8
22023,201144,22300694,2024-02-02,MIN vs. ORL,L,28,1,9,0.111,1,6,0.167,1,1,1.0,0,5,5,9,3,0,1,3,4,-13,1,Mike Conley,2023-24,28,8.8,8.7,3.6,3.1,6.0,6.9,0.4010000000000001,0.3899,0.389,0.4210999999999999,0.4,7.4,44,0,0.10000000000000142,3.9454615277134115,145.0,0.0,0.0,8.0,0.5789473684210527,0.7
22023,201144,22300709,2024-02-04,MIN vs. HOU,W,24,2,6,0.333,1,2,0.5,3,4,0.75,0,3,3,9,1,0,2,2,8,17,1,Mike Conley,2023-24,24,7.0,8.6,3.4,3.3,5.8,7.1,0.3404,0.3803,0.389,0.4211,1.6,9.2,45,1,-1.5999999999999996,3.9496835316262975,139.0,0.0,1.0,9.0,0.5921052631578947,0.8
22023,201144,22300723,2024-02-06,MIN @ CHI,L,36,3,7,0.429,3,7,0.429,0,0,0.0,0,0,0,8,0,0,0,2,9,-9,1,Mike Conley,2023-24,36,8.2,8.4,2.8,3.0,6.6,6.9,0.408,0.3857,0.4526,0.414,4.2,6.0,46,0,-0.20000000000000107,3.864367132317181,146.0,0.0,1.0,18.0,0.6052631578947368,0.7
22023,201144,22300738,2024-02-08,MIN @ MIL,W,31,6,8,0.75,6,7,0.857,0,0,0.0,0,5,5,9,0,0,1,2,18,6,1,Mike Conley,2023-24,31,9.8,9.3,3.4,3.1,7.6,6.8,0.458,0.4178,0.524,0.4397,5.2,3.2,47,1,0.5,4.922736366426027,144.0,0.0,0.0,5.0,0.618421052631579,0.7
22023,201144,22300770,2024-02-12,MIN @ LAC,W,24,2,5,0.4,1,3,0.333,0,0,0.0,1,3,4,7,2,0,1,1,5,10,1,Mike Conley,2023-24,24,8.8,9.2,3.4,3.3,8.4,7.0,0.4046,0.4291999999999999,0.4572,0.4397,2.2,4.6,48,1,-0.3999999999999986,5.006662228138288,143.0,0.0,0.0,7.0,0.631578947368421,0.7
22023,201144,22300775,2024-02-13,MIN @ POR,W,26,2,7,0.286,1,5,0.2,2,2,1.0,1,3,4,6,2,3,2,2,7,6,1,Mike Conley,2023-24,26,9.4,9.1,3.2,3.4,7.8,6.9,0.4396,0.4203,0.4638000000000001,0.4264,6.0,3.2,49,1,0.3000000000000007,5.043147165543885,141.0,0.0,0.0,12.0,0.6447368421052632,0.7
22023,201144,22300791,2024-02-15,MIN @ POR,W,22,3,6,0.5,2,4,0.5,4,4,1.0,2,2,4,3,1,0,0,1,12,6,1,Mike Conley,2023-24,22,10.2,8.6,3.4,3.4,6.6,6.2,0.473,0.4067,0.4638,0.4264,3.8,2.7,50,1,1.5999999999999996,4.376706016578624,139.0,0.0,0.0,9.0,0.6578947368421053,0.7
22023,201144,22300808,2024-02-23,MIN vs. MIL,L,28,4,8,0.5,1,2,0.5,0,0,0.0,2,0,2,2,2,0,3,0,9,0,1,Mike Conley,2023-24,28,10.2,9.2,3.8,3.3,5.4,6.0,0.4871999999999999,0.4476,0.478,0.4653,5.6,4.9,51,0,1.0,3.9101008796307126,131.0,1.0,0.0,14.0,0.6710526315789473,0.7
22023,201144,22300815,2024-02-24,MIN vs. BKN,W,30,5,10,0.5,4,8,0.5,0,0,0.0,0,3,3,3,1,0,1,1,14,4,1,Mike Conley,2023-24,30,9.4,9.6,3.4,3.4,4.2,5.9,0.4372,0.4476,0.4065999999999999,0.4653,5.2,5.2,52,1,-0.1999999999999993,4.195235392680605,130.0,0.0,0.0,16.0,0.6842105263157895,0.7
22023,201144,22300838,2024-02-27,MIN vs. SAS,W,20,6,10,0.6,4,6,0.667,0,0,0.0,0,0,0,1,1,0,0,1,16,9,1,Mike Conley,2023-24,20,11.6,10.2,2.6,3.0,3.0,5.7,0.4772,0.4408999999999999,0.4734,0.4653,5.0,3.6,53,1,1.4000000000000004,4.661902329879224,126.0,1.0,0.0,4.0,0.6973684210526315,0.7
22023,201144,22300845,2024-02-28,MIN vs. MEM,W,28,1,4,0.25,1,4,0.25,1,2,0.5,1,4,5,7,0,0,2,1,4,-8,1,Mike Conley,2023-24,28,11.0,10.2,2.8,3.0,3.2,5.5,0.47,0.4547999999999999,0.4833999999999999,0.4736000000000001,2.2,4.1,54,1,0.8000000000000007,4.661902329879224,128.0,1.0,0.0,14.0,0.7105263157894737,0.8
22023,201144,22300862,2024-03-01,MIN vs. SAC,L,36,4,8,0.5,1,3,0.333,5,6,0.833,0,3,3,8,2,0,3,3,14,-22,1,Mike Conley,2023-24,36,11.4,10.8,2.6,3.0,4.2,5.4,0.47,0.4715,0.45,0.4569000000000001,-3.4,0.2,55,0,0.5999999999999996,4.7328638264796945,142.0,1.0,0.0,0.0,0.7236842105263158,0.7
22023,201144,22300873,2024-03-03,MIN vs. LAC,L,28,0,4,0.0,0,3,0.0,0,0,0.0,1,6,7,5,0,0,3,2,0,8,1,Mike Conley,2023-24,28,9.6,9.9,3.6,3.7,4.8,5.1,0.37,0.4286,0.35,0.414,-1.8,1.9,56,0,-0.3000000000000007,5.839520528262573,142.0,0.0,0.0,19.0,0.7368421052631579,0.7
22023,201144,22300881,2024-03-04,MIN vs. POR,W,29,6,13,0.462,2,6,0.333,5,5,1.0,2,0,2,7,3,0,2,1,19,-3,1,Mike Conley,2023-24,29,10.6,10.0,3.4,3.4,5.6,4.9,0.3624,0.3998,0.3166,0.3616,-3.2,1.0,57,1,0.5999999999999996,6.0,141.0,0.0,0.0,5.0,0.75,0.7
22023,201144,22300903,2024-03-07,MIN @ IND,W,30,2,9,0.222,1,6,0.167,0,0,0.0,1,4,5,4,2,0,2,1,5,0,1,Mike Conley,2023-24,30,8.4,10.0,4.4,3.5,6.2,4.6,0.2868,0.382,0.2166,0.345,-5.0,0.0,58,1,-1.5999999999999996,6.0,151.0,0.0,0.0,9.0,0.7631578947368421,0.7
22023,201144,22300911,2024-03-08,MIN @ CLE,L,32,4,11,0.364,0,5,0.0,1,1,1.0,1,2,3,5,0,0,1,1,9,-10,1,Mike Conley,2023-24,32,9.4,10.2,4.0,3.4,5.8,4.5,0.3096,0.3898,0.1666,0.325,-5.4,-1.6,59,0,-0.7999999999999989,5.921711464320654,155.0,0.0,0.0,9.0,0.7763157894736842,0.6
22023,201144,22300932,2024-03-10,MIN @ LAL,L,29,3,6,0.5,1,3,0.333,2,2,1.0,0,3,3,6,1,0,0,3,9,-24,1,Mike Conley,2023-24,29,8.4,9.9,4.0,3.3,5.4,4.8,0.3096,0.3898,0.1666,0.3083,-5.8,-4.6,60,0,-1.5,5.896326540030383,148.0,0.0,0.0,23.0,0.7894736842105263,0.5
22023,201144,22300944,2024-03-12,MIN @ LAC,W,27,9,15,0.6,5,8,0.625,0,0,0.0,2,1,3,3,1,0,1,0,23,4,1,Mike Conley,2023-24,27,13.0,11.3,3.2,3.4,5.0,4.9,0.4296,0.3998,0.2915999999999999,0.3208,-6.6,-4.2,61,1,1.6999999999999993,7.180993431738167,147.0,1.0,0.0,25.0,0.8026315789473685,0.6
22023,201144,22300974,2024-03-16,MIN @ UTA,W,30,8,12,0.667,5,8,0.625,4,5,0.8,1,1,2,2,0,0,0,1,25,4,1,Mike Conley,2023-24,30,14.2,12.4,3.2,3.3,4.0,4.8,0.4705999999999999,0.4165,0.35,0.3333,-5.2,-4.2,62,1,1.799999999999999,8.382521498133286,148.0,1.0,0.0,4.0,0.8157894736842105,0.6
22023,201144,22300987,2024-03-18,MIN @ UTA,W,27,2,8,0.25,0,5,0.0,0,0,0.0,0,1,1,2,2,1,1,2,4,15,1,Mike Conley,2023-24,27,14.0,11.2,2.4,3.4,3.6,4.9,0.4762,0.3815,0.3166,0.2666,-2.2,-3.6,63,1,2.8000000000000007,8.664102184685191,145.0,1.0,0.0,13.0,0.8289473684210527,0.6
22023,201144,22300995,2024-03-19,MIN vs. DEN,L,29,3,7,0.429,1,4,0.25,6,6,1.0,2,4,6,5,1,0,2,5,13,10,1,Mike Conley,2023-24,29,14.8,12.1,3.0,3.5,3.6,4.7,0.4892,0.3994,0.3666,0.2666,1.8,-1.8,64,0,2.700000000000001,8.29256695279976,142.0,1.0,0.0,21.0,0.8421052631578947,0.5
22023,201144,22301014,2024-03-22,MIN vs. CLE,W,32,8,15,0.533,3,6,0.5,2,3,0.667,0,2,2,6,1,1,0,1,21,6,1,Mike Conley,2023-24,32,17.2,12.8,2.8,3.4,3.6,4.5,0.4958,0.4027,0.4,0.2833,7.8,1.0,65,1,4.399999999999999,8.753412033157257,145.0,1.0,0.0,14.0,0.8552631578947368,0.6
22023,201144,22301031,2024-03-24,MIN vs. GSW,W,30,5,12,0.417,3,7,0.429,1,2,0.5,0,1,1,7,4,0,2,2,14,3,1,Mike Conley,2023-24,30,15.4,14.2,2.4,2.8,4.4,4.7,0.4591999999999999,0.4444,0.3608,0.3262,7.6,0.5,66,1,1.200000000000001,7.509993342207439,148.0,1.0,0.0,9.0,0.868421052631579,0.7
22023,201144,22301056,2024-03-27,MIN vs. DET,W,25,3,8,0.375,1,5,0.2,2,2,1.0,0,0,0,7,2,1,2,2,9,5,1,Mike Conley,2023-24,25,12.2,13.2,2.0,2.6,5.4,4.7,0.4008,0.4357,0.2758,0.3129,7.8,1.3,67,1,-1.0,7.465476095557026,143.0,0.0,0.0,23.0,0.881578947368421,0.7
22023,201144,22301071,2024-03-29,MIN @ DEN,W,32,8,12,0.667,5,6,0.833,2,2,1.0,0,3,3,8,0,0,2,3,23,6,1,Mike Conley,2023-24,32,16.0,15.0,2.4,2.4,6.6,5.1,0.4842000000000001,0.4801999999999999,0.4423999999999999,0.3795,6.0,1.9,68,1,1.0,7.4386378681404715,148.0,1.0,0.0,19.0,0.8947368421052632,0.7
22023,201144,22301084,2024-03-31,MIN vs. CHI,L,29,7,11,0.636,5,9,0.556,0,0,0.0,0,1,1,7,4,0,1,2,19,-6,1,Mike Conley,2023-24,29,17.2,16.0,1.4,2.2,7.0,5.3,0.5256000000000001,0.5074,0.5035999999999999,0.4351,2.8,2.3,69,0,1.1999999999999993,7.211102550927985,148.0,1.0,0.0,14.0,0.9078947368421053,0.7
22023,201144,22301098,2024-04-02,MIN vs. HOU,W,30,4,7,0.571,3,4,0.75,3,3,1.0,0,2,2,6,3,0,4,2,14,5,1,Mike Conley,2023-24,30,15.8,16.5,1.4,2.1,7.0,5.3,0.5332,0.5145,0.5536,0.4768,2.6,5.2,70,1,-0.6999999999999993,6.835365551469968,146.0,1.0,0.0,5.0,0.9210526315789473,0.8
22023,201144,22301125,2024-04-05,MIN @ PHX,L,25,1,6,0.167,1,3,0.333,2,2,1.0,0,0,0,3,0,0,3,1,5,-27,1,Mike Conley,2023-24,25,14.0,14.7,1.2,1.8,6.2,5.3,0.4832000000000001,0.4712,0.5344,0.4476,-3.4,2.1,71,0,-0.6999999999999993,7.288499312082172,141.0,0.0,0.0,7.0,0.9342105263157895,0.7
22023,201144,22301143,2024-04-07,MIN @ LAL,W,26,2,8,0.25,1,5,0.2,2,2,1.0,1,3,4,6,2,0,4,3,7,14,1,Mike Conley,2023-24,26,13.6,12.9,2.0,2.0,6.0,5.7,0.4582,0.4295,0.5344,0.4051,-1.6,3.1,72,1,0.6999999999999993,6.657493689236384,142.0,0.0,0.0,15.0,0.9473684210526315,0.7
22023,201144,22301152,2024-04-09,MIN vs. WAS,W,28,5,11,0.455,5,9,0.556,0,0,0.0,1,1,2,3,1,0,2,1,15,14,1,Mike Conley,2023-24,28,12.0,14.0,1.8,2.1,5.0,5.8,0.4157999999999999,0.45,0.479,0.4607,0.0,3.0,73,1,-2.0,5.887840577551905,138.0,0.0,0.0,19.0,0.9605263157894737,0.7
22023,201144,22301164,2024-04-10,MIN @ DEN,L,30,7,12,0.583,5,9,0.556,0,0,0.0,1,3,4,2,1,0,3,0,19,-10,1,Mike Conley,2023-24,30,12.0,14.6,2.4,1.9,4.0,5.5,0.4051999999999999,0.4654,0.479,0.4913,-0.8,1.0,74,0,-2.5999999999999996,6.077280093375113,139.0,0.0,0.0,13.0,0.9736842105263158,0.7
22023,201144,22301178,2024-04-12,MIN vs. ATL,W,31,5,11,0.455,2,6,0.333,1,1,1.0,1,5,6,10,2,0,2,3,13,6,1,Mike Conley,2023-24,31,11.8,13.8,3.2,2.3,4.8,5.9,0.382,0.4575999999999999,0.3956,0.4746,-0.6,1.0,75,1,-2.0,5.652924513520026,140.0,0.0,0.0,17.0,0.9868421052631579,0.7
22023,201144,22301194,2024-04-14,MIN vs. PHX,L,27,5,7,0.714,4,5,0.8,3,3,1.0,1,3,4,2,1,2,3,1,17,-14,1,Mike Conley,2023-24,27,14.2,14.1,4.0,2.6,4.6,5.4,0.4913999999999999,0.4873,0.489,0.5117,2.0,-0.7,76,0,0.09999999999999964,5.743595467030122,142.0,0.0,0.0,5.0,1.0,0.6
22024,201144,22400062,2024-10-22,MIN @ LAL,L,20,1,7,0.143,0,5,0.0,3,3,1.0,2,2,4,2,1,0,3,1,5,-22,1,Mike Conley,2024-25,20,13.8,13.7,4.0,3.0,3.8,4.9,0.47,0.4641,0.449,0.4916999999999999,-5.2,-3.4,1,0,0.10000000000000142,6.254775952999619,136.0,0.0,0.0,6.0,0.014084507042253521,0.5
22024,201144,22400076,2024-10-24,MIN @ SAC,W,27,2,9,0.222,2,7,0.286,0,0,0.0,1,1,2,4,0,1,0,2,6,-6,1,Mike Conley,2024-25,27,12.0,12.0,4.0,2.9,4.0,4.5,0.4234,0.4196,0.395,0.437,-9.2,-4.6,2,1,0.0,5.734883511361754,135.0,0.0,0.0,10.0,0.028169014084507043,0.5
22024,201144,22400093,2024-10-26,MIN vs. TOR,W,26,2,9,0.222,2,6,0.333,4,4,1.0,1,2,3,6,4,1,1,1,10,17,1,Mike Conley,2024-25,26,10.2,11.1,3.8,3.1,4.8,4.4,0.3512,0.3782,0.3504,0.4147,-3.8,-2.3,3,1,-0.9000000000000004,5.195083145522205,131.0,0.0,1.0,9.0,0.04225352112676056,0.6
22024,201144,22400114,2024-10-29,MIN vs. DAL,L,22,2,6,0.333,2,4,0.5,3,3,1.0,1,3,4,6,0,0,2,4,9,0,1,Mike Conley,2024-25,22,9.4,10.6,3.4,3.3,4.0,4.4,0.3268,0.3544,0.3838,0.3897,-5.0,-2.8,4,0,-1.1999999999999993,5.125101625008684,122.0,0.0,1.0,9.0,0.056338028169014086,0.5
22024,201144,22400139,2024-11-01,MIN vs. DEN,W,26,2,7,0.286,2,5,0.4,3,4,0.75,0,0,0,5,1,0,1,4,9,10,1,Mike Conley,2024-25,26,7.8,11.0,2.6,3.3,4.6,4.6,0.2412,0.3663,0.3038,0.3964,-0.2,0.9,5,1,-3.2,4.784233364802441,121.0,0.0,1.0,5.0,0.07042253521126761,0.6
22024,201144,22400146,2024-11-02,MIN @ SAS,L,21,2,4,0.5,1,3,0.333,0,0,0.0,1,2,3,3,3,0,2,2,5,-12,1,Mike Conley,2024-25,21,7.8,10.8,2.4,3.2,4.8,4.3,0.3126,0.3913,0.3704,0.4097,1.8,-1.7,6,0,-3.000000000000001,5.006662228138289,122.0,0.0,1.0,11.0,0.08450704225352113,0.5
22024,201144,22400162,2024-11-04,MIN vs. CHA,W,23,4,8,0.5,3,5,0.6,0,0,0.0,1,4,5,4,0,1,0,0,11,20,1,Mike Conley,2024-25,23,8.8,10.4,3.0,3.5,4.8,4.4,0.3681999999999999,0.3958,0.4332,0.4141,7.0,-1.1,7,1,-1.5999999999999996,4.788875998951457,118.0,0.0,1.0,14.0,0.09859154929577464,0.5
22024,201144,22400181,2024-11-07,MIN @ CHI,W,26,5,9,0.556,3,6,0.5,1,1,1.0,0,2,2,11,0,0,0,2,14,7,1,Mike Conley,2024-25,26,9.6,9.9,2.8,3.3,5.8,5.3,0.4349999999999999,0.3931,0.4666,0.4085,5.0,0.6,8,1,-0.3000000000000007,3.98469293393829,118.0,0.0,1.0,2.0,0.11267605633802817,0.6
22024,201144,22400193,2024-11-08,MIN vs. POR,W,18,1,7,0.143,0,4,0.0,0,0,0.0,0,1,1,2,1,0,0,2,2,10,1,Mike Conley,2024-25,18,8.2,8.8,2.2,2.8,5.0,4.5,0.3969999999999999,0.3619,0.3666,0.3752,7.0,1.0,9,1,-0.6000000000000014,4.516635916254478,114.0,0.0,1.0,4.0,0.1267605633802817,0.6
22024,201144,22400206,2024-11-10,MIN vs. MIA,L,24,2,9,0.222,0,5,0.0,0,0,0.0,1,4,5,3,3,0,4,2,4,-16,1,Mike Conley,2024-25,24,7.2,7.5,3.2,2.9,4.6,4.6,0.3842,0.3127,0.2865999999999999,0.2952,1.8,0.8,10,0,-0.2999999999999998,3.689323936863093,112.0,0.0,1.0,6.0,0.14084507042253522,0.6
22024,201144,22400008,2024-11-12,MIN @ POR,L,24,2,5,0.4,2,5,0.4,0,0,0.0,0,4,4,6,2,0,1,1,6,7,1,Mike Conley,2024-25,24,7.4,7.6,3.4,2.9,5.2,5.0,0.3642,0.3384,0.3,0.3352,5.6,3.7,11,0,-0.1999999999999993,3.6270588023294352,115.0,0.0,1.0,14.0,0.15492957746478872,0.6
22024,201144,22400020,2024-11-15,MIN @ SAC,W,37,4,12,0.333,4,9,0.444,2,3,0.667,0,4,4,7,5,0,0,1,14,10,1,Mike Conley,2024-25,37,8.0,8.4,3.2,3.1,5.8,5.3,0.3308,0.3495,0.2688,0.351,3.6,5.3,12,1,-0.40000000000000036,4.087922591134893,129.0,0.0,1.0,3.0,0.16901408450704225,0.6
22024,201144,22400234,2024-11-17,MIN vs. PHX,W,30,1,2,0.5,1,1,1.0,0,1,0.0,0,4,4,3,2,0,1,0,3,14,1,Mike Conley,2024-25,30,5.8,7.7,3.6,3.2,4.2,5.0,0.3196,0.3773,0.3688,0.4176999999999999,5.0,5.0,13,1,-1.9000000000000004,4.372896319628686,133.0,0.0,1.0,16.0,0.18309859154929578,0.6
22024,201144,22400294,2024-11-27,MIN vs. SAC,L,32,4,11,0.364,3,8,0.375,5,5,1.0,0,1,1,4,2,0,3,1,16,-11,1,Mike Conley,2024-25,32,8.6,8.4,3.6,2.9,4.6,4.8,0.3638,0.3803999999999999,0.4438000000000001,0.4051999999999999,0.8,3.9,14,0,0.1999999999999993,5.103375789067894,147.0,0.0,0.0,13.0,0.19718309859154928,0.6
22024,201144,22400044,2024-11-29,MIN vs. LAC,W,33,3,7,0.429,3,5,0.6,4,4,1.0,0,2,2,3,2,0,3,3,13,7,1,Mike Conley,2024-25,33,10.4,8.8,3.0,3.1,4.6,4.6,0.4051999999999999,0.3947,0.5638,0.4251999999999999,5.4,3.6,15,1,1.5999999999999996,5.308274463305161,156.0,0.0,0.0,9.0,0.2112676056338028,0.6
22024,201144,22400318,2024-12-02,MIN vs. LAL,W,22,3,7,0.429,3,6,0.5,0,0,0.0,0,3,3,6,0,0,2,1,9,21,1,Mike Conley,2024-25,22,11.0,9.2,2.8,3.1,4.6,4.9,0.411,0.3876,0.5838,0.4419,8.2,6.9,16,1,1.8000000000000007,5.138093031466045,154.0,0.0,0.0,11.0,0.22535211267605634,0.7
22024,201144,22400324,2024-12-04,MIN @ LAC,W,20,5,8,0.625,1,4,0.25,0,0,0.0,0,3,3,2,0,0,1,1,11,13,1,Mike Conley,2024-25,20,10.4,9.2,2.6,2.9,3.6,4.7,0.4694,0.4000999999999999,0.545,0.4069,8.8,6.2,17,1,1.200000000000001,5.138093031466045,137.0,0.0,0.0,13.0,0.23943661971830985,0.7
22024,201144,22400338,2024-12-06,MIN @ GSW,W,27,5,12,0.417,3,9,0.333,0,0,0.0,0,4,4,4,3,1,3,2,13,12,1,Mike Conley,2024-25,27,12.4,9.1,2.6,3.1,3.8,4.0,0.4528,0.3862,0.4115999999999999,0.3902,8.4,6.7,18,1,3.3000000000000007,5.043147165543879,134.0,1.0,0.0,12.0,0.2535211267605634,0.7
22024,201144,22400355,2024-12-08,MIN @ GSW,L,25,3,7,0.429,3,6,0.5,3,3,1.0,1,1,2,3,1,0,0,2,12,-9,1,Mike Conley,2024-25,25,11.6,10.1,2.8,3.2,3.6,4.1,0.4658,0.4147999999999999,0.4366,0.4402,8.8,4.8,19,0,1.5,4.433458644845524,127.0,1.0,0.0,2.0,0.2676056338028169,0.6
22024,201144,22401210,2024-12-13,MIN vs. LAL,W,29,0,6,0.0,0,4,0.0,2,2,1.0,0,4,4,7,0,0,0,0,2,12,1,Mike Conley,2024-25,29,9.4,9.9,3.2,3.1,4.4,4.5,0.38,0.3926,0.3166,0.4402,9.8,7.6,20,1,-0.5,4.771442828607152,123.0,0.0,0.0,9.0,0.28169014084507044,0.7
22024,201144,22401218,2024-12-15,MIN @ SAS,W,28,3,9,0.333,3,5,0.6,0,0,0.0,3,2,5,8,1,1,3,2,9,4,1,Mike Conley,2024-25,28,9.4,10.2,3.6,3.2,4.8,4.7,0.3608,0.3859,0.3366,0.4601999999999999,6.4,7.3,21,1,-0.7999999999999989,4.589843860815598,129.0,0.0,0.0,3.0,0.29577464788732394,0.8
22024,201144,22400367,2024-12-19,MIN vs. NYK,L,18,1,5,0.2,1,3,0.333,0,0,0.0,0,0,0,2,1,1,0,1,3,-19,1,Mike Conley,2024-25,18,7.8,9.1,3.0,2.8,4.8,4.2,0.2758,0.3726,0.3532,0.4490999999999999,0.0,4.4,22,0,-1.2999999999999998,4.886489310105744,127.0,0.0,0.0,3.0,0.30985915492957744,0.7
22024,201144,22400383,2024-12-21,MIN vs. GSW,L,25,1,6,0.167,1,5,0.2,0,0,0.0,0,2,2,5,1,0,2,4,3,-1,1,Mike Conley,2024-25,25,5.8,9.1,2.6,2.6,5.0,4.4,0.2258,0.3393,0.3266,0.3691,-2.6,2.9,23,0,-3.3,4.886489310105744,125.0,0.0,1.0,11.0,0.323943661971831,0.6
22024,201144,22400395,2024-12-23,MIN @ ATL,L,27,4,6,0.667,3,5,0.6,0,0,0.0,0,2,2,6,3,0,1,1,11,-8,1,Mike Conley,2024-25,27,5.6,8.6,2.6,2.7,5.6,4.6,0.2734,0.3696,0.3466,0.3915999999999999,-2.4,3.2,24,0,-3.0,4.325634186002214,127.0,0.0,1.0,10.0,0.3380281690140845,0.6
22024,201144,22400406,2024-12-25,MIN @ DAL,W,26,4,9,0.444,1,5,0.2,1,1,1.0,0,2,2,3,1,0,0,2,10,1,1,Mike Conley,2024-25,26,7.2,8.3,2.2,2.7,4.8,4.6,0.3622,0.3711,0.3866,0.3516,-4.6,2.6,25,1,-1.1000000000000005,4.083843505544463,124.0,0.0,1.0,3.0,0.352112676056338,0.6
22024,201144,22400422,2024-12-27,MIN @ HOU,W,24,1,5,0.2,1,4,0.25,0,0,0.0,1,1,2,2,2,0,0,0,3,-17,1,Mike Conley,2024-25,24,6.0,7.7,1.6,2.6,3.6,4.2,0.3356,0.3482,0.3166,0.3266,-8.8,-1.2,26,1,-1.7000000000000002,4.398231968012185,120.0,0.0,1.0,5.0,0.36619718309859156,0.6
22024,201144,22400441,2024-12-29,MIN vs. SAS,W,23,1,5,0.2,1,4,0.25,2,2,1.0,0,2,2,3,0,0,0,3,5,-11,1,Mike Conley,2024-25,23,6.4,7.1,2.0,2.5,3.8,4.3,0.3356,0.3056999999999999,0.3,0.3266,-7.2,-3.6,27,1,-0.6999999999999993,4.306326095924962,125.0,0.0,1.0,16.0,0.38028169014084506,0.6
22024,201144,22400452,2024-12-31,MIN @ OKC,L,23,5,10,0.5,4,7,0.571,2,2,1.0,1,0,1,4,2,0,1,1,16,-2,1,Mike Conley,2024-25,23,9.0,7.4,1.8,2.2,3.6,4.3,0.4022,0.314,0.3742,0.3503999999999999,-7.4,-5.0,28,0,1.5999999999999996,4.83505716385832,123.0,0.0,0.0,5.0,0.39436619718309857,0.5
22024,201144,22400464,2025-01-02,MIN vs. BOS,L,19,2,4,0.5,1,2,0.5,0,0,0.0,1,1,2,3,0,0,1,0,5,1,1,Mike Conley,2024-25,19,7.8,6.7,1.8,2.2,3.0,4.3,0.3687999999999999,0.3211,0.3542,0.3503999999999999,-5.6,-4.0,29,0,1.0999999999999996,4.595891885393094,115.0,0.0,0.0,0.0,0.4084507042253521,0.5
22024,201144,22400479,2025-01-04,MIN @ DET,L,21,0,4,0.0,0,3,0.0,0,0,0.0,0,0,0,5,2,0,1,1,0,-18,1,Mike Conley,2024-25,21,5.8,6.5,1.4,1.8,3.4,4.1,0.2799999999999999,0.3211,0.3142,0.3503999999999999,-9.4,-7.0,30,0,-0.7000000000000002,4.859126579037736,110.0,0.0,1.0,11.0,0.4225352112676056,0.4
22024,201144,22400500,2025-01-06,MIN vs. LAC,W,26,4,8,0.5,2,3,0.667,1,1,1.0,1,3,4,3,1,0,1,1,11,11,1,Mike Conley,2024-25,26,7.4,6.7,1.8,1.7,3.6,3.6,0.3399999999999999,0.3378,0.3976,0.3571,-3.8,-6.3,31,1,0.7000000000000002,5.012207320355183,112.0,0.0,0.0,8.0,0.43661971830985913,0.4
22024,201144,22400505,2025-01-07,MIN @ NOP,W,25,2,4,0.5,1,3,0.333,3,4,0.75,1,3,4,6,0,0,1,1,8,-12,1,Mike Conley,2024-25,25,8.0,7.2,2.2,2.1,4.2,4.0,0.4,0.3678,0.4142,0.3571,-4.0,-5.6,32,1,0.7999999999999998,4.848825745591503,114.0,0.0,0.0,9.0,0.4507042253521127,0.5
22024,201144,22400519,2025-01-09,MIN @ ORL,W,23,3,7,0.429,1,2,0.5,2,2,1.0,0,4,4,2,2,0,1,0,9,23,1,Mike Conley,2024-25,23,6.6,7.8,2.8,2.3,3.8,3.7,0.3858,0.394,0.4,0.3871,1.0,-3.2,33,1,-1.2000000000000002,4.638007234913612,114.0,0.0,1.0,3.0,0.4647887323943662,0.6
22024,201144,22400535,2025-01-11,MIN vs. MEM,L,15,1,4,0.25,1,3,0.333,0,0,0.0,0,0,0,2,0,0,1,0,3,0,1,Mike Conley,2024-25,15,6.2,7.0,2.4,2.1,3.6,3.3,0.3358,0.3523,0.3666,0.3603999999999999,0.8,-2.4,34,0,-0.7999999999999998,4.714045207910303,110.0,0.0,1.0,7.0,0.4788732394366197,0.6
22024,201144,22400548,2025-01-13,MIN @ WAS,W,20,1,3,0.333,1,2,0.5,4,5,0.8,0,5,5,4,0,1,1,2,7,4,1,Mike Conley,2024-25,20,7.6,6.7,3.4,2.4,3.4,3.4,0.4024,0.3412,0.4666,0.3903999999999999,5.2,-2.1,35,1,0.8999999999999995,4.595891885393094,109.0,0.0,0.0,1.0,0.49295774647887325,0.6
22024,201144,22400565,2025-01-15,MIN vs. GSW,L,19,0,3,0.0,0,2,0.0,1,2,0.5,0,0,0,3,0,1,0,1,1,-3,1,Mike Conley,2024-25,19,5.6,6.5,2.6,2.2,3.4,3.5,0.3024,0.3212,0.3332,0.3654,2.4,-0.7,36,0,-0.9000000000000004,4.813176359397869,102.0,0.0,1.0,13.0,0.5070422535211268,0.5
22024,201144,22400578,2025-01-17,MIN @ NYK,W,25,5,9,0.556,3,5,0.6,0,0,0.0,0,0,0,2,1,0,1,1,13,16,1,Mike Conley,2024-25,25,6.6,7.3,1.8,2.0,2.6,3.4,0.3136,0.3568,0.3866,0.4004,8.0,2.0,37,1,-0.7000000000000002,5.186520991955964,102.0,0.0,0.0,9.0,0.5211267605633803,0.5
22024,201144,22400590,2025-01-18,MIN vs. CLE,L,23,3,7,0.429,3,6,0.5,0,0,0.0,1,2,3,3,0,0,1,1,9,-5,1,Mike Conley,2024-25,23,6.6,6.6,1.6,2.2,2.8,3.3,0.3136,0.3497,0.3866,0.3933,2.4,1.7,38,0,0.0,4.273952113286545,102.0,0.0,0.0,5.0,0.5352112676056338,0.5
22024,201144,22400601,2025-01-20,MIN @ MEM,L,25,1,6,0.167,1,4,0.25,2,2,1.0,1,3,4,8,1,0,1,3,5,-7,1,Mike Conley,2024-25,25,7.0,6.6,2.4,2.4,4.0,3.8,0.297,0.3163999999999999,0.37,0.3682999999999999,1.0,0.9,39,0,0.40000000000000036,4.273952113286545,112.0,0.0,0.0,18.0,0.5492957746478874,0.5
22024,201144,22400614,2025-01-22,MIN @ DAL,W,32,6,9,0.667,4,6,0.667,2,2,1.0,1,4,5,8,2,0,0,3,18,19,1,Mike Conley,2024-25,32,9.2,8.4,2.4,2.9,4.8,4.1,0.3638,0.3831,0.4034000000000001,0.4349999999999999,4.0,4.6,40,1,0.7999999999999989,4.926120853842969,124.0,1.0,0.0,9.0,0.5633802816901409,0.6
22024,201144,22400634,2025-01-25,MIN vs. DEN,W,23,3,3,1.0,3,3,1.0,0,0,0.0,0,1,1,5,3,0,1,0,9,23,1,Mike Conley,2024-25,23,10.8,8.2,2.6,2.6,5.2,4.3,0.5638,0.4331,0.6034,0.4683,9.2,5.8,41,1,2.6000000000000014,4.848825745591506,128.0,1.0,0.0,4.0,0.5774647887323944,0.6
22024,201144,22400656,2025-01-27,MIN vs. ATL,W,31,1,9,0.111,0,5,0.0,2,2,1.0,1,3,4,4,4,0,1,0,4,7,1,Mike Conley,2024-25,31,9.0,7.8,3.4,2.6,5.6,4.1,0.4748,0.3942,0.4834,0.4349999999999999,7.4,7.7,42,1,1.2000000000000002,5.028805910838953,134.0,1.0,0.0,6.0,0.5915492957746479,0.6
22024,201144,22400672,2025-01-29,MIN @ PHX,W,30,2,4,0.5,2,3,0.667,0,0,0.0,0,0,0,6,0,0,2,2,6,-4,1,Mike Conley,2024-25,30,8.4,7.5,2.8,2.2,6.2,4.5,0.489,0.4013,0.5168,0.4516999999999999,7.6,5.0,43,1,0.9000000000000004,5.038738819276981,141.0,0.0,0.0,16.0,0.6056338028169014,0.6
22024,201144,22400690,2025-02-01,MIN vs. WAS,L,34,5,12,0.417,2,7,0.286,4,4,1.0,0,3,3,5,0,0,2,2,16,-1,1,Mike Conley,2024-25,34,10.6,8.8,2.6,2.5,5.6,4.8,0.5389999999999999,0.418,0.524,0.4469999999999999,8.8,4.9,44,0,1.799999999999999,5.411920998027301,150.0,1.0,0.0,5.0,0.6197183098591549,0.6
22024,201144,22400704,2025-02-03,MIN vs. SAC,L,27,2,8,0.25,1,3,0.333,0,0,0.0,1,2,3,9,0,0,0,2,5,5,1,Mike Conley,2024-25,27,8.0,8.6,2.2,2.3,5.8,5.3,0.4555999999999999,0.4096999999999999,0.4572000000000001,0.4303,6.0,5.0,45,0,-0.5999999999999996,5.521674464226301,145.0,0.0,0.0,8.0,0.6338028169014085,0.5
22024,201144,22400723,2025-02-05,MIN vs. CHI,W,26,2,10,0.2,2,7,0.286,2,2,1.0,2,3,5,9,0,0,0,0,8,21,1,Mike Conley,2024-25,26,7.8,9.3,3.0,2.8,6.6,5.9,0.2956,0.4296999999999999,0.3144,0.4589,5.6,7.4,46,1,-1.5000000000000009,4.854551129266908,148.0,0.0,0.0,16.0,0.647887323943662,0.6
22024,201144,22400729,2025-02-06,MIN vs. HOU,W,29,6,8,0.75,4,4,1.0,0,0,0.0,0,3,3,5,1,1,1,1,16,12,1,Mike Conley,2024-25,29,10.2,9.6,2.8,3.1,6.8,6.2,0.4234,0.4490999999999999,0.5144,0.4989,6.6,7.0,47,1,0.5999999999999996,5.189733454940946,146.0,1.0,0.0,5.0,0.6619718309859155,0.6
22024,201144,22400801,2025-02-21,MIN @ HOU,L,24,0,2,0.0,0,2,0.0,5,5,1.0,0,2,2,5,1,0,1,4,5,-1,1,Mike Conley,2024-25,24,10.0,9.2,3.2,3.0,6.6,6.4,0.3233999999999999,0.4062,0.381,0.4488999999999999,7.2,7.4,48,0,0.8000000000000007,5.391351098441522,140.0,1.0,0.0,9.0,0.676056338028169,0.6
22024,201144,22400820,2025-02-23,MIN vs. OKC,L,31,3,6,0.5,3,6,0.5,0,0,0.0,0,2,2,5,0,0,1,3,9,7,1,Mike Conley,2024-25,31,8.6,9.6,3.0,2.8,6.6,6.1,0.3399999999999999,0.4395,0.4238,0.4739,8.8,8.8,49,0,-1.0,5.189733454940946,137.0,0.0,0.0,8.0,0.6901408450704225,0.6
22024,201144,22400826,2025-02-24,MIN @ OKC,W,14,3,5,0.6,2,4,0.5,0,0,0.0,0,0,0,1,0,0,1,3,8,-8,1,Mike Conley,2024-25,14,9.2,8.6,2.4,2.3,5.0,5.4,0.41,0.4327999999999999,0.4572000000000001,0.4572,6.2,6.1,50,1,0.5999999999999996,4.273952113286552,124.0,0.0,0.0,10.0,0.704225352112676,0.6
22024,201144,22400849,2025-02-27,MIN @ LAL,L,26,3,5,0.6,2,4,0.5,2,2,1.0,1,0,1,4,2,1,0,2,10,-17,1,Mike Conley,2024-25,26,9.6,8.7,1.6,2.3,4.0,5.3,0.4899999999999999,0.3928,0.5,0.4072,-1.4,2.1,51,0,0.9000000000000004,4.2959929650263025,124.0,0.0,0.0,3.0,0.7183098591549296,0.5
22024,201144,22400858,2025-02-28,MIN @ UTA,L,24,1,5,0.2,1,4,0.25,0,0,0.0,0,1,1,6,1,0,0,1,3,-16,1,Mike Conley,2024-25,24,7.0,8.6,1.2,2.0,4.2,5.5,0.3799999999999999,0.4017,0.35,0.4322,-7.0,-0.2,52,0,-1.5999999999999996,4.427188724235722,119.0,0.0,0.0,3.0,0.7323943661971831,0.4
22024,201144,22400873,2025-03-02,MIN @ PHX,W,20,1,3,0.333,1,2,0.5,0,0,0.0,0,1,1,1,2,0,1,5,3,-5,1,Mike Conley,2024-25,20,6.6,8.3,1.0,2.1,3.4,5.0,0.4466,0.385,0.45,0.4155,-7.8,-0.3,53,1,-1.700000000000001,4.71522357193519,115.0,0.0,1.0,12.0,0.7464788732394366,0.4
22024,201144,22400887,2025-03-04,MIN vs. PHI,W,25,4,6,0.667,3,5,0.6,1,1,1.0,1,6,7,6,0,0,2,1,12,20,1,Mike Conley,2024-25,25,7.2,7.9,2.0,2.5,3.6,5.1,0.48,0.41,0.47,0.4469,-5.2,1.8,54,1,-0.7000000000000002,4.1217579852398885,109.0,0.0,0.0,15.0,0.7605633802816901,0.5
22024,201144,22400907,2025-03-07,MIN @ MIA,W,25,6,9,0.667,3,5,0.6,0,0,0.0,1,1,2,2,2,1,2,0,15,0,1,Mike Conley,2024-25,25,8.6,8.9,2.4,2.4,3.8,4.4,0.4934,0.4516999999999999,0.49,0.4735999999999999,-3.6,1.3,55,1,-0.3000000000000007,4.532597979574669,120.0,0.0,0.0,13.0,0.7746478873239436,0.6
22024,201144,22400925,2025-03-09,MIN vs. SAS,W,23,4,8,0.5,3,5,0.6,2,2,1.0,0,5,5,5,0,0,0,3,13,17,1,Mike Conley,2024-25,23,9.2,9.4,3.2,2.4,4.0,4.0,0.4734,0.4817,0.51,0.505,3.2,0.9,56,1,-0.20000000000000107,4.695151163109063,117.0,0.0,0.0,8.0,0.7887323943661971,0.6
22024,201144,22400952,2025-03-12,MIN @ DEN,W,20,3,5,0.6,1,2,0.5,1,1,1.0,1,0,1,5,2,0,2,0,8,12,1,Mike Conley,2024-25,20,10.2,8.6,3.2,2.2,3.8,4.0,0.5534000000000001,0.4667,0.56,0.4549999999999999,8.8,0.9,57,1,1.5999999999999996,4.087922591134895,113.0,0.0,0.0,9.0,0.8028169014084507,0.6
22024,201144,22400963,2025-03-14,MIN vs. ORL,W,24,3,6,0.5,3,5,0.6,0,0,0.0,0,1,1,3,0,0,0,1,9,20,1,Mike Conley,2024-25,24,11.4,9.0,3.2,2.1,4.2,3.8,0.5868,0.5166999999999999,0.5800000000000001,0.515,13.8,3.0,58,1,2.4000000000000004,3.8873012632301918,117.0,1.0,0.0,9.0,0.8169014084507042,0.7
22024,201144,22400986,2025-03-17,MIN vs. IND,L,32,2,3,0.667,2,2,1.0,3,4,0.75,0,3,3,5,2,0,1,3,9,24,1,Mike Conley,2024-25,32,10.8,9.0,2.4,2.2,4.0,3.8,0.5868,0.5334,0.6599999999999999,0.5650000000000001,14.6,4.7,59,0,1.8000000000000007,3.8873012632301918,124.0,1.0,0.0,16.0,0.8309859154929577,0.7
22024,201144,22401001,2025-03-19,MIN vs. NOP,L,28,6,8,0.75,4,6,0.667,0,0,0.0,0,2,2,2,1,0,1,1,16,5,1,Mike Conley,2024-25,28,11.0,9.8,2.4,2.4,4.0,3.9,0.6033999999999999,0.5484,0.6734000000000001,0.5817,15.6,6.0,60,0,1.1999999999999993,4.44222166638871,127.0,1.0,0.0,0.0,0.8450704225352113,0.6
22024,201144,22401016,2025-03-21,MIN vs. NOP,W,10,0,1,0.0,0,1,0.0,0,0,0.0,0,1,1,6,1,0,1,0,0,18,1,Mike Conley,2024-25,10,8.4,8.8,1.6,2.4,4.2,4.1,0.5034,0.4884,0.5534000000000001,0.5317000000000001,15.8,9.5,61,1,-0.40000000000000036,5.411920998027301,114.0,0.0,0.0,7.0,0.8591549295774648,0.7
22024,201144,22401037,2025-03-24,MIN @ IND,L,22,3,5,0.6,1,2,0.5,0,0,0.0,0,4,4,5,1,1,2,0,7,-8,1,Mike Conley,2024-25,22,8.2,9.2,2.2,2.7,4.2,4.0,0.5034,0.5284000000000001,0.5534000000000001,0.5567,11.8,10.3,62,0,-1.0,5.072803301265807,116.0,0.0,0.0,13.0,0.8732394366197183,0.7
22024,201144,22401071,2025-03-28,MIN vs. PHX,W,30,5,10,0.5,3,7,0.429,0,0,0.0,0,3,3,4,2,1,2,1,13,23,1,Mike Conley,2024-25,30,9.0,10.2,2.6,2.9,4.4,4.3,0.5034,0.5451,0.5192,0.5496000000000001,12.4,13.1,63,1,-1.1999999999999993,4.685675570881485,122.0,0.0,0.0,17.0,0.8873239436619719,0.7
22024,201144,22401084,2025-03-30,MIN vs. DET,W,30,5,9,0.556,2,2,1.0,5,7,0.714,1,1,2,2,1,0,0,3,17,24,1,Mike Conley,2024-25,30,10.6,10.7,2.4,2.4,3.8,3.9,0.4812,0.534,0.5192,0.5896,12.4,13.5,64,1,-0.09999999999999964,5.143496432929213,120.0,0.0,0.0,9.0,0.9014084507042254,0.7
22024,201144,22401102,2025-04-01,MIN @ DEN,W,36,3,8,0.375,3,7,0.429,0,0,0.0,1,0,1,8,1,0,1,4,9,-22,1,Mike Conley,2024-25,36,9.2,10.1,2.2,2.3,5.0,4.5,0.4062,0.5048,0.4716,0.5725,7.0,11.3,65,1,-0.9000000000000004,4.931756504757933,128.0,0.0,0.0,6.0,0.9154929577464789,0.7
22024,201144,22401113,2025-04-03,MIN @ BKN,W,24,2,10,0.2,2,7,0.286,0,0,0.0,0,1,1,6,0,0,2,1,6,16,1,Mike Conley,2024-25,24,10.4,9.4,2.2,1.9,5.0,4.6,0.4462,0.4748,0.5288,0.5411,6.6,11.2,66,1,1.0,4.971027168615261,142.0,0.0,0.0,8.0,0.9295774647887324,0.7
22024,201144,22401130,2025-04-05,MIN @ PHI,W,25,3,7,0.429,2,4,0.5,0,0,0.0,0,4,4,4,0,0,2,1,8,17,1,Mike Conley,2024-25,25,10.6,9.4,2.2,2.2,4.8,4.5,0.412,0.4577,0.5288,0.5411,11.6,11.7,67,1,1.1999999999999993,4.971027168615261,145.0,1.0,0.0,5.0,0.9436619718309859,0.7
22024,201144,22401152,2025-04-08,MIN @ MIL,L,28,2,6,0.333,1,3,0.333,0,0,0.0,1,3,4,3,0,0,0,0,5,-22,1,Mike Conley,2024-25,28,9.0,9.0,2.4,2.5,4.6,4.5,0.3786,0.441,0.5096,0.5144,2.6,7.5,68,0,0.0,5.163977794943215,143.0,0.0,0.0,8.0,0.9577464788732394,0.6
22024,201144,22401170,2025-04-10,MIN @ MEM,W,27,2,7,0.286,0,4,0.0,4,4,1.0,1,1,2,9,1,1,2,5,8,29,1,Mike Conley,2024-25,27,7.2,8.9,2.4,2.4,6.0,4.9,0.3245999999999999,0.4029,0.3096,0.4144,3.6,8.0,69,1,-1.7000000000000002,5.173651192984176,140.0,0.0,1.0,2.0,0.971830985915493,0.7
22024,201144,22401179,2025-04-11,MIN vs. BKN,W,14,1,2,0.5,0,1,0.0,0,0,0.0,0,4,4,4,1,0,0,1,2,6,1,Mike Conley,2024-25,14,5.8,7.5,3.0,2.6,5.2,5.1,0.3495999999999999,0.3779,0.2238,0.3477,9.2,8.1,70,1,-1.7000000000000002,4.927248499698147,118.0,0.0,1.0,0.0,0.9859154929577465,0.8
22022,1629675,22200025,2022-10-21,MIN vs. UTA,L,9,0,3,0.0,0,1,0.0,0,0,0.0,1,1,2,1,1,2,1,2,0,-1,1,Naz Reid,2022-23,9,0.0,0.0,2.0,2.0,1.0,1.0,0.0,0.0,0.0,0.0,-1.0,-1.0,1,0,0.0,,9.0,0.0,0.0,14.0,0.014705882352941176,0.0
22022,1629675,22200041,2022-10-23,MIN @ OKC,W,13,5,7,0.714,2,4,0.5,2,4,0.5,1,1,2,1,0,1,0,4,14,2,1,Naz Reid,2022-23,13,7.0,7.0,2.0,2.0,1.0,1.0,0.357,0.357,0.25,0.25,0.5,0.5,2,1,0.0,,22.0,0.0,0.0,6.0,0.029411764705882353,0.5
22022,1629675,22200050,2022-10-24,MIN vs. SAS,L,13,3,7,0.429,0,1,0.0,0,0,0.0,1,2,3,0,0,1,0,0,6,-1,1,Naz Reid,2022-23,13,6.666666666666667,6.666666666666667,2.3333333333333335,2.3333333333333335,0.6666666666666666,0.6666666666666666,0.381,0.381,0.1666666666666666,0.1666666666666666,0.0,0.0,3,0,0.0,7.023769168568493,35.0,0.0,0.0,2.0,0.04411764705882353,0.3333333333333333
22022,1629675,22200062,2022-10-26,MIN vs. SAS,W,5,1,1,1.0,0,0,0.0,0,0,0.0,0,2,2,1,1,0,0,0,2,3,1,Naz Reid,2022-23,5,5.5,5.5,2.25,2.25,0.75,0.75,0.53575,0.53575,0.125,0.125,0.75,0.75,4,1,0.0,6.191391873668904,40.0,0.0,0.0,11.0,0.058823529411764705,0.5
22022,1629675,22200092,2022-10-30,MIN @ SAS,L,9,5,7,0.714,1,2,0.5,0,0,0.0,1,1,2,0,1,0,0,0,11,12,1,Naz Reid,2022-23,9,6.6,6.6,2.2,2.2,0.6,0.6,0.5714,0.5714,0.2,0.2,3.0,3.0,5,0,0.0,5.89915248150105,49.0,0.0,0.0,13.0,0.07352941176470588,0.4
22022,1629675,22200106,2022-11-01,MIN @ PHX,L,16,5,6,0.833,1,2,0.5,2,2,1.0,0,3,3,0,1,0,0,0,13,9,1,Naz Reid,2022-23,16,9.2,7.666666666666667,2.4,2.3333333333333335,0.4,0.5,0.738,0.615,0.3,0.25,5.0,4.0,6,0,1.5333333333333323,5.887840577551898,56.0,1.0,0.0,8.0,0.08823529411764706,0.3333333333333333
22022,1629675,22200129,2022-11-04,MIN vs. MIL,L,22,3,7,0.429,0,3,0.0,2,2,1.0,0,5,5,0,0,1,1,3,8,1,1,Naz Reid,2022-23,22,8.0,7.714285714285714,3.0,2.7142857142857144,0.2,0.4285714285714285,0.6809999999999999,0.5884285714285714,0.2,0.2142857142857142,4.8,3.5714285714285716,7,0,0.2857142857142856,5.37631490007439,65.0,0.0,0.0,11.0,0.10294117647058823,0.2857142857142857
22022,1629675,22200137,2022-11-05,MIN vs. HOU,W,13,4,7,0.571,2,4,0.5,1,2,0.5,0,3,3,0,0,1,5,6,11,8,1,Naz Reid,2022-23,13,9.0,8.125,3.0,2.75,0.2,0.375,0.7094,0.5862499999999999,0.3,0.25,6.6,4.125,8,1,0.875,5.111262075065218,65.0,0.0,0.0,11.0,0.11764705882352941,0.375
22022,1629675,22200153,2022-11-07,MIN vs. NYK,L,18,5,8,0.625,0,3,0.0,1,2,0.5,2,0,2,0,0,1,0,2,11,-14,1,Naz Reid,2022-23,18,10.8,8.444444444444445,3.0,2.6666666666666665,0.0,0.3333333333333333,0.6344,0.5905555555555555,0.3,0.2222222222222222,3.2,2.111111111111111,9,0,2.355555555555556,4.876246279442598,78.0,1.0,0.0,0.0,0.1323529411764706,0.3333333333333333
22022,1629675,22200212,2022-11-16,MIN @ ORL,W,2,0,0,0.0,0,0,0.0,0,0,0.0,0,1,1,1,0,0,0,0,0,-5,1,Naz Reid,2022-23,2,8.6,7.6,2.8,2.5,0.2,0.4,0.4916,0.5315,0.2,0.2,-0.2,1.4,10,1,1.0,5.316640543300503,71.0,0.0,0.0,9.0,0.14705882352941177,0.4
22022,1629675,22200237,2022-11-19,MIN @ PHI,W,10,3,4,0.75,1,1,1.0,2,2,1.0,1,3,4,1,0,0,0,5,9,3,1,Naz Reid,2022-23,10,7.8,8.5,3.0,2.7,0.4,0.4,0.475,0.6064999999999999,0.3,0.3,-1.4,1.8,11,1,-0.7000000000000002,4.600724580614087,65.0,0.0,0.0,9.0,0.16176470588235295,0.5
22022,1629675,22200252,2022-11-21,MIN vs. MIA,W,16,3,9,0.333,0,2,0.0,3,4,0.75,0,4,4,2,0,1,1,3,9,-25,1,Naz Reid,2022-23,16,8.0,8.0,2.8,2.9,0.8,0.5,0.4558,0.5683999999999999,0.3,0.25,-6.6,-0.9,12,1,0.0,4.189935029992179,59.0,0.0,0.0,7.0,0.17647058823529413,0.5
22022,1629675,22200272,2022-11-25,MIN @ CHA,L,13,3,5,0.6,1,2,0.5,0,0,0.0,0,0,0,0,0,0,1,3,7,-3,1,Naz Reid,2022-23,13,7.2,8.1,2.2,2.6,0.8,0.5,0.4615999999999999,0.5855,0.3,0.3,-8.8,-1.1,13,0,-0.8999999999999995,4.1486276177925525,59.0,0.0,0.0,8.0,0.19117647058823528,0.5
22022,1629675,22200291,2022-11-27,MIN vs. GSW,L,16,3,6,0.5,2,3,0.667,0,1,0.0,0,2,2,2,0,0,0,1,8,-4,1,Naz Reid,2022-23,16,6.6,8.7,2.2,2.6,1.2,0.6,0.4366,0.5355000000000001,0.4333999999999999,0.3666999999999999,-6.8,-1.8,14,0,-2.0999999999999996,3.560586718193755,57.0,0.0,1.0,6.0,0.20588235294117646,0.4
22022,1629675,22200300,2022-11-28,MIN @ WAS,L,18,2,6,0.333,1,3,0.333,1,2,0.5,0,3,3,0,0,0,1,5,6,-2,1,Naz Reid,2022-23,18,7.8,8.2,2.6,2.7,1.0,0.6,0.5032,0.4974,0.5,0.35,-6.2,-3.2,15,0,-0.39999999999999947,3.5527766918597936,73.0,0.0,0.0,7.0,0.22058823529411764,0.4
22022,1629675,22200317,2022-11-30,MIN vs. MEM,W,22,3,8,0.375,0,5,0.0,1,2,0.5,0,3,3,1,1,5,1,2,7,-5,1,Naz Reid,2022-23,22,7.4,7.6,2.4,2.7,1.0,0.7,0.4282,0.4516,0.3,0.3,-7.8,-4.6,16,1,-0.1999999999999993,3.1340424729448415,85.0,0.0,0.0,13.0,0.23529411764705882,0.5
22022,1629675,22200341,2022-12-03,MIN vs. OKC,L,30,6,12,0.5,0,2,0.0,1,2,0.5,3,15,18,3,0,4,1,4,13,0,1,Naz Reid,2022-23,30,8.2,8.1,5.2,4.0,1.2,1.0,0.4615999999999999,0.4587,0.3,0.3,-2.8,-4.7,17,0,0.09999999999999964,3.573047252229763,99.0,0.0,0.0,6.0,0.25,0.5
22022,1629675,22200370,2022-12-07,MIN vs. IND,W,12,3,5,0.6,0,1,0.0,0,0,0.0,4,3,7,0,1,0,3,3,6,4,1,Naz Reid,2022-23,12,8.0,7.6,6.6,4.4,1.2,1.0,0.4615999999999999,0.4615999999999999,0.2,0.25,-1.4,-5.1,18,1,0.40000000000000036,3.4705106892854314,98.0,0.0,0.0,12.0,0.2647058823529412,0.5
22022,1629675,22200385,2022-12-09,MIN @ UTA,W,17,4,10,0.4,3,6,0.5,1,1,1.0,1,3,4,1,0,1,4,2,12,-5,1,Naz Reid,2022-23,17,8.8,7.7,7.0,4.6,1.0,1.1,0.4416,0.4391,0.1666,0.3,-1.6,-4.2,19,1,1.1000000000000005,3.5916569992135936,99.0,0.0,0.0,15.0,0.27941176470588236,0.6
22022,1629675,22200394,2022-12-10,MIN @ POR,L,14,6,12,0.5,0,2,0.0,3,3,1.0,2,1,3,0,1,2,0,1,15,-17,1,Naz Reid,2022-23,14,10.6,9.2,7.0,4.8,1.0,1.0,0.475,0.4891,0.0999999999999999,0.3,-4.6,-5.4,20,0,1.4000000000000004,3.1198290551460235,95.0,1.0,0.0,10.0,0.29411764705882354,0.5
22022,1629675,22200407,2022-12-12,MIN @ POR,L,18,4,4,1.0,1,1,1.0,1,2,0.5,0,4,4,1,0,0,1,2,10,-12,1,Naz Reid,2022-23,18,11.2,9.3,7.2,4.8,1.0,1.0,0.6,0.5141,0.3,0.3,-6.0,-6.9,21,0,1.8999999999999986,3.1287200080686173,91.0,1.0,0.0,9.0,0.3088235294117647,0.4
22022,1629675,22200423,2022-12-14,MIN @ LAC,L,20,3,5,0.6,0,0,0.0,3,4,0.75,1,6,7,1,0,0,1,1,9,-15,1,Naz Reid,2022-23,20,10.4,9.3,5.0,5.1,0.6,0.9,0.62,0.5408,0.3,0.3,-9.0,-5.9,22,0,1.0999999999999996,3.1287200080686173,81.0,1.0,0.0,28.0,0.3235294117647059,0.3
22022,1629675,22200435,2022-12-16,MIN @ OKC,W,37,11,18,0.611,3,5,0.6,3,7,0.429,3,6,9,3,3,1,3,3,28,21,1,Naz Reid,2022-23,37,14.8,11.4,5.4,6.0,1.2,1.2,0.6222,0.5419,0.42,0.31,-5.6,-3.5,23,1,3.4000000000000004,6.569288816573341,106.0,1.0,0.0,10.0,0.3382352941176471,0.4
22022,1629675,22200449,2022-12-18,MIN vs. CHI,W,12,4,4,1.0,2,2,1.0,0,2,0.0,0,3,3,0,1,0,0,0,10,14,1,Naz Reid,2022-23,12,14.4,11.6,5.2,6.1,1.0,1.0,0.7422,0.5919000000000001,0.52,0.3433,-1.8,-1.7,24,1,2.8000000000000007,6.484168755086842,101.0,1.0,0.0,27.0,0.35294117647058826,0.5
22022,1629675,22200456,2022-12-19,MIN vs. DAL,W,40,11,19,0.579,2,6,0.333,3,4,0.75,2,11,13,1,2,1,2,2,27,17,1,Naz Reid,2022-23,40,16.8,13.7,7.2,7.1,1.2,1.1,0.758,0.6165,0.5866,0.3433,5.0,0.2,25,1,3.1000000000000014,7.746683878351506,127.0,1.0,0.0,6.0,0.36764705882352944,0.6
22022,1629675,22200473,2022-12-21,MIN vs. DAL,L,13,2,3,0.667,2,2,1.0,0,0,0.0,0,3,3,4,0,0,1,5,6,-1,1,Naz Reid,2022-23,13,16.0,13.6,7.0,7.1,1.8,1.4,0.6914,0.6456999999999999,0.5866,0.4432999999999999,7.2,0.6,26,0,2.4000000000000004,7.848566748139434,122.0,1.0,0.0,14.0,0.38235294117647056,0.5
22022,1629675,22200482,2022-12-23,MIN @ BOS,L,25,6,10,0.6,2,4,0.5,0,0,0.0,1,4,5,2,0,2,4,4,14,-1,1,Naz Reid,2022-23,25,17.0,13.7,6.6,5.8,2.0,1.3,0.6914,0.6557000000000001,0.6866,0.4932999999999999,10.0,0.5,27,0,3.3000000000000007,7.846442930823284,127.0,1.0,0.0,21.0,0.39705882352941174,0.5
22022,1629675,22200500,2022-12-26,MIN @ MIA,L,29,8,15,0.533,1,4,0.25,4,5,0.8,2,9,11,2,0,1,3,1,21,13,1,Naz Reid,2022-23,29,15.6,15.2,7.0,6.2,1.8,1.5,0.6758,0.649,0.6166,0.5183,8.4,1.4,28,0,0.40000000000000036,7.641989269817122,119.0,1.0,0.0,13.0,0.4117647058823529,0.4
22022,1629675,22200520,2022-12-28,MIN @ NOP,L,25,5,8,0.625,2,5,0.4,1,2,0.5,0,6,6,1,0,2,1,1,13,6,1,Naz Reid,2022-23,25,16.2,15.3,7.6,6.4,2.0,1.5,0.6008,0.6715,0.4966,0.5083,6.8,2.5,29,0,0.8999999999999986,7.601900347208514,132.0,1.0,0.0,16.0,0.4264705882352941,0.3
22022,1629675,22200533,2022-12-30,MIN @ MIL,L,30,7,18,0.389,2,8,0.25,0,0,0.0,1,6,7,1,1,1,0,5,16,-6,1,Naz Reid,2022-23,30,14.0,15.4,6.4,6.8,2.0,1.6,0.5628,0.6604,0.4800000000000001,0.5333,2.2,3.6,30,0,-1.4000000000000004,7.604092465391399,122.0,0.0,0.0,6.0,0.4411764705882353,0.3
22022,1629675,22200544,2022-12-31,MIN vs. DET,L,24,3,6,0.5,0,2,0.0,0,0,0.0,2,7,9,0,2,2,3,2,6,-8,1,Naz Reid,2022-23,24,14.0,15.0,7.6,7.3,1.2,1.5,0.5294000000000001,0.6104,0.2799999999999999,0.4333,0.8,4.0,31,0,-1.0,8.01387685344754,133.0,1.0,0.0,10.0,0.45588235294117646,0.3
22022,1629675,22200587,2023-01-06,MIN vs. LAC,W,9,4,4,1.0,2,2,1.0,0,0,0.0,0,0,0,0,0,0,1,1,10,-14,1,Naz Reid,2022-23,9,13.2,15.1,6.6,6.6,0.8,1.4,0.6093999999999999,0.6504000000000001,0.38,0.5333,-1.8,4.1,32,1,-1.9000000000000004,7.936553968120478,117.0,0.0,0.0,6.0,0.47058823529411764,0.4
22022,1629675,22200601,2023-01-08,MIN @ HOU,W,10,3,4,0.75,0,0,0.0,0,0,0.0,2,3,5,0,1,0,0,1,6,-8,1,Naz Reid,2022-23,10,10.2,12.9,5.4,6.2,0.4,1.1,0.6528,0.6643,0.3299999999999999,0.4733,-6.0,1.2,33,1,-2.700000000000001,6.951418720104712,98.0,0.0,1.0,8.0,0.4852941176470588,0.4
22022,1629675,22200618,2023-01-11,MIN @ DET,L,13,4,7,0.571,0,0,0.0,0,0,0.0,6,2,8,0,0,0,2,2,8,-16,1,Naz Reid,2022-23,13,9.2,12.7,5.8,6.7,0.2,1.1,0.642,0.6214,0.25,0.3733,-10.4,-1.8,34,0,-3.5,7.071853442423077,86.0,0.0,1.0,13.0,0.5,0.3
22022,1629675,22200637,2023-01-13,MIN vs. PHX,W,15,5,8,0.625,1,3,0.333,2,2,1.0,2,4,6,3,2,0,2,1,13,5,1,Naz Reid,2022-23,15,8.6,11.3,5.6,6.0,0.6,1.3,0.6891999999999999,0.626,0.2666,0.3732999999999999,-8.2,-3.0,35,1,-2.700000000000001,5.012207320355198,71.0,0.0,1.0,17.0,0.5147058823529411,0.3
22022,1629675,22200645,2023-01-14,MIN vs. CLE,W,28,8,16,0.5,1,7,0.143,0,0,0.0,2,5,7,0,0,1,1,4,17,-5,1,Naz Reid,2022-23,28,10.8,12.4,5.2,6.4,0.6,0.9,0.6891999999999999,0.6093,0.2952,0.2875999999999999,-7.6,-3.4,36,1,-1.5999999999999996,4.926120853842979,75.0,0.0,1.0,7.0,0.5294117647058824,0.4
22022,1629675,22200662,2023-01-16,MIN vs. UTA,L,22,3,8,0.375,1,4,0.25,0,0,0.0,4,3,7,0,0,2,1,5,7,-6,1,Naz Reid,2022-23,22,10.2,11.7,6.6,6.6,0.6,0.7,0.5641999999999999,0.5868,0.1451999999999999,0.2626,-6.0,-3.9,37,0,-1.5,5.165053511608354,88.0,0.0,1.0,17.0,0.5441176470588235,0.4
22022,1629675,22200676,2023-01-18,MIN @ DEN,L,26,4,9,0.444,0,5,0.0,9,10,0.9,1,2,3,2,0,3,3,5,17,2,1,Naz Reid,2022-23,26,12.4,11.3,6.2,5.8,1.0,0.7,0.5029999999999999,0.5779,0.1451999999999999,0.2376,-4.0,-5.0,38,0,1.0999999999999996,4.473378042498881,104.0,0.0,0.0,5.0,0.5588235294117647,0.4
22022,1629675,22200680,2023-01-19,MIN vs. TOR,W,22,2,6,0.333,1,1,1.0,0,0,0.0,0,7,7,2,2,1,4,3,5,16,1,Naz Reid,2022-23,22,11.8,10.5,6.0,5.9,1.4,0.8,0.4554,0.5487,0.3452,0.2976,2.4,-4.0,39,1,1.3000000000000007,4.83620604284897,113.0,0.0,0.0,5.0,0.5735294117647058,0.5
22022,1629675,22200696,2023-01-21,MIN vs. HOU,W,15,2,7,0.286,0,4,0.0,1,1,1.0,1,2,3,1,0,1,1,3,5,-9,1,Naz Reid,2022-23,15,10.2,9.4,5.4,5.5,1.0,0.8,0.3876,0.5384,0.2786,0.2726,-0.4,-4.3,40,1,0.7999999999999989,4.69515116310907,113.0,0.0,1.0,2.0,0.5882352941176471,0.6
22022,1629675,22200709,2023-01-23,MIN @ HOU,L,9,1,2,0.5,0,1,0.0,0,0,0.0,1,0,1,0,1,1,1,0,2,-2,1,Naz Reid,2022-23,9,7.2,9.0,4.2,4.7,1.0,0.8,0.3876,0.5384,0.25,0.2726,0.2,-3.7,41,0,-1.7999999999999998,5.163977794943224,94.0,0.0,1.0,6.0,0.6029411764705882,0.6
22022,1629675,22200724,2023-01-25,MIN @ NOP,W,14,1,1,1.0,1,1,1.0,3,4,0.75,1,6,7,0,2,2,1,2,6,-4,1,Naz Reid,2022-23,14,7.0,8.6,4.2,5.4,1.0,0.8,0.5126,0.5384,0.4,0.2726,0.6,-2.7,42,1,-1.5999999999999996,5.232377832092957,86.0,0.0,1.0,9.0,0.6176470588235294,0.6
22022,1629675,22200737,2023-01-27,MIN vs. MEM,W,17,4,6,0.667,1,3,0.333,0,2,0.0,2,1,3,1,2,1,0,1,9,6,1,Naz Reid,2022-23,17,5.4,8.9,4.2,5.2,0.8,0.9,0.5572,0.5301,0.4666,0.3058999999999999,1.4,-1.3,43,1,-3.5,5.152130088074685,77.0,0.0,1.0,14.0,0.6323529411764706,0.6
22022,1629675,22200746,2023-01-28,MIN vs. SAC,W,13,6,9,0.667,1,4,0.25,1,1,1.0,0,2,2,0,0,0,1,4,14,-8,1,Naz Reid,2022-23,13,7.2,9.5,3.2,4.6,0.4,0.9,0.624,0.5397000000000001,0.3166,0.3308999999999999,-3.4,-0.5,44,1,-2.3,5.380004130522992,68.0,0.0,1.0,6.0,0.6470588235294118,0.7
22022,1629675,22200758,2023-01-30,MIN vs. SAC,L,16,3,9,0.333,0,4,0.0,0,0,0.0,2,1,3,1,1,0,1,2,6,-8,1,Naz Reid,2022-23,16,7.4,8.8,3.2,4.3,0.4,0.7,0.6334,0.5105000000000001,0.3166,0.2976,-3.2,-1.8,45,0,-1.4000000000000004,5.329165037789692,69.0,0.0,1.0,24.0,0.6617647058823529,0.6
22022,1629675,22200774,2023-02-01,MIN vs. GSW,W,35,10,22,0.455,2,8,0.25,2,4,0.5,1,12,13,4,1,1,1,4,24,5,1,Naz Reid,2022-23,35,11.8,9.5,5.6,4.9,1.2,1.1,0.6244,0.506,0.3666,0.3082999999999999,-1.8,-0.8,46,1,2.3000000000000007,6.786424357167445,95.0,0.0,0.0,10.0,0.6764705882352942,0.6
22022,1629675,22200790,2023-02-03,MIN vs. ORL,L,21,4,7,0.571,2,4,0.5,0,1,0.0,2,1,3,1,1,1,2,4,10,-11,1,Naz Reid,2022-23,21,12.6,9.8,4.8,4.5,1.4,1.2,0.5386,0.5256000000000001,0.2666,0.3333,-3.2,-1.3,47,0,2.799999999999999,6.729701991090609,102.0,1.0,0.0,7.0,0.6911764705882353,0.6
22022,1629675,22200806,2023-02-05,MIN vs. DEN,W,15,3,3,1.0,1,1,1.0,0,0,0.0,1,1,2,0,0,1,0,4,7,7,1,Naz Reid,2022-23,15,12.2,8.8,4.6,4.4,1.2,1.0,0.6052,0.5812,0.4,0.4333,-3.0,-0.8,48,1,3.3999999999999986,6.268084945889686,100.0,1.0,0.0,11.0,0.7058823529411765,0.7
22022,1629675,22200820,2023-02-07,MIN @ DEN,L,12,5,9,0.556,1,3,0.333,0,0,0.0,0,3,3,0,0,0,2,2,11,-7,1,Naz Reid,2022-23,12,11.6,9.4,4.8,4.0,1.2,0.8,0.583,0.6035,0.4166,0.3666,-2.8,-3.1,49,0,2.1999999999999993,6.149977416399366,99.0,1.0,0.0,8.0,0.7205882352941176,0.6
22022,1629675,22200828,2023-02-08,MIN @ UTA,W,22,3,8,0.375,2,4,0.5,0,0,0.0,2,5,7,3,0,0,2,3,8,14,1,Naz Reid,2022-23,22,12.0,9.7,5.6,4.4,1.6,1.0,0.5913999999999999,0.6124,0.5166000000000001,0.4166,1.6,-0.8,50,1,2.3000000000000007,5.982381539896038,105.0,1.0,0.0,10.0,0.7352941176470589,0.6
22022,1629675,22200841,2023-02-10,MIN @ MEM,L,17,4,7,0.571,2,3,0.667,0,0,0.0,0,3,3,2,0,0,1,3,10,-3,1,Naz Reid,2022-23,17,9.2,10.5,3.6,4.6,1.2,1.2,0.6146,0.6195,0.6,0.4833,0.0,-0.9,51,0,-1.3000000000000007,5.3385391260156565,87.0,0.0,0.0,10.0,0.75,0.6
22022,1629675,22200865,2023-02-13,MIN @ DAL,W,12,4,9,0.444,1,5,0.2,1,1,1.0,0,2,2,2,0,0,1,3,10,-7,1,Naz Reid,2022-23,12,9.2,10.9,3.4,4.1,1.4,1.4,0.5892,0.5639000000000001,0.54,0.4033,0.8,-1.2,52,1,-1.700000000000001,5.108815909777921,78.0,0.0,0.0,6.0,0.7647058823529411,0.6
22022,1629675,22200884,2023-02-16,MIN vs. WAS,L,12,2,7,0.286,0,2,0.0,2,2,1.0,1,4,5,2,0,0,2,0,6,-12,1,Naz Reid,2022-23,12,9.0,10.6,4.0,4.3,1.8,1.5,0.4464,0.5258,0.3399999999999999,0.37,-3.0,-3.0,53,0,-1.5999999999999996,5.316640543300504,75.0,0.0,0.0,16.0,0.7794117647058824,0.5
22022,1629675,22200898,2023-02-24,MIN vs. CHA,L,18,6,12,0.5,2,7,0.286,2,2,1.0,1,7,8,2,0,2,1,4,16,-1,1,Naz Reid,2022-23,18,10.0,10.8,5.0,4.9,2.2,1.7,0.4352,0.5091,0.3306,0.3736,-1.8,-2.3,54,0,-0.8000000000000007,5.493430419854045,81.0,0.0,0.0,30.0,0.7941176470588235,0.4
22022,1629675,22200916,2023-02-26,MIN @ GSW,L,36,12,22,0.545,4,11,0.364,2,5,0.4,2,7,9,3,5,2,2,3,30,-6,1,Naz Reid,2022-23,36,14.4,13.2,5.4,5.5,2.2,1.9,0.4692,0.5303,0.3034,0.41,-5.8,-2.1,55,0,1.200000000000001,7.885288693369304,95.0,1.0,0.0,12.0,0.8088235294117647,0.4
22022,1629675,22200932,2023-02-28,MIN @ LAC,W,19,4,6,0.667,0,1,0.0,4,7,0.571,3,5,8,2,1,0,4,5,12,4,1,Naz Reid,2022-23,19,14.8,12.0,6.4,5.0,2.2,1.7,0.4884,0.5515,0.1699999999999999,0.385,-4.4,-2.2,56,1,2.8000000000000007,6.912147117775908,97.0,1.0,0.0,15.0,0.8235294117647058,0.4
22022,1629675,22200955,2023-03-03,MIN @ LAL,W,21,6,12,0.5,3,6,0.5,0,0,0.0,1,7,8,2,2,0,2,4,15,9,1,Naz Reid,2022-23,21,15.8,12.5,7.6,5.5,2.2,1.8,0.4996,0.5444,0.2299999999999999,0.3849999999999999,-1.2,-0.2,57,1,3.3000000000000007,6.932211447695142,106.0,1.0,0.0,10.0,0.8382352941176471,0.5
22022,1629675,22200961,2023-03-04,MIN @ SAC,W,17,4,5,0.8,2,3,0.667,0,2,0.0,0,4,4,1,0,0,0,5,10,-7,1,Naz Reid,2022-23,17,16.6,12.8,7.4,5.7,2.0,1.9,0.6024,0.5244,0.3634,0.3517,-0.2,-1.6,58,1,3.8000000000000007,6.729701991090609,111.0,1.0,0.0,11.0,0.8529411764705882,0.5
22022,1629675,22200980,2023-03-07,MIN vs. PHI,L,18,4,9,0.444,1,4,0.25,2,2,1.0,1,2,3,3,1,0,1,3,11,-10,1,Naz Reid,2022-23,18,15.6,12.8,6.4,5.7,2.2,2.2,0.5912,0.5132,0.3562,0.3434,-2.0,-1.9,59,0,2.799999999999999,6.729701991090609,111.0,1.0,0.0,3.0,0.8676470588235294,0.5
22022,1629675,22201001,2023-03-10,MIN vs. BKN,L,11,1,3,0.333,1,1,1.0,0,0,0.0,1,3,4,0,0,0,2,3,3,-6,1,Naz Reid,2022-23,11,10.2,12.3,5.4,5.4,1.6,1.9,0.5488000000000001,0.509,0.4833999999999999,0.3934,-2.0,-3.9,60,0,-2.1000000000000014,7.288499312082168,86.0,0.0,0.0,15.0,0.8823529411764706,0.4
22022,1629675,22201039,2023-03-15,MIN vs. BOS,L,19,4,9,0.444,1,3,0.333,6,6,1.0,0,6,6,1,0,0,3,4,15,1,1,Naz Reid,2022-23,19,10.8,12.8,5.0,5.7,1.4,1.8,0.5042,0.4963,0.55,0.36,-2.6,-3.5,61,0,-2.0,7.284687135812127,86.0,0.0,0.0,14.0,0.8970588235294118,0.4
22022,1629675,22201050,2023-03-17,MIN @ CHI,L,25,6,15,0.4,0,4,0.0,2,2,1.0,1,2,3,1,1,1,2,4,14,-12,1,Naz Reid,2022-23,25,10.6,13.2,4.0,5.8,1.2,1.7,0.4841999999999999,0.4919,0.45,0.3399999999999999,-6.8,-4.0,62,0,-2.5999999999999996,7.223418704310155,90.0,0.0,0.0,22.0,0.9117647058823529,0.3
22022,1629675,22201058,2023-03-18,MIN @ TOR,L,20,8,10,0.8,1,2,0.5,5,7,0.714,0,4,4,1,0,0,2,3,22,-9,1,Naz Reid,2022-23,20,13.0,14.8,4.0,5.7,1.2,1.6,0.4842000000000001,0.5433,0.4166,0.39,-7.2,-3.7,63,0,-1.8000000000000007,7.223418704310155,93.0,0.0,0.0,12.0,0.9264705882352942,0.3
22022,1629675,22201073,2023-03-20,MIN @ NYK,W,20,6,9,0.667,0,2,0.0,0,0,0.0,0,2,2,3,0,1,1,4,12,-13,1,Naz Reid,2022-23,20,13.2,14.4,3.8,5.1,1.2,1.7,0.5288,0.5599999999999999,0.3666,0.3614,-7.8,-4.9,64,1,-1.200000000000001,7.260241808033058,95.0,0.0,0.0,26.0,0.9411764705882353,0.4
22022,1629675,22201090,2023-03-22,MIN vs. ATL,W,26,11,15,0.733,2,4,0.5,2,2,1.0,1,7,8,0,2,0,2,3,26,3,1,Naz Reid,2022-23,26,17.8,14.0,4.6,5.0,1.2,1.4,0.6088,0.5788,0.2666,0.375,-6.0,-4.0,65,1,3.8000000000000007,6.359594676112971,110.0,1.0,0.0,23.0,0.9558823529411765,0.5
22022,1629675,22201121,2023-03-26,MIN @ GSW,W,21,10,17,0.588,3,5,0.6,0,0,0.0,1,5,6,1,0,0,1,0,23,8,1,Naz Reid,2022-23,21,19.4,15.1,4.6,4.8,1.2,1.3,0.6376,0.5709000000000001,0.32,0.435,-4.6,-3.6,66,1,4.299999999999999,6.903300337922112,112.0,1.0,0.0,18.0,0.9705882352941176,0.5
22022,1629675,22201128,2023-03-27,MIN @ SAC,W,21,7,12,0.583,2,5,0.4,2,4,0.5,0,4,4,1,1,1,0,1,18,-8,1,Naz Reid,2022-23,21,20.2,15.4,4.8,4.4,1.2,1.2,0.6742,0.5791999999999999,0.4,0.425,-3.8,-5.3,67,1,4.799999999999999,6.963396361610395,108.0,1.0,0.0,15.0,0.9852941176470589,0.5
22022,1629675,22201144,2023-03-29,MIN @ PHX,L,23,5,13,0.385,2,4,0.5,3,5,0.6,1,5,6,2,0,1,1,1,15,-4,1,Naz Reid,2022-23,23,18.8,15.9,5.2,4.6,1.4,1.3,0.5912,0.5377000000000001,0.4,0.4083,-2.8,-5.0,68,0,2.9000000000000004,6.707375708046246,111.0,1.0,0.0,10.0,1.0,0.4
22023,1629675,22300069,2023-10-25,MIN @ TOR,L,24,3,8,0.375,0,2,0.0,4,4,1.0,1,3,4,1,0,0,1,0,10,1,1,Naz Reid,2023-24,24,18.4,15.8,5.6,4.7,1.0,1.1,0.5327999999999999,0.5308,0.4,0.3833,0.0,-3.9,1,0,2.599999999999998,6.795423296438403,115.0,1.0,0.0,25.0,0.012345679012345678,0.4
22023,1629675,22300093,2023-10-28,MIN vs. MIA,W,28,10,14,0.714,4,7,0.571,1,1,1.0,1,7,8,1,2,0,0,3,25,30,1,Naz Reid,2023-24,28,18.2,18.0,5.6,5.1,1.2,1.2,0.5289999999999999,0.5689,0.4141999999999999,0.3404,5.4,-0.3,2,1,0.1999999999999993,5.656854249492378,117.0,1.0,0.0,13.0,0.024691358024691357,0.5
22023,1629675,22300104,2023-10-30,MIN @ ATL,L,24,5,12,0.417,3,7,0.429,0,0,0.0,0,1,1,0,0,0,1,1,13,-21,1,Naz Reid,2023-24,24,16.2,17.8,4.6,4.6,1.0,1.1,0.4947999999999999,0.5662,0.38,0.35,-0.4,-2.5,3,0,-1.6000000000000014,5.808040403899866,120.0,0.0,0.0,16.0,0.037037037037037035,0.5
22023,1629675,22300123,2023-11-01,MIN vs. DEN,W,19,6,9,0.667,1,3,0.333,3,3,1.0,1,4,5,1,1,0,1,0,16,4,1,Naz Reid,2023-24,19,15.8,18.0,4.8,4.8,1.0,1.1,0.5115999999999999,0.5929,0.3666,0.3833,2.0,-0.9,4,1,-2.1999999999999993,5.696002496878352,118.0,0.0,0.0,16.0,0.04938271604938271,0.6
22023,1629675,22300138,2023-11-04,MIN vs. UTA,W,22,5,9,0.556,3,5,0.6,3,4,0.75,2,3,5,1,0,0,1,0,16,9,1,Naz Reid,2023-24,22,16.0,17.4,4.6,4.9,0.8,1.1,0.5458000000000001,0.5685,0.3865999999999999,0.3933,4.6,0.9,5,1,-1.3999999999999986,5.5417606508321064,117.0,0.0,0.0,14.0,0.06172839506172839,0.7
22023,1629675,22300154,2023-11-06,MIN vs. BOS,W,25,5,9,0.556,2,4,0.5,2,2,1.0,1,3,4,2,2,2,3,0,14,-2,1,Naz Reid,2023-24,25,16.8,17.6,4.6,5.1,1.0,1.0,0.5820000000000001,0.5574000000000001,0.4866,0.4432999999999999,4.0,2.0,6,1,-0.8000000000000007,5.358275012642696,118.0,0.0,0.0,9.0,0.07407407407407407,0.7
22023,1629675,22300166,2023-11-08,MIN vs. NOP,W,22,4,8,0.5,1,4,0.25,0,0,0.0,1,3,4,0,1,0,0,2,9,17,1,Naz Reid,2023-24,22,13.6,15.9,3.8,4.7,0.8,1.0,0.5391999999999999,0.5341,0.4224,0.4183,1.4,3.4,7,1,-2.3000000000000007,5.087020520675908,112.0,0.0,0.0,7.0,0.08641975308641975,0.7
22023,1629675,22300013,2023-11-10,MIN @ SAS,W,18,3,7,0.429,1,3,0.333,0,0,0.0,1,2,3,0,0,2,0,1,7,7,1,Naz Reid,2023-24,18,12.4,14.3,4.2,4.4,0.8,0.9,0.5416000000000001,0.5182,0.4032,0.3916,7.0,3.3,8,1,-1.9000000000000004,5.121848624601606,106.0,0.0,1.0,10.0,0.09876543209876543,0.7
22023,1629675,22300186,2023-11-12,MIN @ GSW,W,19,3,8,0.375,2,5,0.4,2,2,1.0,1,5,6,2,0,0,2,2,10,10,1,Naz Reid,2023-24,19,11.2,13.5,4.4,4.6,1.0,1.0,0.4832000000000001,0.4974,0.4166,0.3916,8.2,5.1,9,1,-2.3000000000000007,5.104464277037856,106.0,0.0,1.0,10.0,0.1111111111111111,0.7
22023,1629675,22300025,2023-11-14,MIN @ GSW,W,16,4,5,0.8,2,3,0.667,0,0,0.0,0,2,2,0,0,0,1,4,10,-8,1,Naz Reid,2023-24,16,10.0,13.0,3.8,4.2,0.8,0.8,0.532,0.5389,0.43,0.4083,4.8,4.7,10,1,-3.0,5.185449728701354,100.0,0.0,1.0,13.0,0.12345679012345678,0.8
22023,1629675,22300197,2023-11-15,MIN @ PHX,L,19,4,7,0.571,1,2,0.5,4,4,1.0,2,2,4,0,1,0,0,0,13,-5,1,Naz Reid,2023-24,19,9.8,13.3,3.8,4.2,0.4,0.7,0.5349999999999999,0.5585,0.43,0.4583,4.2,4.1,11,0,-3.5,5.078276172963512,94.0,0.0,1.0,8.0,0.13580246913580246,0.8
22023,1629675,22300203,2023-11-18,MIN @ NOP,W,18,2,8,0.25,2,6,0.333,2,2,1.0,0,1,1,0,0,1,1,0,8,-8,1,Naz Reid,2023-24,18,9.6,11.6,3.2,3.5,0.4,0.6,0.485,0.5121,0.4466,0.4345,-0.8,0.3,12,1,-2.0,3.238655413730976,90.0,0.0,1.0,10.0,0.14814814814814814,0.8
22023,1629675,22300221,2023-11-20,MIN vs. NYK,W,18,3,8,0.375,1,6,0.167,3,3,1.0,0,3,3,1,1,0,3,6,10,3,1,Naz Reid,2023-24,18,10.2,11.3,3.2,3.7,0.6,0.7,0.4742,0.5079,0.4134,0.4083,-1.6,2.7,13,1,-1.1000000000000014,3.2335051500740852,90.0,0.0,1.0,13.0,0.16049382716049382,0.9
22023,1629675,22300232,2023-11-22,MIN vs. PHI,W,22,6,13,0.462,1,4,0.25,0,1,0.0,1,3,4,0,3,1,0,1,13,4,1,Naz Reid,2023-24,22,10.8,11.0,2.8,3.6,0.2,0.6,0.4916,0.4873999999999999,0.3834,0.4,-2.8,2.7,14,1,-0.1999999999999993,2.86744175568089,93.0,0.0,1.0,9.0,0.1728395061728395,0.9
22023,1629675,22300050,2023-11-24,MIN vs. SAC,L,18,4,7,0.571,1,3,0.333,0,0,0.0,0,1,1,0,0,2,3,0,9,-19,1,Naz Reid,2023-24,18,10.6,10.3,2.6,3.2,0.2,0.5,0.4458,0.4888999999999999,0.3166,0.3733,-5.0,-0.1,15,0,0.29999999999999893,2.311805451253314,95.0,0.0,1.0,12.0,0.18518518518518517,0.8
22023,1629675,22300249,2023-11-26,MIN @ MEM,W,22,4,9,0.444,1,2,0.5,3,4,0.75,2,4,6,0,1,0,1,4,12,4,1,Naz Reid,2023-24,22,10.4,10.1,3.0,3.4,0.2,0.3,0.4204,0.4777,0.3166,0.3733,-3.2,0.5,16,1,0.3000000000000007,2.024845673131683,98.0,0.0,1.0,15.0,0.19753086419753085,0.8
22023,1629675,22300058,2023-11-28,MIN vs. OKC,W,25,6,9,0.667,3,4,0.75,0,0,0.0,1,6,7,2,0,2,1,2,15,1,1,Naz Reid,2023-24,25,11.8,10.7,4.2,3.7,0.6,0.5,0.5038,0.4944,0.4,0.4232999999999999,-1.4,-1.1,17,1,1.1000000000000014,2.4966644414765518,105.0,0.0,0.0,6.0,0.20987654320987653,0.8
22023,1629675,22300270,2023-11-30,MIN vs. UTA,W,22,3,9,0.333,0,4,0.0,0,0,0.0,1,2,3,0,1,1,0,2,6,-2,1,Naz Reid,2023-24,22,11.0,10.6,4.2,3.7,0.4,0.5,0.4953999999999999,0.4848,0.3666,0.39,-2.4,-2.0,18,1,0.40000000000000036,2.674987019698534,109.0,0.0,0.0,23.0,0.2222222222222222,0.8
22023,1629675,22300281,2023-12-02,MIN @ CHA,W,25,9,14,0.643,3,6,0.5,2,2,1.0,2,3,5,2,1,0,2,0,23,-7,1,Naz Reid,2023-24,25,13.0,11.9,4.4,3.6,0.8,0.5,0.5315999999999999,0.5116,0.4166,0.4,-4.6,-3.7,19,1,1.0999999999999996,4.724639903973878,112.0,0.0,0.0,15.0,0.2345679012345679,0.8
22023,1629675,22301210,2023-12-06,MIN vs. SAS,W,29,7,18,0.389,1,7,0.143,0,0,0.0,4,5,9,2,0,1,1,2,15,10,1,Naz Reid,2023-24,29,14.2,12.4,6.0,4.3,1.2,0.7,0.4952,0.4705,0.3786,0.3476,1.2,-1.9,20,1,1.799999999999999,4.765617600176411,123.0,0.0,0.0,10.0,0.24691358024691357,0.8
22023,1629675,22301221,2023-12-08,MIN @ MEM,W,24,5,12,0.417,0,5,0.0,0,0,0.0,0,9,9,2,1,1,1,2,10,7,1,Naz Reid,2023-24,24,13.8,12.1,6.6,4.8,1.6,0.9,0.4897999999999999,0.4551,0.2786,0.2976,1.8,-0.7,21,1,1.700000000000001,4.817791102892609,125.0,0.0,0.0,17.0,0.25925925925925924,0.9
22023,1629675,22300301,2023-12-11,MIN @ NOP,L,24,7,15,0.467,3,7,0.429,0,0,0.0,3,3,6,2,1,0,0,3,17,0,1,Naz Reid,2023-24,24,14.2,13.0,6.4,5.3,1.6,1.1,0.4498,0.4768,0.2144,0.3072,1.6,0.1,22,0,1.1999999999999993,4.807401700618658,124.0,1.0,0.0,27.0,0.2716049382716049,0.8
22023,1629675,22300321,2023-12-14,MIN @ DAL,W,31,8,14,0.571,7,11,0.636,4,4,1.0,2,4,6,3,1,0,2,2,27,16,1,Naz Reid,2023-24,31,18.4,14.7,7.0,5.6,2.2,1.3,0.4974,0.4963999999999999,0.3416,0.3540999999999999,5.2,1.4,23,1,3.6999999999999993,6.377913277693402,133.0,1.0,0.0,17.0,0.2839506172839506,0.8
22023,1629675,22300338,2023-12-16,MIN vs. IND,W,27,6,8,0.75,3,5,0.6,2,2,1.0,0,5,5,0,0,0,1,2,17,25,1,Naz Reid,2023-24,27,17.2,15.1,7.0,5.7,1.8,1.3,0.5187999999999999,0.5252,0.3616,0.3891,11.6,3.5,24,1,2.0999999999999996,6.384877968032488,135.0,1.0,0.0,13.0,0.2962962962962963,0.8
22023,1629675,22300353,2023-12-18,MIN @ MIA,W,21,5,13,0.385,1,6,0.167,2,2,1.0,1,3,4,1,1,1,1,2,13,2,1,Naz Reid,2023-24,21,16.8,15.5,6.0,6.0,1.6,1.4,0.518,0.5065999999999999,0.3664,0.3724999999999999,10.0,5.6,25,1,1.3000000000000007,6.078194176270157,127.0,1.0,0.0,10.0,0.30864197530864196,0.9
22023,1629675,22300367,2023-12-20,MIN @ PHI,L,20,4,9,0.444,2,6,0.333,0,0,0.0,1,1,2,1,0,1,4,3,10,-27,1,Naz Reid,2023-24,20,16.8,15.3,4.6,5.6,1.4,1.5,0.5234,0.5065999999999999,0.433,0.3558,3.2,2.5,26,0,1.5,6.236986451805071,123.0,1.0,0.0,9.0,0.32098765432098764,0.8
22023,1629675,22300380,2023-12-21,MIN vs. LAL,W,21,3,9,0.333,3,6,0.5,0,0,0.0,2,3,5,2,1,1,3,6,9,5,1,Naz Reid,2023-24,21,15.2,14.7,4.4,5.4,1.4,1.5,0.4965999999999999,0.4731999999999999,0.4472,0.3308,4.2,2.9,27,1,0.5,6.549809157525127,120.0,1.0,0.0,6.0,0.3333333333333333,0.8
22023,1629675,22300400,2023-12-23,MIN @ SAC,W,19,2,4,0.5,0,1,0.0,2,2,1.0,0,2,2,2,2,0,1,0,6,-13,1,Naz Reid,2023-24,19,11.0,14.7,3.6,5.3,1.2,1.7,0.4824,0.4898999999999999,0.32,0.3308,-1.6,1.8,28,1,-3.6999999999999993,6.549809157525127,108.0,0.0,0.0,6.0,0.345679012345679,0.8
22023,1629675,22300411,2023-12-26,MIN @ OKC,L,19,2,4,0.5,2,3,0.667,0,0,0.0,1,6,7,0,0,0,4,1,6,-9,1,Naz Reid,2023-24,19,8.8,13.0,4.0,5.5,1.2,1.5,0.4324,0.4756,0.3334,0.3475,-8.4,1.6,29,0,-4.199999999999999,6.359594676112974,100.0,0.0,1.0,9.0,0.35802469135802467,0.7
22023,1629675,22300423,2023-12-28,MIN vs. DAL,W,18,3,5,0.6,3,5,0.6,0,0,0.0,0,4,4,2,0,0,3,4,9,12,1,Naz Reid,2023-24,18,8.0,12.4,4.0,5.0,1.4,1.5,0.4753999999999999,0.4967,0.42,0.3932,-6.4,1.8,30,1,-4.4,6.432556084308773,97.0,0.0,1.0,21.0,0.37037037037037035,0.7
22023,1629675,22300443,2023-12-30,MIN vs. LAL,W,27,8,11,0.727,2,5,0.4,3,4,0.75,0,5,5,1,2,2,2,3,21,13,1,Naz Reid,2023-24,27,10.2,13.5,4.6,4.6,1.4,1.4,0.532,0.5277,0.4333999999999999,0.4332,1.6,2.4,31,1,-3.3000000000000007,6.9000805148281525,104.0,0.0,1.0,5.0,0.38271604938271603,0.7
22023,1629675,22300451,2024-01-01,MIN @ NYK,L,19,2,6,0.333,1,4,0.25,0,0,0.0,0,2,2,0,0,0,0,5,5,-5,1,Naz Reid,2023-24,19,9.4,12.3,4.0,4.2,1.0,1.2,0.5319999999999999,0.5143,0.3834,0.4153,-0.4,1.9,32,0,-2.9000000000000004,7.257945837341157,102.0,0.0,1.0,8.0,0.3950617283950617,0.7
22023,1629675,22300471,2024-01-03,MIN vs. NOP,L,25,3,8,0.375,2,5,0.4,0,0,0.0,0,6,6,2,0,2,1,2,8,3,1,Naz Reid,2023-24,25,9.8,10.4,4.8,4.2,1.0,1.1,0.507,0.4947,0.4634,0.3917,2.8,0.6,33,0,-0.5999999999999996,5.168279318217153,108.0,0.0,1.0,16.0,0.4074074074074074,0.6
22023,1629675,22300485,2024-01-05,MIN @ HOU,W,25,6,11,0.545,3,6,0.5,1,2,0.5,1,6,7,2,0,1,0,1,16,21,1,Naz Reid,2023-24,25,11.8,10.3,4.8,4.4,1.4,1.3,0.516,0.4742,0.43,0.3817,8.8,0.2,34,1,1.5,5.034326612809751,114.0,0.0,0.0,15.0,0.41975308641975306,0.6
22023,1629675,22300501,2024-01-07,MIN @ DAL,L,27,7,12,0.583,1,4,0.25,0,2,0.0,4,5,9,0,0,0,0,2,15,-1,1,Naz Reid,2023-24,27,13.0,10.5,5.8,4.9,1.0,1.2,0.5126000000000001,0.4939999999999999,0.36,0.39,6.2,-0.1,35,0,2.5,5.190803834132484,123.0,0.0,0.0,13.0,0.43209876543209874,0.5
22023,1629675,22300513,2024-01-09,MIN @ ORL,W,21,5,8,0.625,2,4,0.5,1,2,0.5,2,8,10,2,0,0,3,3,13,1,1,Naz Reid,2023-24,21,11.4,10.8,6.8,5.7,1.2,1.3,0.4922000000000001,0.5121,0.38,0.4067,3.8,2.7,36,1,0.5999999999999996,5.245103536738924,117.0,0.0,0.0,19.0,0.4444444444444444,0.6
22023,1629675,22300517,2024-01-10,MIN @ BOS,L,37,7,15,0.467,3,7,0.429,2,2,1.0,3,7,10,3,0,3,1,4,19,2,1,Naz Reid,2023-24,37,14.2,11.8,8.4,6.2,1.8,1.4,0.5189999999999999,0.5255000000000001,0.4158,0.3996,5.2,2.4,37,0,2.3999999999999986,5.788878225624646,135.0,0.0,0.0,14.0,0.4567901234567901,0.5
22023,1629675,22300538,2024-01-12,MIN vs. POR,W,21,5,10,0.5,2,6,0.333,2,5,0.4,1,2,3,1,2,0,0,2,14,-4,1,Naz Reid,2023-24,21,15.4,12.6,7.8,6.3,1.6,1.3,0.5439999999999999,0.5255000000000001,0.4024,0.4328999999999999,3.8,3.3,38,1,2.8000000000000007,5.440588203494181,131.0,0.0,0.0,8.0,0.4691358024691358,0.5
22023,1629675,22300553,2024-01-14,MIN vs. LAC,W,14,3,5,0.6,2,3,0.667,0,0,0.0,0,1,1,1,2,0,1,2,8,6,1,Naz Reid,2023-24,14,13.8,12.8,6.6,5.7,1.4,1.4,0.5549999999999999,0.5355000000000001,0.4358000000000001,0.4329,0.8,4.8,39,1,1.0,5.202563470700449,120.0,0.0,0.0,9.0,0.48148148148148145,0.6
22023,1629675,22300569,2024-01-17,MIN @ DET,W,23,3,9,0.333,1,4,0.25,2,4,0.5,0,4,4,1,3,0,1,0,9,3,1,Naz Reid,2023-24,23,12.6,12.8,5.6,5.7,1.6,1.3,0.5050000000000001,0.5088,0.4358000000000001,0.3979,1.6,3.9,40,1,-0.20000000000000107,5.202563470700449,116.0,0.0,0.0,20.0,0.49382716049382713,0.6
22023,1629675,22300582,2024-01-18,MIN vs. MEM,W,24,8,13,0.615,4,5,0.8,0,0,0.0,0,3,3,1,2,1,0,2,20,16,1,Naz Reid,2023-24,24,14.0,12.7,4.2,5.5,1.4,1.3,0.503,0.4976000000000001,0.4958,0.4379,4.6,4.2,41,1,1.3000000000000007,5.034326612809749,119.0,0.0,0.0,18.0,0.5061728395061729,0.6
22023,1629675,22300599,2024-01-20,MIN vs. OKC,L,26,7,13,0.538,4,8,0.5,0,0,0.0,0,3,3,0,0,4,4,3,18,17,1,Naz Reid,2023-24,26,13.8,14.0,2.8,5.6,0.8,1.3,0.5172000000000001,0.5181,0.51,0.4629,7.6,6.4,42,0,-0.1999999999999993,4.472135954999582,108.0,0.0,0.0,5.0,0.5185185185185185,0.6
22023,1629675,22300610,2024-01-22,MIN vs. CHA,L,15,2,5,0.4,1,4,0.25,0,0,0.0,0,0,0,0,1,0,1,3,5,6,1,Naz Reid,2023-24,15,12.0,13.7,2.2,5.0,0.6,1.1,0.4972,0.5206000000000001,0.4934,0.4479,9.6,6.7,43,0,-1.6999999999999993,4.989989979949862,102.0,0.0,0.0,5.0,0.5308641975308642,0.6
22023,1629675,22300620,2024-01-24,MIN @ WAS,W,21,2,9,0.222,1,3,0.333,0,0,0.0,0,3,3,2,1,1,0,1,5,4,1,Naz Reid,2023-24,21,11.4,12.6,2.6,4.6,0.8,1.1,0.4216,0.4882999999999999,0.4266,0.4312,9.2,5.0,44,1,-1.1999999999999993,5.601587076693337,109.0,0.0,0.0,5.0,0.5432098765432098,0.6
22023,1629675,22300629,2024-01-25,MIN @ BKN,W,23,2,7,0.286,1,3,0.333,0,0,0.0,1,3,4,2,0,1,1,3,5,8,1,Naz Reid,2023-24,23,10.6,11.6,2.6,4.1,1.0,1.3,0.4122,0.4586,0.4432,0.4394999999999999,10.2,5.9,45,1,-1.0,6.003702561290366,109.0,0.0,0.0,13.0,0.5555555555555556,0.7
22023,1629675,22300649,2024-01-27,MIN @ SAS,L,22,5,12,0.417,2,5,0.4,1,2,0.5,0,2,2,0,0,3,1,2,13,5,1,Naz Reid,2023-24,22,9.2,11.6,2.4,3.3,0.8,1.1,0.3726,0.4378,0.3632000000000001,0.4295,8.0,6.3,46,0,-2.4000000000000004,6.003702561290366,107.0,0.0,1.0,9.0,0.5679012345679012,0.6
22023,1629675,22300664,2024-01-29,MIN @ OKC,W,21,3,10,0.3,3,5,0.6,0,0,0.0,0,5,5,2,0,0,2,0,9,-7,1,Naz Reid,2023-24,21,7.4,10.6,2.8,2.8,1.2,1.0,0.325,0.4211,0.3832,0.4466,3.2,5.4,47,1,-3.1999999999999993,5.440588203494183,102.0,0.0,1.0,12.0,0.5802469135802469,0.7
22023,1629675,22300680,2024-01-31,MIN vs. DAL,W,26,4,10,0.4,3,5,0.6,1,4,0.25,1,7,8,2,1,1,0,3,12,23,1,Naz Reid,2023-24,26,8.8,10.4,4.4,3.3,1.6,1.1,0.325,0.4110999999999999,0.4532,0.4732999999999999,6.6,8.1,48,1,-1.5999999999999996,5.337498373666165,113.0,0.0,1.0,9.0,0.5925925925925926,0.7
22023,1629675,22300694,2024-02-02,MIN vs. ORL,L,22,4,5,0.8,1,2,0.5,0,0,0.0,0,5,5,1,0,0,2,1,9,4,1,Naz Reid,2023-24,22,9.6,10.5,4.8,3.7,1.4,1.1,0.4406,0.4311,0.4866,0.4566,6.6,7.9,49,0,-0.9000000000000004,5.296749527356907,114.0,0.0,1.0,13.0,0.6049382716049383,0.6
22023,1629675,22300709,2024-02-04,MIN vs. HOU,W,22,5,11,0.455,1,4,0.25,2,3,0.667,0,6,6,0,1,2,1,2,13,4,1,Naz Reid,2023-24,22,11.2,10.9,5.2,3.9,1.0,1.0,0.4744,0.4432999999999999,0.47,0.4566,5.8,8.0,50,1,0.29999999999999893,5.321862664727668,113.0,0.0,0.0,10.0,0.6172839506172839,0.6
22023,1629675,22300723,2024-02-06,MIN @ CHI,L,20,4,11,0.364,2,6,0.333,0,0,0.0,0,4,4,2,0,1,0,1,10,3,1,Naz Reid,2023-24,20,10.6,9.9,5.6,4.0,1.4,1.1,0.4638000000000001,0.4181999999999999,0.4566,0.4099,5.4,6.7,51,0,0.6999999999999993,4.254409477236537,111.0,0.0,0.0,17.0,0.6296296296296297,0.5
22023,1629675,22300738,2024-02-08,MIN @ MIL,W,24,6,11,0.545,2,4,0.5,3,3,1.0,1,3,4,0,1,1,1,1,17,6,1,Naz Reid,2023-24,24,12.2,9.8,5.4,4.1,1.0,1.1,0.5128,0.4189,0.4366,0.4099,8.0,5.6,52,1,2.3999999999999986,4.049691346263326,114.0,0.0,0.0,11.0,0.6419753086419753,0.6
22023,1629675,22300770,2024-02-12,MIN @ LAC,W,27,5,9,0.556,1,2,0.5,0,0,0.0,0,7,7,1,0,0,2,3,11,17,1,Naz Reid,2023-24,27,12.0,10.4,5.2,4.8,0.8,1.2,0.544,0.4345,0.4166,0.4349,6.8,6.7,53,1,1.5999999999999996,3.687817782917163,115.0,0.0,0.0,10.0,0.654320987654321,0.7
22023,1629675,22300775,2024-02-13,MIN @ POR,W,25,4,8,0.5,1,3,0.333,1,2,0.5,0,3,3,1,1,2,0,2,10,18,1,Naz Reid,2023-24,25,12.2,10.9,4.8,4.8,0.8,1.1,0.4840000000000001,0.4622999999999999,0.3832,0.4349,9.6,8.1,54,1,1.299999999999999,3.178049716414149,118.0,0.0,0.0,10.0,0.6666666666666666,0.7
22023,1629675,22300791,2024-02-15,MIN @ POR,W,22,4,8,0.5,2,2,1.0,0,0,0.0,1,2,3,0,0,0,0,4,10,16,1,Naz Reid,2023-24,22,11.6,11.4,4.2,4.7,0.8,0.9,0.493,0.4836999999999999,0.5332000000000001,0.5016,12.0,8.9,55,1,0.1999999999999993,2.458545188611446,118.0,0.0,0.0,8.0,0.6790123456790124,0.7
22023,1629675,22300808,2024-02-23,MIN vs. MIL,L,23,2,10,0.2,1,6,0.167,3,4,0.75,1,3,4,1,1,0,1,2,8,-13,1,Naz Reid,2023-24,23,11.2,10.9,4.2,4.9,0.6,1.0,0.4602000000000001,0.462,0.5,0.4782999999999999,8.8,7.1,56,0,0.29999999999999893,2.601281735350233,121.0,0.0,0.0,6.0,0.691358024691358,0.7
22023,1629675,22300815,2024-02-24,MIN vs. BKN,W,27,2,9,0.222,0,5,0.0,2,4,0.5,4,5,9,1,0,3,3,4,6,8,1,Naz Reid,2023-24,27,9.0,10.6,5.2,5.3,0.8,0.9,0.3956,0.4542,0.4,0.4183,9.2,8.6,57,1,-1.5999999999999996,2.988868236194662,124.0,0.0,1.0,22.0,0.7037037037037037,0.7
22023,1629675,22300838,2024-02-27,MIN vs. SAS,W,33,8,10,0.8,1,2,0.5,5,5,1.0,2,4,6,1,2,1,2,2,22,8,1,Naz Reid,2023-24,33,11.2,11.6,5.0,5.1,0.8,0.8,0.4444000000000001,0.4942,0.4,0.4083,7.4,7.1,58,1,-0.40000000000000036,4.695151163109074,130.0,0.0,0.0,19.0,0.7160493827160493,0.7
22023,1629675,22300845,2024-02-28,MIN vs. MEM,W,26,6,11,0.545,4,6,0.667,3,3,1.0,1,5,6,2,0,2,0,5,19,18,1,Naz Reid,2023-24,26,13.0,12.6,5.6,5.2,1.0,0.9,0.4534000000000001,0.4687,0.4668,0.425,7.4,8.5,59,1,0.40000000000000036,5.125101625008688,131.0,0.0,0.0,18.0,0.7283950617283951,0.8
22023,1629675,22300862,2024-03-01,MIN vs. SAC,L,36,8,18,0.444,1,6,0.167,1,1,1.0,2,5,7,3,1,0,1,0,18,2,1,Naz Reid,2023-24,36,14.6,13.1,6.4,5.3,1.6,1.2,0.4422,0.4676,0.3002,0.4166999999999999,4.6,8.3,60,0,1.5,5.404730438339282,145.0,1.0,0.0,3.0,0.7407407407407407,0.7
22023,1629675,22300873,2024-03-03,MIN vs. LAC,L,21,0,7,0.0,0,3,0.0,3,4,0.75,3,8,11,2,0,1,2,1,3,-18,1,Naz Reid,2023-24,21,13.6,12.4,7.8,6.0,1.8,1.2,0.4022,0.4312,0.2668,0.3834,3.6,6.2,61,0,1.1999999999999993,6.2396581102920505,143.0,1.0,0.0,12.0,0.7530864197530864,0.7
22023,1629675,22300881,2024-03-04,MIN vs. POR,W,23,4,5,0.8,4,4,1.0,0,2,0.0,0,5,5,0,0,1,1,0,12,16,1,Naz Reid,2023-24,23,14.8,11.9,7.0,6.1,1.6,1.2,0.5178,0.4567,0.4668000000000001,0.4333999999999999,5.2,7.2,62,1,2.9000000000000004,6.026792034094279,139.0,1.0,0.0,13.0,0.7654320987654321,0.7
22023,1629675,22300903,2024-03-07,MIN @ IND,W,26,6,15,0.4,1,4,0.25,0,0,0.0,2,6,8,2,1,1,2,2,13,-12,1,Naz Reid,2023-24,26,13.0,12.1,7.4,6.2,1.8,1.3,0.4378,0.4410999999999999,0.4168000000000001,0.4084,1.2,4.3,63,1,0.9000000000000004,6.026792034094278,132.0,1.0,0.0,34.0,0.7777777777777778,0.7
22023,1629675,22300911,2024-03-08,MIN @ CLE,L,32,10,18,0.556,7,11,0.636,7,8,0.875,0,5,5,2,1,2,1,4,34,-9,1,Naz Reid,2023-24,32,16.0,14.5,7.2,6.4,1.8,1.4,0.44,0.4467,0.4105999999999999,0.4387,-4.2,1.6,64,0,1.5,9.095175766428168,138.0,1.0,0.0,25.0,0.7901234567901234,0.6
22023,1629675,22300932,2024-03-10,MIN @ LAL,L,42,9,17,0.529,5,10,0.5,2,3,0.667,0,5,5,3,0,4,3,4,25,-10,1,Naz Reid,2023-24,42,17.4,16.0,6.8,6.6,1.8,1.7,0.457,0.4496,0.4772,0.3887,-6.6,-1.0,65,0,1.3999999999999986,9.498537899183336,144.0,1.0,0.0,6.0,0.8024691358024691,0.5
22023,1629675,22300944,2024-03-12,MIN @ LAC,W,22,3,7,0.429,0,3,0.0,0,0,0.0,1,4,5,3,1,1,0,3,6,15,1,Naz Reid,2023-24,22,18.0,15.8,5.6,6.7,2.0,1.9,0.5428000000000001,0.4725,0.4772,0.372,0.0,1.8,66,1,2.1999999999999993,9.704523572941525,145.0,1.0,0.0,22.0,0.8148148148148148,0.6
22023,1629675,22300974,2024-03-16,MIN @ UTA,W,35,7,18,0.389,4,11,0.364,4,5,0.8,0,12,12,5,2,2,0,1,22,17,1,Naz Reid,2023-24,35,20.0,17.4,7.0,7.0,3.0,2.3,0.4606,0.4892,0.35,0.4084,0.2,2.7,67,1,2.6000000000000014,9.215928240461363,157.0,1.0,0.0,17.0,0.8271604938271605,0.6
22023,1629675,22300987,2024-03-18,MIN @ UTA,W,17,7,12,0.583,2,4,0.5,1,2,0.5,2,2,4,0,0,1,1,1,17,3,1,Naz Reid,2023-24,17,20.8,16.9,6.2,6.8,2.6,2.2,0.4972000000000001,0.4674999999999999,0.4,0.4084,3.2,2.2,68,1,3.900000000000002,9.073159439920703,148.0,1.0,0.0,18.0,0.8395061728395061,0.6
22023,1629675,22301014,2024-03-22,MIN vs. CLE,W,26,7,15,0.467,3,8,0.375,1,1,1.0,0,3,3,3,1,0,1,3,18,10,1,Naz Reid,2023-24,26,17.6,16.8,5.8,6.5,2.8,2.3,0.4794,0.4596999999999999,0.3478,0.3792,7.0,1.4,69,1,0.8000000000000007,9.052930771609573,142.0,1.0,0.0,20.0,0.8518518518518519,0.6
22023,1629675,22301031,2024-03-24,MIN vs. GSW,W,29,7,11,0.636,6,8,0.75,0,0,0.0,2,10,12,0,1,2,6,3,20,-6,1,Naz Reid,2023-24,29,16.6,17.0,7.2,7.0,2.2,2.0,0.5008000000000001,0.4789,0.3978,0.4375,7.8,0.6,70,1,-0.3999999999999986,9.10433352249844,129.0,0.0,0.0,21.0,0.8641975308641975,0.7
22023,1629675,22301056,2024-03-27,MIN vs. DET,W,31,9,18,0.5,1,8,0.125,2,2,1.0,1,9,10,4,0,0,0,2,21,9,1,Naz Reid,2023-24,31,19.6,18.8,8.2,6.9,2.4,2.2,0.515,0.5288999999999999,0.4228,0.45,6.6,3.3,71,1,0.8000000000000007,7.699927849589813,138.0,1.0,0.0,7.0,0.8765432098765432,0.8
22023,1629675,22301071,2024-03-29,MIN @ DEN,W,33,2,12,0.167,0,5,0.0,3,4,0.75,0,6,6,2,2,0,1,3,7,14,1,Naz Reid,2023-24,33,16.6,18.3,7.0,7.0,1.8,2.4,0.4706,0.4655999999999999,0.35,0.35,6.0,3.1,72,1,-1.6999999999999993,8.327331171776729,136.0,0.0,0.0,14.0,0.8888888888888888,0.8
22023,1629675,22301084,2024-03-31,MIN vs. CHI,L,31,5,14,0.357,3,9,0.333,1,1,1.0,0,3,3,4,1,2,3,2,14,-4,1,Naz Reid,2023-24,31,16.0,18.4,6.8,6.5,2.6,2.6,0.4254,0.4612999999999999,0.3166,0.3583,4.6,3.9,73,0,-2.3999999999999986,8.262364471909152,150.0,0.0,0.0,25.0,0.9012345679012346,0.7
22023,1629675,22301098,2024-04-02,MIN vs. HOU,W,34,10,17,0.588,3,5,0.6,2,2,1.0,1,5,6,2,2,1,3,1,25,5,1,Naz Reid,2023-24,34,17.4,17.5,7.4,6.6,2.4,2.6,0.4496,0.4644999999999999,0.3616,0.3546999999999999,3.6,5.3,74,1,-0.10000000000000142,6.720615051218647,158.0,0.0,0.0,23.0,0.9135802469135802,0.8
22023,1629675,22301108,2024-04-03,MIN vs. TOR,W,26,8,15,0.533,6,10,0.6,1,2,0.5,1,6,7,1,1,2,2,0,23,12,1,Naz Reid,2023-24,26,18.0,17.3,6.4,6.8,2.6,2.4,0.4290000000000001,0.4648999999999999,0.3316,0.3646999999999999,7.2,7.5,75,1,0.6999999999999993,6.498717822257962,155.0,0.0,0.0,8.0,0.9259259259259259,0.9
22023,1629675,22301125,2024-04-05,MIN @ PHX,L,32,3,13,0.231,1,5,0.2,1,2,0.5,1,10,11,2,2,2,5,3,8,-19,1,Naz Reid,2023-24,32,15.4,17.5,6.6,7.4,2.2,2.3,0.3752000000000001,0.4451,0.3466000000000001,0.3847,1.6,4.1,76,0,-2.0999999999999996,6.132789830991362,156.0,0.0,0.0,31.0,0.9382716049382716,0.8
22023,1629675,22301143,2024-04-07,MIN @ LAL,W,35,12,16,0.75,6,8,0.75,1,3,0.333,1,10,11,1,2,1,1,5,31,11,1,Naz Reid,2023-24,35,20.2,18.4,7.6,7.3,2.0,1.9,0.4918,0.4812,0.4966000000000001,0.4233,1.0,3.5,77,1,1.8000000000000007,7.396695959082748,158.0,0.0,0.0,3.0,0.9506172839506173,0.8
22023,1629675,22301152,2024-04-09,MIN vs. WAS,W,8,1,5,0.2,1,2,0.5,0,0,0.0,0,2,2,0,1,1,0,1,3,-15,1,Naz Reid,2023-24,8,18.0,17.0,7.4,7.1,1.2,1.9,0.4604000000000001,0.4428999999999999,0.53,0.4233,-1.2,1.7,78,1,1.0,8.869423130433377,135.0,0.0,0.0,13.0,0.9629629629629629,0.8
22023,1629675,22301164,2024-04-10,MIN @ DEN,L,30,6,19,0.316,0,4,0.0,1,5,0.2,1,5,6,2,2,1,0,4,13,3,1,Naz Reid,2023-24,30,15.6,16.5,7.4,7.4,1.2,1.8,0.406,0.4277999999999999,0.4100000000000001,0.3858,-1.6,1.0,79,0,-0.9000000000000004,8.947377020979696,131.0,0.0,0.0,19.0,0.9753086419753086,0.7
22023,1629675,22301178,2024-04-12,MIN vs. ATL,W,28,5,10,0.5,2,5,0.4,7,8,0.875,0,3,3,2,0,1,2,2,19,-3,1,Naz Reid,2023-24,28,14.8,16.4,6.6,6.5,1.4,2.0,0.3994000000000001,0.4141999999999999,0.3700000000000001,0.3508,-4.6,1.3,80,1,-1.5999999999999979,8.909420731886991,133.0,0.0,0.0,10.0,0.9876543209876543,0.7
22023,1629675,22301194,2024-04-14,MIN vs. PHX,L,20,4,8,0.5,2,5,0.4,0,0,0.0,0,4,4,1,1,0,4,4,10,-17,1,Naz Reid,2023-24,20,15.2,15.3,5.2,5.9,1.2,1.7,0.4532,0.4141999999999999,0.41,0.3783,-4.2,-1.3,81,0,-0.10000000000000142,8.957306142659927,121.0,0.0,0.0,12.0,1.0,0.6
22024,1629675,22400062,2024-10-22,MIN @ LAL,L,26,3,8,0.375,2,4,0.5,4,4,1.0,1,3,4,1,0,0,1,3,12,-6,1,Naz Reid,2024-25,26,11.4,15.8,3.8,5.7,1.2,1.6,0.3782,0.4349999999999999,0.36,0.4283,-7.6,-3.3,1,0,-4.4,8.573862088412143,112.0,0.0,1.0,19.0,0.0125,0.5
22024,1629675,22400076,2024-10-24,MIN @ SAC,W,27,6,10,0.6,4,7,0.571,3,3,1.0,0,13,13,3,0,0,2,4,19,13,1,Naz Reid,2024-25,27,14.6,16.3,6.0,6.7,1.8,1.5,0.4582,0.4593,0.3742,0.4521,-2.0,-1.6,2,1,-1.700000000000001,8.602971063017185,131.0,0.0,1.0,10.0,0.025,0.6
22024,1629675,22400093,2024-10-26,MIN vs. TOR,W,21,3,7,0.429,0,2,0.0,4,4,1.0,1,3,4,1,1,0,0,0,10,-5,1,Naz Reid,2024-25,21,14.0,14.8,5.6,6.5,1.6,1.4,0.4808,0.4433999999999999,0.3742,0.3921,-3.6,-2.6,3,1,-0.8000000000000007,8.216514535440867,122.0,0.0,0.0,14.0,0.0375,0.6
22024,1629675,22400114,2024-10-29,MIN vs. DAL,L,26,5,8,0.625,2,5,0.4,2,2,1.0,0,9,9,2,0,1,5,1,14,-6,1,Naz Reid,2024-25,26,13.0,13.9,6.8,6.7,1.6,1.5,0.5058,0.4526,0.3742,0.3721,-4.2,-4.4,4,0,-0.9000000000000004,7.694875639743051,120.0,0.0,1.0,16.0,0.05,0.5
22024,1629675,22400139,2024-11-01,MIN vs. DEN,W,23,7,10,0.7,1,3,0.333,1,1,1.0,1,2,3,2,0,3,1,4,16,13,1,Naz Reid,2024-25,23,14.2,14.7,6.6,5.9,1.8,1.5,0.5458000000000001,0.4995,0.3608,0.3854,1.8,-1.2,5,1,-0.5,7.424434134816077,123.0,0.0,0.0,11.0,0.0625,0.6
22024,1629675,22400146,2024-11-02,MIN @ SAS,L,26,4,8,0.5,2,5,0.4,1,2,0.5,0,4,4,2,0,0,0,1,11,-10,1,Naz Reid,2024-25,26,14.0,12.7,6.6,5.2,2.0,1.6,0.5708,0.4745,0.3408,0.3504,1.0,-3.3,6,0,1.3000000000000007,4.762119042797827,123.0,0.0,0.0,25.0,0.075,0.5
22024,1629675,22400162,2024-11-04,MIN vs. CHA,W,26,9,13,0.692,5,7,0.714,2,2,1.0,2,7,9,2,1,1,1,3,25,33,1,Naz Reid,2024-25,26,15.2,14.9,5.8,5.9,1.8,1.8,0.5892000000000001,0.5237,0.3694,0.3718,5.0,1.5,7,1,0.29999999999999893,4.863697724525599,122.0,0.0,0.0,4.0,0.0875,0.5
22024,1629675,22400181,2024-11-07,MIN @ CHI,W,18,2,7,0.286,0,3,0.0,0,0,0.0,1,1,2,1,1,0,0,2,4,-10,1,Naz Reid,2024-25,18,14.0,14.0,5.4,5.5,1.8,1.7,0.5606000000000001,0.5206999999999999,0.3694,0.3718,4.0,0.2,8,1,0.0,5.962847939999432,119.0,0.0,0.0,15.0,0.1,0.6
22024,1629675,22400193,2024-11-08,MIN vs. POR,W,22,6,11,0.545,3,5,0.6,0,0,0.0,0,4,4,1,1,0,1,4,15,20,1,Naz Reid,2024-25,22,14.2,13.6,4.4,5.6,1.6,1.6,0.5446,0.5252,0.4094,0.3918,9.2,2.5,9,1,0.5999999999999996,5.719362823873917,115.0,0.0,0.0,15.0,0.1125,0.6
22024,1629675,22400206,2024-11-10,MIN vs. MIA,L,23,5,11,0.455,4,7,0.571,1,1,1.0,1,2,3,2,0,0,1,2,15,10,1,Naz Reid,2024-25,23,14.0,14.1,4.4,5.5,1.6,1.7,0.4956,0.5206999999999999,0.457,0.4088999999999999,8.6,5.2,10,0,-0.09999999999999964,5.58669053296413,115.0,0.0,0.0,28.0,0.125,0.6
22024,1629675,22400008,2024-11-12,MIN @ POR,L,34,10,17,0.588,4,8,0.5,4,4,1.0,0,6,6,1,1,0,1,4,28,-15,1,Naz Reid,2024-25,34,17.4,15.7,4.8,5.7,1.4,1.7,0.5132,0.542,0.477,0.4088999999999999,7.6,4.3,11,0,1.6999999999999993,7.024560089033646,123.0,0.0,0.0,15.0,0.1375,0.6
22024,1629675,22400226,2024-11-13,MIN @ POR,L,28,5,12,0.417,2,8,0.25,3,4,0.75,1,2,3,2,1,1,0,3,15,-11,1,Naz Reid,2024-25,28,15.4,15.3,3.6,4.7,1.4,1.6,0.4582,0.5236999999999999,0.3842,0.3767999999999999,-1.2,1.9,12,0,0.09999999999999964,6.929005059249924,125.0,0.0,0.0,16.0,0.15,0.5
22024,1629675,22400020,2024-11-15,MIN @ SAC,W,24,7,12,0.583,2,4,0.5,0,0,0.0,1,4,5,2,0,0,0,1,16,-20,1,Naz Reid,2024-25,24,17.8,15.9,4.2,4.8,1.6,1.7,0.5176000000000001,0.5391,0.4842000000000001,0.4267999999999999,-3.2,0.4,13,1,1.9000000000000004,6.674162452656093,131.0,1.0,0.0,13.0,0.1625,0.5
22024,1629675,22400234,2024-11-17,MIN vs. PHX,W,22,4,10,0.4,1,6,0.167,4,5,0.8,2,2,4,1,1,0,2,1,13,-15,1,Naz Reid,2024-25,22,17.4,15.8,4.2,4.3,1.6,1.6,0.4886,0.5166000000000001,0.3976,0.4035,-10.2,-0.5,14,1,1.5999999999999979,6.713171133426186,131.0,1.0,0.0,2.0,0.175,0.6
22024,1629675,22400261,2024-11-21,MIN @ TOR,L,22,1,8,0.125,0,3,0.0,0,0,0.0,2,2,4,1,0,1,2,5,2,-4,1,Naz Reid,2024-25,22,14.8,14.4,4.4,4.4,1.4,1.5,0.4226,0.4591,0.2834,0.3702,-13.0,-2.2,15,0,0.40000000000000036,8.002777295692063,130.0,0.0,0.0,5.0,0.1875,0.5
22024,1629675,22400271,2024-11-24,MIN @ BOS,L,26,2,9,0.222,1,6,0.167,0,0,0.0,0,5,5,2,1,0,2,3,5,10,1,Naz Reid,2024-25,26,10.2,13.8,4.2,4.5,1.6,1.5,0.3494,0.4312999999999999,0.2168,0.3469,-8.0,-0.2,16,0,-3.6000000000000014,8.495750571772792,122.0,0.0,1.0,19.0,0.2,0.5
22024,1629675,22400037,2024-11-26,MIN vs. HOU,L,27,7,14,0.5,3,7,0.429,2,2,1.0,1,6,7,0,2,0,2,0,19,6,1,Naz Reid,2024-25,27,11.0,13.2,5.0,4.3,1.2,1.3,0.366,0.4120999999999999,0.2526,0.3184,-4.6,-2.9,17,0,-2.1999999999999993,7.800284895081997,121.0,0.0,1.0,7.0,0.2125,0.4
22024,1629675,22400294,2024-11-27,MIN vs. SAC,L,24,3,7,0.429,0,3,0.0,1,2,0.5,0,3,3,1,3,3,3,3,7,-5,1,Naz Reid,2024-25,24,9.2,13.5,4.6,4.4,1.0,1.3,0.3352,0.4263999999999999,0.1526,0.3184,-1.6,-2.4,18,0,-4.300000000000001,7.45728577373236,121.0,0.0,1.0,8.0,0.225,0.3
22024,1629675,22400044,2024-11-29,MIN vs. LAC,W,23,3,9,0.333,1,6,0.167,1,1,1.0,0,6,6,1,1,2,1,0,8,-2,1,Naz Reid,2024-25,23,8.2,12.8,5.0,4.6,1.0,1.3,0.3218000000000001,0.4051999999999999,0.1526,0.2751,1.0,-4.6,19,1,-4.600000000000001,7.627435858647236,122.0,0.0,1.0,15.0,0.2375,0.3
22024,1629675,22400318,2024-12-02,MIN vs. LAL,W,28,6,11,0.545,2,5,0.4,1,1,1.0,0,2,2,2,2,1,0,3,15,22,1,Naz Reid,2024-25,28,10.8,12.8,4.6,4.5,1.2,1.3,0.4058,0.4141999999999999,0.2326,0.258,6.2,-3.4,20,1,-2.0,7.627435858647236,128.0,0.0,1.0,4.0,0.25,0.4
22024,1629675,22400324,2024-12-04,MIN @ LAC,W,21,1,4,0.25,0,2,0.0,2,2,1.0,0,4,4,1,0,2,1,1,4,15,1,Naz Reid,2024-25,21,10.6,10.4,4.4,4.3,1.0,1.3,0.4114000000000001,0.3803999999999999,0.1992,0.208,7.2,-0.4,21,1,0.1999999999999993,5.891613625409513,123.0,0.0,1.0,9.0,0.2625,0.5
22024,1629675,22400338,2024-12-06,MIN @ GSW,W,32,4,10,0.4,1,5,0.2,0,0,0.0,1,9,10,4,3,2,0,1,9,20,1,Naz Reid,2024-25,32,8.6,9.8,5.0,5.0,1.8,1.5,0.3914000000000001,0.3787,0.1534,0.203,10.0,2.7,22,1,-1.200000000000001,5.672545969648697,128.0,0.0,1.0,10.0,0.275,0.6
22024,1629675,22400355,2024-12-08,MIN @ GSW,L,21,3,8,0.375,1,6,0.167,3,5,0.6,0,6,6,2,0,2,2,2,10,-2,1,Naz Reid,2024-25,21,9.2,9.2,5.6,5.1,2.0,1.5,0.3806000000000001,0.3579,0.1868,0.1697,10.6,4.5,23,0,0.0,5.245103536738909,125.0,0.0,1.0,10.0,0.2875,0.5
22024,1629675,22401210,2024-12-13,MIN vs. LAL,W,26,3,10,0.3,2,2,1.0,2,2,1.0,1,4,5,0,0,1,2,3,10,-6,1,Naz Reid,2024-25,26,9.6,8.9,5.4,5.2,1.8,1.4,0.374,0.3479,0.3534,0.253,9.8,5.4,24,1,0.6999999999999993,5.087020520675897,128.0,0.0,1.0,3.0,0.3,0.5
22024,1629675,22401218,2024-12-15,MIN @ SAS,W,27,1,10,0.1,0,4,0.0,1,1,1.0,0,8,8,3,0,1,0,1,3,26,1,Naz Reid,2024-25,27,7.2,9.0,6.6,5.6,2.0,1.6,0.285,0.3454,0.2734000000000001,0.253,10.6,8.4,25,1,-1.7999999999999998,4.944132324730432,127.0,0.0,1.0,3.0,0.3125,0.6
22024,1629675,22400367,2024-12-19,MIN vs. NYK,L,16,1,7,0.143,1,4,0.25,0,0,0.0,0,2,2,2,0,0,1,4,3,-6,1,Naz Reid,2024-25,16,7.0,8.8,6.2,5.3,2.2,1.6,0.2636,0.3374999999999999,0.3234000000000001,0.2613,6.4,6.8,26,0,-1.8000000000000007,5.159672685570483,122.0,0.0,1.0,16.0,0.325,0.6
22024,1629675,22400383,2024-12-21,MIN vs. GSW,L,25,6,11,0.545,4,7,0.571,0,0,0.0,1,3,4,2,0,1,3,3,16,-12,1,Naz Reid,2024-25,25,8.4,8.5,5.0,5.0,1.8,1.8,0.2926,0.3419999999999999,0.3976,0.2754999999999999,0.0,5.0,27,0,-0.09999999999999964,4.552166761249209,115.0,0.0,1.0,23.0,0.3375,0.6
22024,1629675,22400395,2024-12-23,MIN @ ATL,L,29,10,19,0.526,3,10,0.3,0,0,0.0,2,1,3,3,1,0,1,2,23,-13,1,Naz Reid,2024-25,29,11.0,10.1,4.4,5.0,2.0,2.0,0.3228000000000001,0.3517,0.4242,0.3055,-2.2,4.2,28,0,0.9000000000000004,6.402256546631726,123.0,0.0,0.0,6.0,0.35,0.6
22024,1629675,22400406,2024-12-25,MIN @ DAL,W,22,3,6,0.5,0,0,0.0,0,0,0.0,0,2,2,2,1,0,1,1,6,-3,1,Naz Reid,2024-25,22,10.2,9.9,3.8,4.6,2.4,2.1,0.3628,0.3683999999999999,0.2242,0.2888,-1.6,4.1,29,1,0.29999999999999893,6.5055531834135465,119.0,0.0,0.0,14.0,0.3625,0.6
22024,1629675,22400422,2024-12-27,MIN @ HOU,W,24,6,12,0.5,1,5,0.2,1,3,0.333,2,1,3,1,0,1,2,6,14,14,1,Naz Reid,2024-25,24,12.4,9.8,2.8,4.7,2.0,2.0,0.4428000000000001,0.3639,0.2642000000000001,0.2688,-4.0,3.3,30,1,2.5999999999999996,6.425643072011454,116.0,0.0,0.0,11.0,0.375,0.6
22024,1629675,22400441,2024-12-29,MIN vs. SAS,W,21,5,11,0.455,1,4,0.25,0,2,0.0,0,4,4,2,1,1,0,4,11,4,1,Naz Reid,2024-25,21,14.0,10.5,3.2,4.7,2.0,2.1,0.5052000000000001,0.3843999999999999,0.2642,0.2937999999999999,-2.0,2.2,31,1,3.5,6.096447052723953,121.0,1.0,0.0,19.0,0.3875,0.6
22024,1629675,22400452,2024-12-31,MIN @ OKC,L,33,8,14,0.571,1,5,0.2,2,2,1.0,2,6,8,1,1,3,4,4,19,-8,1,Naz Reid,2024-25,33,14.6,11.5,4.0,4.5,1.8,1.8,0.5104,0.4014999999999999,0.19,0.2938,-1.2,-0.6,32,0,3.0999999999999996,6.6206746886803955,129.0,1.0,0.0,20.0,0.4,0.5
22024,1629675,22400464,2025-01-02,MIN vs. BOS,L,26,6,11,0.545,4,5,0.8,4,4,1.0,3,2,5,3,0,0,2,1,20,-4,1,Naz Reid,2024-25,26,14.0,12.5,4.4,4.4,1.8,1.9,0.5142,0.4185,0.2900000000000001,0.3571,0.6,-0.8,33,0,1.5,7.106335201775943,126.0,1.0,0.0,9.0,0.4125,0.5
22024,1629675,22400479,2025-01-04,MIN @ DET,L,25,2,7,0.286,2,4,0.5,3,4,0.75,0,3,3,1,0,0,0,2,9,-7,1,Naz Reid,2024-25,25,14.6,12.4,4.6,4.2,1.6,2.0,0.4713999999999999,0.4170999999999999,0.39,0.3071,-0.2,-0.9,34,0,2.1999999999999993,7.152311203768715,129.0,1.0,0.0,18.0,0.425,0.4
22024,1629675,22400500,2025-01-06,MIN vs. LAC,W,31,8,14,0.571,1,5,0.2,1,3,0.333,1,6,7,3,1,2,1,5,18,-10,1,Naz Reid,2024-25,31,15.4,13.9,5.4,4.1,2.0,2.0,0.4856,0.4641999999999999,0.39,0.3271,-5.0,-4.5,35,1,1.5,6.505553183413549,136.0,1.0,0.0,13.0,0.4375,0.4
22024,1629675,22400505,2025-01-07,MIN @ NOP,W,23,6,16,0.375,1,5,0.2,0,1,0.0,6,6,12,1,0,1,3,2,13,0,1,Naz Reid,2024-25,23,15.8,14.9,7.0,5.1,1.8,1.9,0.4695999999999999,0.4874,0.38,0.3221,-5.8,-3.9,36,1,0.9000000000000004,5.300943312279424,138.0,1.0,0.0,16.0,0.45,0.5
22024,1629675,22400519,2025-01-09,MIN @ ORL,W,23,5,9,0.556,2,4,0.5,4,6,0.667,0,3,3,1,2,1,0,1,16,14,1,Naz Reid,2024-25,23,15.2,14.9,6.0,5.0,1.8,1.8,0.4666,0.4885,0.4400000000000001,0.315,-1.4,-1.3,37,1,0.29999999999999893,5.300943312279424,128.0,1.0,0.0,19.0,0.4625,0.6
22024,1629675,22400535,2025-01-11,MIN vs. MEM,L,30,7,10,0.7,5,7,0.714,0,0,0.0,1,5,6,3,0,1,2,1,19,2,1,Naz Reid,2024-25,30,15.0,14.5,6.2,5.3,1.8,1.8,0.4976,0.5058999999999999,0.4228,0.3564,-0.2,0.2,38,0,0.5,4.743416490252564,132.0,1.0,0.0,12.0,0.475,0.6
22024,1629675,22400548,2025-01-13,MIN @ WAS,W,24,3,5,0.6,3,4,0.75,3,4,0.75,0,5,5,1,3,1,0,4,12,7,1,Naz Reid,2024-25,24,15.6,15.1,6.6,5.6,1.8,1.7,0.5604,0.5159,0.4728,0.4314,2.6,1.2,39,1,0.5,3.842742076521221,131.0,1.0,0.0,15.0,0.4875,0.6
22024,1629675,22400565,2025-01-15,MIN vs. GSW,L,29,5,13,0.385,3,7,0.429,2,2,1.0,2,4,6,1,0,1,0,0,15,8,1,Naz Reid,2024-25,29,15.0,15.2,6.4,5.9,1.4,1.7,0.5231999999999999,0.5044,0.5186000000000001,0.4543,6.2,0.6,40,0,-0.1999999999999993,3.823901439919991,129.0,1.0,0.0,23.0,0.5,0.5
22024,1629675,22400578,2025-01-17,MIN @ NYK,W,25,8,11,0.727,6,6,1.0,1,2,0.5,2,6,8,1,1,0,1,4,23,1,1,Naz Reid,2024-25,25,17.0,16.4,5.6,6.3,1.4,1.6,0.5936,0.5315999999999999,0.6786000000000001,0.5292999999999999,6.4,0.3,41,1,0.6000000000000014,4.22163738639668,131.0,1.0,0.0,16.0,0.5125,0.5
22024,1629675,22400590,2025-01-18,MIN vs. CLE,L,26,6,12,0.5,4,8,0.5,0,0,0.0,0,2,2,4,2,2,0,3,16,-15,1,Naz Reid,2024-25,26,17.0,16.1,5.4,5.7,2.0,1.9,0.5824,0.5245,0.6786000000000001,0.5593,0.6,-0.4,42,0,0.8999999999999986,4.121757985239897,134.0,1.0,0.0,29.0,0.525,0.5
22024,1629675,22400601,2025-01-20,MIN @ MEM,L,33,11,20,0.55,5,10,0.5,2,2,1.0,3,5,8,1,0,0,2,3,29,2,1,Naz Reid,2024-25,33,19.0,17.0,5.8,6.0,1.6,1.7,0.5524,0.525,0.6358,0.5292999999999999,0.6,0.2,43,0,2.0,5.734883511361749,137.0,1.0,0.0,12.0,0.5375,0.5
22024,1629675,22400614,2025-01-22,MIN @ DAL,W,27,5,9,0.556,2,3,0.667,0,0,0.0,0,6,6,1,1,0,0,3,12,-1,1,Naz Reid,2024-25,27,19.0,17.3,6.0,6.3,1.6,1.7,0.5436,0.5519999999999999,0.6192000000000001,0.546,-1.0,0.8,44,1,1.6999999999999993,5.334374898294601,140.0,1.0,0.0,13.0,0.55,0.6
22024,1629675,22400634,2025-01-25,MIN vs. DEN,W,25,5,9,0.556,1,2,0.5,2,2,1.0,2,0,2,4,2,2,2,1,13,14,1,Naz Reid,2024-25,25,18.6,16.8,5.2,5.8,2.2,1.8,0.5778000000000001,0.5505,0.6334000000000001,0.576,0.2,3.2,45,1,1.8000000000000007,5.493430419854041,136.0,1.0,0.0,15.0,0.5625,0.6
22024,1629675,22400656,2025-01-27,MIN vs. ATL,W,29,6,9,0.667,3,5,0.6,0,0,0.0,0,3,3,2,0,0,2,1,15,4,1,Naz Reid,2024-25,29,17.0,17.0,4.2,4.9,2.4,1.9,0.5658,0.5797,0.5534000000000001,0.616,0.8,3.6,46,1,0.0,5.374838498865697,140.0,0.0,0.0,12.0,0.575,0.6
22024,1629675,22400677,2025-01-30,MIN @ UTA,W,28,4,5,0.8,4,5,0.8,0,0,0.0,0,4,4,4,1,0,0,1,12,35,1,Naz Reid,2024-25,28,16.2,16.6,4.6,5.0,2.4,2.2,0.6258,0.6041,0.6134000000000001,0.646,10.8,5.7,47,1,-0.40000000000000213,5.601587076693332,142.0,0.0,0.0,8.0,0.5875,0.6
22024,1629675,22400690,2025-02-01,MIN vs. WAS,L,20,3,10,0.3,2,6,0.333,0,0,0.0,0,3,3,0,0,0,1,1,8,-9,1,Naz Reid,2024-25,20,12.0,15.5,3.6,4.7,2.2,1.9,0.5758,0.5640999999999999,0.5800000000000001,0.6079,8.6,4.6,48,0,-3.5,6.132789830991363,129.0,0.0,1.0,30.0,0.6,0.6
22024,1629675,22400704,2025-02-03,MIN vs. SAC,L,40,12,19,0.632,5,9,0.556,1,1,1.0,1,4,5,3,0,2,0,1,30,3,1,Naz Reid,2024-25,40,15.6,17.3,3.4,4.7,2.6,2.1,0.591,0.5673,0.5578000000000001,0.5885,9.4,4.2,49,0,-1.700000000000001,7.484057129065163,142.0,0.0,0.0,22.0,0.6125,0.5
22024,1629675,22400723,2025-02-05,MIN vs. CHI,W,36,8,19,0.421,4,10,0.4,2,2,1.0,2,8,10,6,1,2,1,3,22,16,1,Naz Reid,2024-25,36,17.4,18.0,5.0,5.1,3.0,2.6,0.564,0.5709,0.5378000000000001,0.5856,9.8,5.0,50,1,-0.6000000000000014,7.571877794400363,153.0,0.0,0.0,15.0,0.625,0.6
22024,1629675,22400729,2025-02-06,MIN vs. HOU,W,36,6,16,0.375,2,8,0.25,1,1,1.0,4,7,11,4,2,2,2,2,15,25,1,Naz Reid,2024-25,36,17.4,17.2,6.6,5.4,3.4,2.9,0.5055999999999999,0.5357,0.4678000000000001,0.5105999999999999,14.0,7.4,51,1,0.1999999999999993,7.4057035077327,160.0,0.0,0.0,23.0,0.6375,0.6
22024,1629675,22400747,2025-02-08,MIN vs. POR,W,38,9,16,0.563,5,9,0.556,0,2,0.0,0,8,8,2,2,0,4,5,23,29,1,Naz Reid,2024-25,38,19.6,17.9,7.4,6.0,3.0,2.7,0.4582,0.542,0.4190000000000001,0.5162,12.8,11.8,52,1,1.7000000000000028,7.607744592044199,170.0,1.0,0.0,10.0,0.65,0.7
22024,1629675,22400755,2025-02-10,MIN @ CLE,L,35,4,12,0.333,1,6,0.167,1,2,0.5,2,4,6,4,0,2,1,3,10,-9,1,Naz Reid,2024-25,35,20.0,16.0,8.0,5.8,3.8,3.0,0.4648,0.5203,0.3858000000000001,0.4829,12.8,10.7,53,0,4.0,6.8637534273246645,185.0,1.0,0.0,22.0,0.6625,0.7
22024,1629675,22400776,2025-02-12,MIN vs. MIL,L,33,7,17,0.412,1,7,0.143,7,7,1.0,2,11,13,2,0,1,2,2,22,10,1,Naz Reid,2024-25,33,18.4,17.0,9.6,6.5,3.6,3.1,0.4208,0.5059,0.3032000000000001,0.4305,14.2,11.8,54,0,1.3999999999999986,6.9442222186665505,178.0,0.0,0.0,27.0,0.675,0.6
22024,1629675,22400787,2025-02-13,MIN vs. OKC,W,38,11,18,0.611,3,9,0.333,2,2,1.0,4,10,14,7,0,1,0,1,27,10,1,Naz Reid,2024-25,38,19.4,18.4,10.4,7.7,3.8,3.4,0.4588,0.5114,0.2898000000000001,0.4138,13.0,11.4,55,1,1.0,7.441624673267105,180.0,0.0,0.0,22.0,0.6875,0.6
22024,1629675,22400801,2025-02-21,MIN @ HOU,L,34,9,16,0.563,2,6,0.333,2,2,1.0,1,7,8,3,1,3,0,5,22,-10,1,Naz Reid,2024-25,34,20.8,19.1,9.8,8.2,3.6,3.5,0.4963999999999999,0.501,0.3064000000000001,0.3871,6.0,10.0,56,0,1.6999999999999993,7.415449338299659,178.0,1.0,0.0,22.0,0.7,0.5
22024,1629675,22400820,2025-02-23,MIN vs. OKC,L,40,6,18,0.333,3,9,0.333,7,7,1.0,2,9,11,2,0,4,2,3,22,6,1,Naz Reid,2024-25,40,20.6,20.1,10.4,8.9,3.6,3.3,0.4503999999999999,0.4542999999999999,0.2618000000000001,0.3404,1.4,7.1,57,0,0.5,7.015063158027238,180.0,0.0,0.0,22.0,0.7125,0.4
22024,1629675,22400826,2025-02-24,MIN @ OKC,W,41,7,21,0.333,2,8,0.25,6,6,1.0,2,9,11,3,0,0,2,2,22,3,1,Naz Reid,2024-25,41,23.0,21.5,11.4,9.7,3.4,3.6,0.4503999999999999,0.4575999999999999,0.2784000000000001,0.3321,3.8,8.3,58,1,1.5,5.582711408148073,186.0,1.0,0.0,3.0,0.725,0.5
22024,1629675,22400849,2025-02-27,MIN @ LAL,L,31,1,10,0.1,0,5,0.0,1,2,0.5,4,8,12,2,0,0,3,4,3,-9,1,Naz Reid,2024-25,31,19.2,18.8,11.2,10.4,3.4,3.5,0.388,0.4044,0.2498000000000001,0.2765000000000001,0.0,7.1,59,0,0.3999999999999986,7.284687135812124,184.0,0.0,0.0,27.0,0.7375,0.5
22024,1629675,22400858,2025-02-28,MIN @ UTA,L,41,10,25,0.4,6,15,0.4,1,2,0.5,4,7,11,5,3,1,2,3,27,-5,1,Naz Reid,2024-25,41,19.2,19.3,10.6,10.5,3.0,3.4,0.3458,0.4023,0.2632000000000001,0.2765,-3.0,5.0,60,0,-0.10000000000000142,7.68909762080195,187.0,0.0,0.0,7.0,0.75,0.4
22024,1629675,22400873,2025-03-02,MIN @ PHX,W,39,3,15,0.2,1,8,0.125,0,2,0.0,0,10,10,5,2,1,1,3,7,26,1,Naz Reid,2024-25,39,16.2,18.5,11.0,10.4,3.4,3.5,0.2732,0.3848,0.2216000000000001,0.264,4.2,5.1,61,1,-2.3000000000000007,8.553751613570892,192.0,0.0,0.0,23.0,0.7625,0.4
22024,1629675,22400887,2025-03-04,MIN vs. PHI,W,33,9,18,0.5,5,10,0.5,0,0,0.0,1,5,6,2,1,1,3,2,23,12,1,Naz Reid,2024-25,33,16.4,18.5,10.0,10.2,3.4,3.5,0.3066,0.3784999999999999,0.255,0.2584,5.4,3.4,62,1,-2.1000000000000014,8.553751613570892,185.0,0.0,0.0,13.0,0.775,0.4
22024,1629675,22400892,2025-03-05,MIN @ CHA,W,35,5,12,0.417,2,7,0.286,1,2,0.5,1,9,10,2,0,0,1,3,13,20,1,Naz Reid,2024-25,35,14.6,18.8,9.8,10.6,3.2,3.3,0.3234,0.3868999999999999,0.2622000000000001,0.2703,8.8,6.3,63,1,-4.200000000000001,8.270429251254132,179.0,0.0,1.0,15.0,0.7875,0.5
22024,1629675,22400907,2025-03-07,MIN @ MIA,W,34,6,13,0.462,3,7,0.429,0,0,0.0,1,3,4,3,0,2,1,3,15,19,1,Naz Reid,2024-25,34,17.0,18.1,8.2,9.7,3.4,3.4,0.3958,0.3918999999999999,0.3480000000000001,0.2989,14.4,7.2,64,1,-1.1000000000000014,8.26572575290411,182.0,0.0,0.0,20.0,0.8,0.6
22024,1629675,22400925,2025-03-09,MIN vs. SAS,W,27,8,15,0.533,4,8,0.5,0,0,0.0,1,6,7,4,0,2,2,2,20,7,1,Naz Reid,2024-25,27,15.6,17.4,7.4,9.0,3.2,3.1,0.4224,0.3841,0.368,0.3156,16.8,6.9,65,1,-1.799999999999999,7.7056977476266075,168.0,0.0,0.0,8.0,0.8125,0.6
22024,1629675,22400952,2025-03-12,MIN @ DEN,W,26,3,7,0.429,2,5,0.4,0,0,0.0,0,5,5,2,1,1,3,4,8,17,1,Naz Reid,2024-25,26,15.8,16.0,6.4,8.7,2.6,3.0,0.4682,0.3707,0.423,0.3223,15.0,9.6,66,1,-0.1999999999999993,8.041558721209876,155.0,0.0,0.0,8.0,0.825,0.7
22024,1629675,22400963,2025-03-14,MIN vs. ORL,W,27,3,9,0.333,2,6,0.333,0,2,0.0,0,7,7,3,1,2,2,4,8,7,1,Naz Reid,2024-25,27,12.8,14.6,6.6,8.3,2.8,3.1,0.4347999999999999,0.3707,0.3896,0.3223,14.0,9.7,67,1,-1.799999999999999,8.09938269252663,149.0,0.0,1.0,5.0,0.8375,0.8
22024,1629675,22400981,2025-03-16,MIN vs. UTA,W,20,2,10,0.2,0,5,0.0,1,2,0.5,4,5,9,3,3,1,3,1,5,11,1,Naz Reid,2024-25,20,11.2,12.9,6.4,8.1,3.0,3.1,0.3914,0.3574,0.3324000000000001,0.2973,12.2,10.5,68,1,-1.700000000000001,8.157477823717596,134.0,0.0,1.0,21.0,0.85,0.8
22024,1629675,22400986,2025-03-17,MIN vs. IND,L,30,9,16,0.563,3,7,0.429,0,0,0.0,1,3,4,0,1,1,2,3,21,5,1,Naz Reid,2024-25,30,12.4,14.7,6.4,7.3,2.4,2.9,0.4115999999999999,0.4037,0.3324000000000001,0.3401999999999999,9.4,11.9,69,0,-2.299999999999999,7.703534542302278,130.0,0.0,1.0,9.0,0.8625,0.8
22024,1629675,22401001,2025-03-19,MIN vs. NOP,L,34,3,11,0.273,2,7,0.286,1,2,0.5,2,5,7,4,1,1,1,1,9,6,1,Naz Reid,2024-25,34,10.2,12.9,6.4,6.9,2.4,2.8,0.3596,0.3909999999999999,0.2896000000000001,0.3288,9.2,13.0,70,0,-2.700000000000001,6.5226102477799754,137.0,0.0,1.0,15.0,0.875,0.8
22024,1629675,22401016,2025-03-21,MIN vs. NOP,W,24,6,13,0.462,3,8,0.375,0,0,0.0,0,5,5,6,1,0,0,1,15,19,1,Naz Reid,2024-25,24,11.6,13.7,6.4,6.4,3.2,2.9,0.3662,0.4171999999999999,0.2846000000000001,0.3538,9.6,12.3,71,1,-2.0999999999999996,6.201254353399437,135.0,0.0,1.0,20.0,0.8875,0.8
22024,1629675,22401037,2025-03-24,MIN @ IND,L,26,8,13,0.615,3,6,0.5,1,2,0.5,0,3,3,2,0,0,1,2,20,-5,1,Naz Reid,2024-25,26,14.0,13.4,5.6,6.1,3.0,2.9,0.4226000000000001,0.4286999999999999,0.318,0.3538,7.2,10.6,72,0,0.5999999999999996,5.758086101783776,134.0,0.0,0.0,9.0,0.9,0.7
22024,1629675,22401071,2025-03-28,MIN vs. PHX,W,26,3,7,0.429,3,5,0.6,0,0,0.0,1,6,7,4,1,0,1,2,9,3,1,Naz Reid,2024-25,26,14.8,13.0,5.2,5.8,3.2,3.1,0.4684,0.4298999999999999,0.438,0.3852,5.6,8.9,73,1,1.8000000000000007,5.925462944877053,140.0,0.0,0.0,2.0,0.9125,0.7
22024,1629675,22401084,2025-03-30,MIN vs. DET,W,10,1,3,0.333,0,1,0.0,0,0,0.0,0,2,2,1,0,0,0,0,2,0,1,Naz Reid,2024-25,10,11.0,11.7,4.8,5.6,3.4,2.9,0.4224,0.417,0.3522000000000001,0.3423,4.6,7.0,74,1,-0.6999999999999993,6.799509786251744,120.0,0.0,1.0,13.0,0.925,0.7
22024,1629675,22401113,2025-04-03,MIN @ BKN,W,26,5,9,0.556,1,4,0.25,2,2,1.0,0,2,2,3,0,1,2,1,13,9,1,Naz Reid,2024-25,26,11.8,11.0,3.8,5.1,3.2,2.8,0.479,0.4192999999999999,0.3450000000000001,0.3173,5.2,7.2,75,1,0.8000000000000007,6.182412330330461,112.0,0.0,1.0,9.0,0.9375,0.7
22024,1629675,22401130,2025-04-05,MIN @ PHI,W,27,4,10,0.4,0,5,0.0,1,2,0.5,0,7,7,2,0,2,5,3,9,11,1,Naz Reid,2024-25,27,10.6,11.1,4.2,5.3,2.4,2.8,0.4666,0.4164,0.2700000000000001,0.2773,3.6,6.6,76,1,-0.5,6.136412270663979,115.0,0.0,1.0,17.0,0.95,0.7
22024,1629675,22401152,2025-04-08,MIN @ MIL,L,26,7,12,0.583,3,7,0.429,0,0,0.0,1,3,4,3,1,0,0,1,17,7,1,Naz Reid,2024-25,26,10.0,12.0,4.4,5.0,2.6,2.8,0.4602,0.4413999999999999,0.2558000000000001,0.2869,6.0,6.6,77,0,-2.0,6.289320754704395,115.0,0.0,1.0,14.0,0.9625,0.6
22024,1629675,22401170,2025-04-10,MIN @ MEM,W,24,4,13,0.308,1,5,0.2,5,5,1.0,3,3,6,1,0,0,2,5,14,-7,1,Naz Reid,2024-25,24,11.0,12.9,4.2,4.7,2.0,2.6,0.436,0.4521999999999999,0.1758000000000001,0.3069,4.0,4.8,78,1,-1.9000000000000004,5.801340841181069,113.0,0.0,0.0,7.0,0.975,0.6
22024,1629675,22401179,2025-04-11,MIN vs. BKN,W,26,3,6,0.5,1,3,0.333,0,0,0.0,2,3,5,2,0,1,0,0,7,7,1,Naz Reid,2024-25,26,12.0,11.5,4.8,4.8,2.2,2.8,0.4694,0.4458999999999999,0.2424000000000001,0.2973,5.4,5.0,79,1,0.5,5.296749527356892,129.0,0.0,0.0,11.0,0.9875,0.7
22022,203497,22200010,2022-10-19,MIN vs. OKC,W,34,10,15,0.667,0,0,0.0,3,5,0.6,7,9,16,2,1,1,0,1,23,13,1,Rudy Gobert,2022-23,34,23.0,23.0,16.0,16.0,2.0,2.0,0.667,0.667,0.0,0.0,13.0,13.0,1,1,0.0,,34.0,0.0,0.0,9.0,0.014285714285714285,1.0
22022,203497,22200025,2022-10-21,MIN vs. UTA,L,38,4,10,0.4,0,0,0.0,1,3,0.333,10,13,23,0,1,2,4,3,9,-9,1,Rudy Gobert,2022-23,38,16.0,16.0,19.5,19.5,1.0,1.0,0.5335000000000001,0.5335000000000001,0.0,0.0,2.0,2.0,2,0,0.0,,72.0,0.0,0.0,15.0,0.02857142857142857,0.5
22022,203497,22200041,2022-10-23,MIN @ OKC,W,25,7,9,0.778,0,1,0.0,1,3,0.333,2,13,15,1,0,1,1,2,15,-1,1,Rudy Gobert,2022-23,25,15.666666666666666,15.666666666666666,18.0,18.0,1.0,1.0,0.6150000000000001,0.6150000000000001,0.0,0.0,1.0,1.0,3,1,0.0,7.023769168568493,97.0,0.0,0.0,11.0,0.04285714285714286,0.6666666666666666
22022,203497,22200050,2022-10-24,MIN vs. SAS,L,31,4,4,1.0,0,0,0.0,3,4,0.75,1,6,7,1,0,3,2,2,11,-9,1,Rudy Gobert,2022-23,31,14.5,14.5,15.25,15.25,1.0,1.0,0.71125,0.71125,0.0,0.0,-1.5,-1.5,4,0,0.0,6.191391873668904,128.0,0.0,0.0,10.0,0.05714285714285714,0.5
22022,203497,22200062,2022-10-26,MIN vs. SAS,W,35,4,6,0.667,0,0,0.0,2,4,0.5,0,9,9,1,1,1,2,4,10,9,1,Rudy Gobert,2022-23,35,13.6,13.6,14.0,14.0,1.0,1.0,0.7024,0.7024,0.0,0.0,0.6,0.6,5,1,0.0,5.727128425310541,163.0,0.0,0.0,22.0,0.07142857142857142,0.6
22022,203497,22200076,2022-10-28,MIN vs. LAL,W,37,7,11,0.636,0,0,0.0,8,12,0.667,8,13,21,2,0,2,1,3,22,8,1,Rudy Gobert,2022-23,37,13.4,15.0,15.0,15.166666666666666,1.0,1.1666666666666667,0.6961999999999999,0.6913333333333332,0.0,0.0,-0.4,1.8333333333333333,6,1,-1.5999999999999996,6.164414002968976,166.0,0.0,0.0,9.0,0.08571428571428572,0.6666666666666666
22022,203497,22200092,2022-10-30,MIN @ SAS,L,27,4,11,0.364,0,0,0.0,1,3,0.333,6,6,12,0,1,2,1,2,9,-10,1,Rudy Gobert,2022-23,27,13.4,14.142857142857142,12.8,14.714285714285714,1.0,1.0,0.689,0.6445714285714287,0.0,0.0,-0.6,0.1428571428571428,7,0,-0.742857142857142,6.067085281214021,155.0,0.0,0.0,7.0,0.1,0.5714285714285714
22022,203497,22200106,2022-11-01,MIN @ PHX,L,32,0,1,0.0,0,0,0.0,7,7,1.0,4,5,9,3,0,1,1,2,7,-13,1,Rudy Gobert,2022-23,32,11.8,13.25,11.6,14.0,1.4,1.25,0.5334,0.5640000000000001,0.0,0.0,-3.0,-1.5,8,0,-1.4499999999999993,6.158617655657106,162.0,0.0,0.0,7.0,0.11428571428571428,0.5
22022,203497,22200129,2022-11-04,MIN vs. MIL,L,30,3,6,0.5,0,1,0.0,1,2,0.5,4,9,13,0,1,1,0,4,7,-13,1,Rudy Gobert,2022-23,30,11.0,12.555555555555555,12.8,13.88888888888889,1.2,1.1111111111111112,0.4333999999999999,0.556888888888889,0.0,0.0,-3.8,-2.7777777777777777,9,0,-1.5555555555555554,6.125991983163035,161.0,0.0,0.0,25.0,0.12857142857142856,0.4444444444444444
22022,203497,22200167,2022-11-09,MIN vs. PHX,L,30,8,11,0.727,0,0,0.0,9,11,0.818,3,8,11,0,0,3,1,4,25,-5,1,Rudy Gobert,2022-23,30,14.0,13.8,13.2,13.6,1.0,1.0,0.4454000000000001,0.5739,0.0,0.0,-6.6,-3.0,10,0,0.1999999999999993,6.988880056521535,156.0,0.0,0.0,15.0,0.14285714285714285,0.4
22022,203497,22200181,2022-11-11,MIN @ MEM,L,35,5,5,1.0,0,0,0.0,5,5,1.0,1,5,6,1,1,0,4,4,15,-9,1,Rudy Gobert,2022-23,35,12.6,13.0,10.2,12.6,0.8,0.9,0.5182,0.6072,0.0,0.0,-10.0,-5.2,11,0,-0.40000000000000036,6.236095644623236,154.0,0.0,0.0,15.0,0.15714285714285714,0.3
22022,203497,22200193,2022-11-13,MIN @ CLE,W,33,5,10,0.5,0,0,0.0,5,8,0.625,4,9,13,1,1,2,3,3,15,-13,1,Rudy Gobert,2022-23,33,13.8,13.6,10.4,11.6,1.0,1.0,0.5454000000000001,0.6172,0.0,0.0,-10.6,-5.6,12,1,0.20000000000000107,6.09553570701998,160.0,0.0,0.0,16.0,0.17142857142857143,0.4
22022,203497,22200212,2022-11-16,MIN @ ORL,W,32,5,7,0.714,0,0,0.0,6,8,0.75,2,6,8,1,2,1,0,3,16,24,1,Rudy Gobert,2022-23,32,15.6,13.7,10.2,10.9,0.6,1.0,0.6881999999999999,0.6108,0.0,0.0,-3.2,-3.1,13,1,1.9000000000000004,6.129165250396393,160.0,0.0,0.0,8.0,0.18571428571428572,0.4
22022,203497,22200237,2022-11-19,MIN @ PHI,W,28,4,7,0.571,0,0,0.0,0,0,0.0,5,8,13,1,1,0,0,5,8,-8,1,Rudy Gobert,2022-23,28,15.8,13.4,10.2,11.5,0.8,1.0,0.7024,0.5679000000000001,0.0,0.0,-2.2,-3.0,14,1,2.4000000000000004,6.345602151621757,158.0,1.0,0.0,4.0,0.2,0.5
22022,203497,22200252,2022-11-21,MIN vs. MIA,W,31,0,0,0.0,0,0,0.0,4,4,1.0,2,7,9,0,1,2,1,4,4,3,1,Rudy Gobert,2022-23,31,11.6,12.8,9.8,11.5,0.8,0.9,0.557,0.5012,0.0,0.0,-0.6,-3.6,15,1,-1.200000000000001,6.957010852370435,159.0,0.0,0.0,21.0,0.21428571428571427,0.5
22022,203497,22200262,2022-11-23,MIN @ IND,W,32,9,11,0.818,0,0,0.0,3,4,0.75,4,12,16,2,0,0,2,3,21,7,1,Rudy Gobert,2022-23,32,12.8,12.7,11.8,11.0,1.0,0.9,0.5206,0.5193999999999999,0.0,0.0,2.6,-3.7,16,1,0.10000000000000142,6.8158312446506155,156.0,0.0,0.0,17.0,0.22857142857142856,0.5
22022,203497,22200272,2022-11-25,MIN @ CHA,L,34,6,10,0.6,0,0,0.0,5,5,1.0,4,13,17,1,2,2,2,4,17,6,1,Rudy Gobert,2022-23,34,13.2,13.5,12.6,11.5,1.0,1.0,0.5406,0.5429999999999999,0.0,0.0,6.4,-2.1,17,0,-0.3000000000000007,6.8027772106528515,157.0,0.0,0.0,9.0,0.24285714285714285,0.5
22022,203497,22200291,2022-11-27,MIN vs. GSW,L,30,4,9,0.444,0,0,0.0,1,2,0.5,4,6,10,0,0,1,2,2,9,-8,1,Rudy Gobert,2022-23,30,11.8,13.7,13.0,11.6,0.8,0.7,0.4866,0.5873999999999999,0.0,0.0,0.0,-1.6,18,0,-1.8999999999999986,6.617317348358691,155.0,0.0,0.0,19.0,0.2571428571428571,0.5
22022,203497,22200300,2022-11-28,MIN @ WAS,L,29,7,7,1.0,0,0,0.0,5,5,1.0,4,3,7,0,0,1,1,3,19,-22,1,Rudy Gobert,2022-23,29,14.0,14.9,11.8,11.0,0.6,0.7,0.5724,0.6374,0.0,0.0,-2.8,-2.5,19,0,-0.9000000000000004,6.349978127696364,156.0,0.0,0.0,9.0,0.2714285714285714,0.5
22022,203497,22200317,2022-11-30,MIN vs. MEM,W,26,4,5,0.8,0,0,0.0,1,2,0.5,0,1,1,0,1,1,4,4,9,13,1,Rudy Gobert,2022-23,26,15.0,13.3,10.2,10.0,0.6,0.7,0.7323999999999999,0.6447,0.0,0.0,-0.8,-0.7,20,1,1.6999999999999993,5.478239782184705,151.0,0.0,0.0,6.0,0.2857142857142857,0.6
22022,203497,22200341,2022-12-03,MIN vs. OKC,L,9,3,3,1.0,0,0,0.0,0,2,0.0,2,2,4,0,0,0,0,2,6,-11,1,Rudy Gobert,2022-23,9,12.0,12.4,7.8,9.8,0.2,0.6,0.7687999999999999,0.6446999999999999,0.0,0.0,-4.4,-0.9,21,0,-0.40000000000000036,5.891613625409523,128.0,0.0,0.0,16.0,0.3,0.6
22022,203497,22200370,2022-12-07,MIN vs. IND,W,31,6,12,0.5,0,0,0.0,4,5,0.8,5,16,21,1,3,2,2,3,16,15,1,Rudy Gobert,2022-23,31,11.8,12.5,8.6,10.6,0.2,0.6,0.7487999999999999,0.6446999999999999,0.0,0.0,-2.6,1.9,22,1,-0.6999999999999993,5.948856099191585,125.0,0.0,0.0,22.0,0.3142857142857143,0.6
22022,203497,22200385,2022-12-09,MIN @ UTA,W,37,8,11,0.727,0,1,0.0,6,10,0.6,3,10,13,1,0,0,3,4,22,15,1,Rudy Gobert,2022-23,37,14.4,13.1,9.2,11.1,0.4,0.6,0.8054,0.646,0.0,0.0,2.0,1.0,23,1,1.3000000000000007,6.607235091591306,132.0,0.0,0.0,24.0,0.32857142857142857,0.6
22022,203497,22200394,2022-12-10,MIN @ POR,L,36,9,11,0.818,0,0,0.0,6,9,0.667,1,8,9,2,4,1,1,4,24,7,1,Rudy Gobert,2022-23,36,15.4,14.7,9.6,10.7,0.8,0.7,0.7689999999999999,0.6707,0.0,0.0,7.8,2.5,24,0,0.7000000000000011,7.149980574954189,139.0,0.0,0.0,16.0,0.34285714285714286,0.5
22022,203497,22200407,2022-12-12,MIN @ POR,L,32,8,13,0.615,0,0,0.0,0,1,0.0,5,15,20,2,1,0,1,4,16,-9,1,Rudy Gobert,2022-23,32,16.8,15.9,13.4,11.8,1.2,0.9,0.732,0.7322,0.0,0.0,3.4,1.3,25,0,0.9000000000000004,6.081849134012525,145.0,1.0,0.0,11.0,0.35714285714285715,0.4
22022,203497,22200423,2022-12-14,MIN @ LAC,L,32,3,5,0.6,0,0,0.0,5,7,0.714,4,9,13,0,0,2,3,3,11,-9,1,Rudy Gobert,2022-23,32,17.8,14.9,15.2,11.5,1.2,0.7,0.6519999999999999,0.7103999999999999,0.0,0.0,3.8,-0.3,26,0,2.9000000000000004,5.971227307309241,168.0,1.0,0.0,19.0,0.37142857142857144,0.3
22022,203497,22200473,2022-12-21,MIN vs. DAL,L,38,9,11,0.818,0,0,0.0,1,3,0.333,5,10,15,0,2,2,1,1,19,-2,1,Rudy Gobert,2022-23,38,18.4,15.1,14.0,11.3,1.0,0.6,0.7156,0.7322,0.0,0.0,0.4,-1.1,27,0,3.299999999999999,6.081849134012526,175.0,1.0,0.0,8.0,0.38571428571428573,0.3
22022,203497,22200482,2022-12-23,MIN @ BOS,L,36,3,4,0.75,0,0,0.0,2,4,0.5,4,8,12,2,0,0,2,3,8,-23,1,Rudy Gobert,2022-23,36,15.6,15.0,13.8,11.5,1.2,0.8,0.7202,0.7628,0.0,0.0,-7.2,-2.6,28,0,0.5999999999999996,6.200358412579426,174.0,0.0,0.0,10.0,0.4,0.3
22022,203497,22200500,2022-12-26,MIN @ MIA,L,31,5,7,0.714,0,0,0.0,0,2,0.0,1,7,8,0,0,0,2,0,10,-14,1,Rudy Gobert,2022-23,31,12.8,14.1,13.6,11.6,0.8,0.8,0.6994,0.7342,0.0,0.0,-11.4,-1.8,29,0,-1.299999999999999,6.208417225383976,169.0,0.0,0.0,10.0,0.4142857142857143,0.3
22022,203497,22200520,2022-12-28,MIN @ NOP,L,29,4,5,0.8,0,0,0.0,2,2,1.0,1,7,8,2,0,4,2,6,10,-6,1,Rudy Gobert,2022-23,29,11.6,14.2,11.2,12.3,0.8,1.0,0.7363999999999999,0.7342,0.0,0.0,-10.8,-3.7,30,0,-2.5999999999999996,6.12463150818979,166.0,0.0,1.0,9.0,0.42857142857142855,0.2
22022,203497,22200544,2022-12-31,MIN vs. DET,L,28,3,3,1.0,0,0,0.0,3,6,0.5,2,8,10,0,0,2,3,3,9,-8,1,Rudy Gobert,2022-23,28,11.2,14.5,10.6,12.9,0.8,1.0,0.8164,0.7342,0.0,0.0,-10.6,-3.4,31,0,-3.3000000000000007,5.739725119240857,162.0,0.0,1.0,8.0,0.44285714285714284,0.2
22022,203497,22200557,2023-01-02,MIN vs. DEN,W,27,3,3,1.0,0,0,0.0,2,4,0.5,2,2,4,3,0,2,1,5,8,-4,1,Rudy Gobert,2022-23,27,9.0,13.7,8.4,11.2,1.4,1.2,0.8528,0.7842,0.0,0.0,-11.0,-5.3,32,1,-4.699999999999999,6.056218108504498,151.0,0.0,1.0,17.0,0.45714285714285713,0.2
22022,203497,22200571,2023-01-04,MIN vs. POR,W,35,6,10,0.6,0,0,0.0,5,7,0.714,3,9,12,1,2,3,1,4,17,-8,1,Rudy Gobert,2022-23,35,10.8,13.2,8.4,11.1,1.2,1.2,0.8228,0.7715,0.0,0.0,-8.0,-7.6,33,1,-2.3999999999999986,5.47316686713968,150.0,0.0,1.0,25.0,0.4714285714285714,0.2
22022,203497,22200587,2023-01-06,MIN vs. LAC,W,36,11,15,0.733,0,0,0.0,3,5,0.6,7,14,21,0,0,2,5,2,25,31,1,Rudy Gobert,2022-23,36,13.8,13.3,11.0,12.3,1.2,1.0,0.8266,0.763,0.0,0.0,1.0,-5.2,34,1,0.5,5.696977756280569,155.0,0.0,0.0,18.0,0.4857142857142857,0.3
22022,203497,22200601,2023-01-08,MIN @ HOU,W,38,8,12,0.667,0,0,0.0,2,3,0.667,4,7,11,0,0,1,2,3,18,16,1,Rudy Gobert,2022-23,38,15.4,13.5,11.6,11.4,0.8,0.8,0.8,0.7682,0.0,0.0,5.4,-2.7,35,1,1.9000000000000004,5.835713800003868,164.0,0.0,0.0,16.0,0.5,0.4
22022,203497,22200618,2023-01-11,MIN @ DET,L,32,6,8,0.75,0,0,0.0,4,6,0.667,4,10,14,0,2,0,2,2,16,0,1,Rudy Gobert,2022-23,32,16.8,14.0,12.4,11.5,0.8,0.8,0.75,0.7832,0.0,0.0,7.0,-1.8,36,0,2.8000000000000007,5.811865258054233,168.0,1.0,0.0,4.0,0.5142857142857142,0.4
22022,203497,22200637,2023-01-13,MIN vs. PHX,W,32,1,1,1.0,0,0,0.0,2,4,0.5,1,11,12,1,4,1,5,5,4,3,1,Rudy Gobert,2022-23,32,16.0,12.5,14.0,11.2,0.4,0.9,0.75,0.8013999999999999,0.0,0.0,8.4,-1.3,37,1,3.5,6.2937358628330715,173.0,1.0,0.0,6.0,0.5285714285714286,0.5
22022,203497,22200645,2023-01-14,MIN vs. CLE,W,13,2,3,0.667,0,0,0.0,2,2,1.0,0,4,4,0,1,0,0,1,6,-1,1,Rudy Gobert,2022-23,13,13.8,12.3,12.4,10.4,0.2,0.7,0.7634000000000001,0.7930999999999999,0.0,0.0,9.8,0.9,38,1,1.5,6.481597882552661,151.0,0.0,0.0,2.0,0.5428571428571428,0.6
22022,203497,22200662,2023-01-16,MIN vs. UTA,L,5,1,1,1.0,0,0,0.0,0,0,0.0,0,1,1,0,0,0,0,0,2,0,1,Rudy Gobert,2022-23,5,9.2,11.5,8.4,9.7,0.2,0.7,0.8168,0.8217000000000001,0.0,0.0,3.6,2.3,39,0,-2.3000000000000007,7.245688373094722,120.0,0.0,1.0,15.0,0.5571428571428572,0.6
22022,203497,22200709,2023-01-23,MIN @ HOU,L,36,5,8,0.625,0,0,0.0,5,7,0.714,6,10,16,1,0,4,2,3,15,-4,1,Rudy Gobert,2022-23,36,8.6,12.0,9.4,10.5,0.4,0.6,0.8084,0.8042,0.0,0.0,-0.4,2.5,40,0,-3.4000000000000004,7.302967433402217,118.0,0.0,1.0,17.0,0.5714285714285714,0.6
22022,203497,22200724,2023-01-25,MIN @ NOP,W,35,7,12,0.583,0,0,0.0,3,5,0.6,2,10,12,3,1,1,0,2,17,13,1,Rudy Gobert,2022-23,35,8.8,12.8,9.0,10.7,1.0,0.9,0.775,0.7625,0.0,0.0,2.2,4.6,41,1,-4.0,7.375635565834312,121.0,0.0,1.0,7.0,0.5857142857142857,0.7
22022,203497,22200737,2023-01-27,MIN vs. MEM,W,31,3,5,0.6,0,0,0.0,1,2,0.5,2,11,13,1,1,3,3,4,7,5,1,Rudy Gobert,2022-23,31,9.4,12.7,9.2,11.6,1.0,0.7,0.6950000000000001,0.7225,0.0,0.0,2.6,5.5,42,1,-3.299999999999999,7.4543052437277275,120.0,0.0,1.0,13.0,0.6,0.7
22022,203497,22200746,2023-01-28,MIN vs. SAC,W,36,3,5,0.6,0,0,0.0,7,9,0.778,2,12,14,1,1,1,2,2,13,6,1,Rudy Gobert,2022-23,36,10.8,12.3,11.2,11.8,1.2,0.7,0.6816,0.7224999999999999,0.0,0.0,4.0,6.9,43,1,-1.5,7.303728119559522,143.0,0.0,1.0,19.0,0.6142857142857143,0.7
22022,203497,22200758,2023-01-30,MIN vs. SAC,L,40,7,9,0.778,0,0,0.0,5,10,0.5,1,13,14,1,1,0,3,3,19,5,1,Rudy Gobert,2022-23,40,14.2,11.7,13.8,11.1,1.4,0.8,0.6372,0.727,0.0,0.0,5.0,4.3,44,0,2.5,6.325433669805664,178.0,0.0,0.0,15.0,0.6285714285714286,0.6
22022,203497,22200790,2023-02-03,MIN vs. ORL,L,26,5,7,0.714,0,0,0.0,5,6,0.833,2,5,7,1,2,0,1,2,15,-4,1,Rudy Gobert,2022-23,26,14.2,11.4,12.0,10.7,1.4,0.9,0.655,0.7317,0.0,0.0,5.0,2.3,45,0,2.799999999999999,6.058969476000943,168.0,0.0,0.0,16.0,0.6428571428571429,0.5
22022,203497,22200806,2023-02-05,MIN vs. DEN,W,18,7,8,0.875,0,0,0.0,2,4,0.5,1,7,8,1,0,1,2,4,16,16,1,Rudy Gobert,2022-23,18,14.0,11.4,11.2,10.1,1.0,1.0,0.7134,0.7442,0.0,0.0,5.6,3.9,46,1,2.5999999999999996,6.058969476000943,151.0,0.0,0.0,0.0,0.6571428571428571,0.6
22022,203497,22200820,2023-02-07,MIN @ DEN,L,19,0,2,0.0,0,0,0.0,0,0,0.0,1,4,5,0,0,1,1,2,0,-10,1,Rudy Gobert,2022-23,19,12.6,11.0,9.6,9.4,0.8,0.9,0.5934,0.6442,0.0,0.0,2.6,2.6,47,0,1.5999999999999996,6.699917080747262,139.0,0.0,0.0,8.0,0.6714285714285714,0.5
22022,203497,22200841,2023-02-10,MIN @ MEM,L,30,2,4,0.5,0,0,0.0,4,4,1.0,2,8,10,2,0,2,1,3,8,-18,1,Rudy Gobert,2022-23,30,11.6,11.2,8.8,10.0,1.0,1.1,0.5734,0.6275,0.0,0.0,-2.2,0.9,48,0,0.40000000000000036,6.562519841239848,133.0,0.0,0.0,21.0,0.6857142857142857,0.4
22022,203497,22200865,2023-02-13,MIN @ DAL,W,30,9,9,1.0,0,0,0.0,3,5,0.6,3,11,14,1,0,0,3,3,21,17,1,Rudy Gobert,2022-23,30,12.0,13.1,8.8,11.3,1.0,1.2,0.6178,0.6275,0.0,0.0,0.2,2.6,49,1,-1.0999999999999996,6.349978127696366,123.0,0.0,0.0,17.0,0.7,0.5
22022,203497,22200884,2023-02-16,MIN vs. WAS,L,36,8,15,0.533,0,0,0.0,1,2,0.5,7,12,19,1,0,3,2,3,17,4,1,Rudy Gobert,2022-23,36,12.4,13.3,11.2,11.6,1.0,1.2,0.5816,0.6183,0.0,0.0,1.8,3.4,50,0,-0.9000000000000004,6.447221623821123,133.0,0.0,0.0,17.0,0.7142857142857143,0.5
22022,203497,22200898,2023-02-24,MIN vs. CHA,L,30,7,9,0.778,0,0,0.0,3,4,0.75,3,7,10,0,1,3,1,2,17,-7,1,Rudy Gobert,2022-23,30,12.6,13.3,11.6,11.4,0.8,0.9,0.5622,0.6377999999999999,0.0,0.0,-2.8,1.4,51,0,-0.7000000000000011,6.447221623821123,145.0,0.0,0.0,16.0,0.7285714285714285,0.4
22022,203497,22200932,2023-02-28,MIN @ LAC,W,29,7,11,0.636,0,0,0.0,2,6,0.333,2,5,7,0,0,2,3,4,16,3,1,Rudy Gobert,2022-23,29,15.8,14.2,12.0,10.8,0.8,0.8,0.6894,0.6414,0.0,0.0,-0.2,1.2,52,1,1.6000000000000014,6.088240030309799,155.0,1.0,0.0,22.0,0.7428571428571429,0.4
22022,203497,22200955,2023-03-03,MIN @ LAL,W,27,8,12,0.667,0,0,0.0,6,10,0.6,5,9,14,3,1,2,1,4,22,-1,1,Rudy Gobert,2022-23,27,18.6,15.1,12.8,10.8,1.0,1.0,0.7228,0.6481,0.0,0.0,3.2,0.5,53,1,3.5000000000000018,6.5396228229666775,152.0,1.0,0.0,13.0,0.7571428571428571,0.4
22022,203497,22200961,2023-03-04,MIN @ SAC,W,31,5,9,0.556,0,0,0.0,3,4,0.75,4,10,14,0,0,2,1,4,13,11,1,Rudy Gobert,2022-23,31,17.0,14.5,12.8,10.8,0.8,0.9,0.634,0.6258999999999999,0.0,0.0,2.0,1.1,54,1,2.5,6.4161255183067185,153.0,1.0,0.0,6.0,0.7714285714285715,0.5
22022,203497,22200980,2023-03-07,MIN vs. PHI,L,25,2,6,0.333,0,0,0.0,2,4,0.5,1,8,9,2,2,1,2,2,6,-14,1,Rudy Gobert,2022-23,25,14.8,13.6,10.8,11.0,1.0,1.0,0.5940000000000001,0.5878,0.0,0.0,-1.6,0.1,55,0,1.200000000000001,6.94742158406028,142.0,1.0,0.0,26.0,0.7857142857142857,0.5
22022,203497,22201001,2023-03-10,MIN vs. BKN,L,42,12,15,0.8,0,0,0.0,2,6,0.333,5,8,13,4,4,1,1,3,26,5,1,Rudy Gobert,2022-23,42,16.6,14.6,11.4,11.5,1.8,1.3,0.5984,0.5803,0.0,0.0,0.8,-1.0,56,0,2.0000000000000018,7.974960814950753,154.0,1.0,0.0,14.0,0.8,0.4
22022,203497,22201021,2023-03-13,MIN @ ATL,W,30,5,10,0.5,0,0,0.0,4,5,0.8,2,6,8,4,1,3,0,2,14,25,1,Rudy Gobert,2022-23,30,16.2,16.0,11.6,11.8,2.6,1.7,0.5711999999999999,0.6303,0.0,0.0,5.2,2.5,57,1,0.1999999999999993,6.146362971528589,155.0,1.0,0.0,15.0,0.8142857142857143,0.5
22022,203497,22201039,2023-03-15,MIN vs. BOS,L,29,6,8,0.75,0,0,0.0,3,7,0.429,1,5,6,1,1,0,1,3,15,0,1,Rudy Gobert,2022-23,29,14.8,16.7,10.0,11.4,2.2,1.6,0.5878,0.6553,0.0,0.0,5.4,4.3,58,0,-1.8999999999999986,5.498484639728777,157.0,0.0,0.0,21.0,0.8285714285714286,0.5
22022,203497,22201050,2023-03-17,MIN @ CHI,L,33,8,14,0.571,0,0,0.0,5,9,0.556,9,10,19,1,0,5,5,6,21,4,1,Rudy Gobert,2022-23,33,16.4,16.7,11.0,11.9,2.4,1.6,0.5908,0.6124,0.0,0.0,4.0,3.0,59,0,-0.3000000000000007,5.498484639728777,159.0,0.0,0.0,14.0,0.8428571428571429,0.4
22022,203497,22201058,2023-03-18,MIN @ TOR,L,31,4,8,0.5,0,0,0.0,6,7,0.857,5,7,12,3,0,1,2,3,14,-16,1,Rudy Gobert,2022-23,31,18.0,16.4,11.6,11.2,2.6,1.8,0.6242,0.6091,0.0,0.0,3.6,1.0,60,0,1.6000000000000014,5.5617742972304525,165.0,1.0,0.0,16.0,0.8571428571428571,0.4
22022,203497,22201073,2023-03-20,MIN @ NYK,W,37,7,9,0.778,0,0,0.0,2,5,0.4,2,5,7,3,1,1,0,1,16,12,1,Rudy Gobert,2022-23,37,16.0,16.3,10.4,10.9,2.4,2.1,0.6197999999999999,0.6091,0.0,0.0,5.0,2.9,61,1,-0.3000000000000007,5.558776843874916,160.0,0.0,0.0,12.0,0.8714285714285714,0.5
22022,203497,22201090,2023-03-22,MIN vs. ATL,W,33,4,8,0.5,0,0,0.0,4,8,0.5,5,7,12,2,1,1,0,3,12,3,1,Rudy Gobert,2022-23,33,15.6,15.9,11.2,11.4,2.0,2.3,0.6198,0.5955,0.0,0.0,0.6,2.9,62,1,-0.3000000000000007,5.724217559340896,163.0,0.0,0.0,10.0,0.8857142857142857,0.5
22022,203497,22201121,2023-03-26,MIN @ GSW,W,34,1,3,0.333,0,0,0.0,8,12,0.667,4,14,18,2,0,1,4,5,10,-7,1,Rudy Gobert,2022-23,34,14.6,14.7,13.6,11.8,2.2,2.2,0.5364000000000001,0.5621,0.0,0.0,-0.8,2.3,63,1,-0.09999999999999964,5.558776843874917,168.0,0.0,0.0,16.0,0.9,0.5
22022,203497,22201128,2023-03-27,MIN @ SAC,W,35,5,9,0.556,0,0,0.0,6,8,0.75,4,12,16,4,0,2,2,4,16,9,1,Rudy Gobert,2022-23,35,13.6,15.0,13.0,12.0,2.8,2.6,0.5334,0.5620999999999999,0.0,0.0,0.2,2.1,64,1,-1.4000000000000004,5.537749241945382,170.0,0.0,0.0,7.0,0.9142857142857143,0.5
22022,203497,22201144,2023-03-29,MIN @ PHX,L,35,3,5,0.6,0,0,0.0,1,2,0.5,6,9,15,2,2,0,6,5,7,-2,1,Rudy Gobert,2022-23,35,12.2,15.1,13.6,12.6,2.6,2.6,0.5534,0.5888,0.0,0.0,3.0,3.3,65,0,-2.9000000000000004,5.36345659688476,174.0,0.0,0.0,14.0,0.9285714285714286,0.5
22022,203497,22201157,2023-03-31,MIN vs. LAL,L,31,6,9,0.667,0,0,0.0,2,2,1.0,5,6,11,1,2,0,1,3,14,4,1,Rudy Gobert,2022-23,31,11.8,13.9,14.4,12.4,2.2,2.3,0.5312,0.5754999999999999,0.0,0.0,1.4,3.2,66,0,-2.0999999999999996,3.754996671103717,168.0,0.0,1.0,10.0,0.9428571428571428,0.5
22022,203497,22201166,2023-04-02,MIN vs. POR,L,35,5,10,0.5,0,0,0.0,0,0,0.0,4,11,15,3,0,0,1,3,10,-6,1,Rudy Gobert,2022-23,35,11.4,13.5,15.0,13.1,2.4,2.2,0.5312,0.5754999999999999,0.0,0.0,-0.4,0.1,67,0,-2.0999999999999996,3.9510898637098997,170.0,0.0,1.0,12.0,0.9571428571428572,0.4
22022,203497,22201180,2023-04-04,MIN @ BKN,W,34,5,8,0.625,0,0,0.0,2,3,0.667,4,8,12,2,0,1,2,3,12,-5,1,Rudy Gobert,2022-23,34,11.8,13.2,13.8,13.7,2.4,2.3,0.5896,0.563,0.0,0.0,0.0,-0.4,68,1,-1.3999999999999986,3.938414796731182,170.0,0.0,1.0,10.0,0.9714285714285714,0.5
22022,203497,22201214,2023-04-08,MIN @ SAS,W,29,4,5,0.8,0,0,0.0,2,5,0.4,2,11,13,5,1,4,1,2,10,6,1,Rudy Gobert,2022-23,29,10.6,12.1,13.2,13.1,2.6,2.7,0.6384000000000001,0.5859,0.0,0.0,-0.6,-0.2,69,1,-1.5,2.9230881691191715,164.0,0.0,1.0,2.0,0.9857142857142858,0.6
22022,203497,22201225,2023-04-09,MIN vs. NOP,W,13,1,1,1.0,0,0,0.0,0,0,0.0,0,3,3,0,0,0,0,0,2,-14,1,Rudy Gobert,2022-23,13,9.6,10.9,10.8,12.2,2.2,2.4,0.7184,0.6359,0.0,0.0,-3.0,0.0,70,1,-1.3000000000000007,4.228212125447093,142.0,0.0,1.0,15.0,1.0,0.7
22023,203497,22300069,2023-10-25,MIN @ TOR,L,32,6,12,0.5,0,0,0.0,3,5,0.6,5,8,13,1,2,4,2,3,15,-11,1,Rudy Gobert,2023-24,32,9.8,10.8,11.2,12.8,2.2,2.2,0.6849999999999999,0.6081000000000001,0.0,0.0,-6.0,-2.3,1,0,-1.0,4.104198392432375,143.0,0.0,1.0,14.0,0.013157894736842105,0.6
22023,203497,22300093,2023-10-28,MIN vs. MIA,W,31,7,9,0.778,0,0,0.0,0,0,0.0,4,10,14,1,1,0,2,1,14,14,1,Rudy Gobert,2023-24,31,10.6,11.0,11.0,13.0,1.8,2.1,0.7405999999999999,0.6359,0.0,0.0,-2.0,-1.2,2,1,-0.40000000000000036,4.216370213557845,139.0,0.0,1.0,14.0,0.02631578947368421,0.6
22023,203497,22300104,2023-10-30,MIN @ ATL,L,31,3,7,0.429,0,0,0.0,8,11,0.727,6,7,13,1,1,2,0,2,14,-13,1,Rudy Gobert,2023-24,31,11.0,11.4,11.2,12.5,1.6,2.0,0.7013999999999999,0.6455,0.0,0.0,-3.6,-1.8,3,0,-0.40000000000000036,4.299870799092564,136.0,0.0,1.0,4.0,0.039473684210526314,0.5
22023,203497,22300123,2023-11-01,MIN vs. DEN,W,32,0,7,0.0,0,0,0.0,4,4,1.0,2,10,12,1,1,2,1,3,4,15,1,Rudy Gobert,2023-24,32,9.8,10.2,11.0,12.1,0.8,1.7,0.5414,0.5899,0.0,0.0,-1.8,-1.2,4,1,-0.3999999999999986,4.541169697580379,139.0,0.0,1.0,11.0,0.05263157894736842,0.5
22023,203497,22300138,2023-11-04,MIN vs. UTA,W,29,5,10,0.5,0,0,0.0,1,2,0.5,4,6,10,1,0,4,1,3,11,10,1,Rudy Gobert,2023-24,29,11.6,10.6,12.4,11.6,1.0,1.6,0.4413999999999999,0.5799000000000001,0.0,0.0,3.0,0.0,5,1,1.0,4.402019738458454,155.0,0.0,0.0,14.0,0.06578947368421052,0.6
22023,203497,22300154,2023-11-06,MIN vs. BOS,W,41,6,6,1.0,0,0,0.0,2,11,0.182,2,10,12,1,0,1,2,4,14,24,1,Rudy Gobert,2023-24,41,11.4,10.6,12.2,11.7,1.0,1.6,0.5414,0.6132,0.0,0.0,10.0,2.0,6,1,0.8000000000000007,4.402019738458454,164.0,0.0,0.0,17.0,0.07894736842105263,0.7
22023,203497,22300166,2023-11-08,MIN vs. NOP,W,32,4,5,0.8,0,0,0.0,9,12,0.75,5,16,21,1,0,2,4,2,17,24,1,Rudy Gobert,2023-24,32,12.0,11.3,13.6,12.3,1.0,1.4,0.5458000000000001,0.6432,0.0,0.0,12.0,5.0,7,1,0.6999999999999993,4.831608887776874,165.0,0.0,0.0,11.0,0.09210526315789473,0.8
22023,203497,22300013,2023-11-10,MIN @ SAS,W,34,5,10,0.5,0,0,0.0,1,1,1.0,4,6,10,1,1,0,1,3,11,1,1,Rudy Gobert,2023-24,34,11.4,11.2,13.0,12.1,1.0,1.3,0.56,0.6306999999999999,0.0,0.0,14.8,5.6,8,1,0.20000000000000107,4.825856285561033,168.0,0.0,0.0,10.0,0.10526315789473684,0.8
22023,203497,22300186,2023-11-12,MIN @ GSW,W,35,4,7,0.571,0,0,0.0,2,8,0.25,4,6,10,3,1,5,2,3,10,-1,1,Rudy Gobert,2023-24,35,12.6,11.2,12.6,11.8,1.4,1.1,0.6742000000000001,0.6077999999999999,0.0,0.0,11.6,4.9,9,1,1.4000000000000004,4.825856285561033,171.0,0.0,0.0,9.0,0.11842105263157894,0.8
22023,203497,22300025,2023-11-14,MIN @ GSW,W,35,2,8,0.25,0,0,0.0,5,6,0.833,6,7,13,2,0,3,2,4,9,8,1,Rudy Gobert,2023-24,35,12.2,11.9,13.2,12.8,1.6,1.3,0.6242000000000001,0.5327999999999999,0.0,0.0,11.2,7.1,10,1,0.29999999999999893,3.7252889522529404,177.0,0.0,0.0,4.0,0.13157894736842105,0.8
22023,203497,22300197,2023-11-15,MIN @ PHX,L,25,2,5,0.4,0,0,0.0,0,0,0.0,4,4,8,2,1,2,2,2,4,-25,1,Rudy Gobert,2023-24,25,10.2,10.8,12.4,12.3,1.8,1.4,0.5042000000000001,0.5227999999999999,0.0,0.0,1.4,5.7,11,0,-0.6000000000000014,4.289522117905449,161.0,0.0,0.0,17.0,0.14473684210526316,0.8
22023,203497,22300203,2023-11-18,MIN @ NOP,W,34,5,7,0.714,0,0,0.0,7,10,0.7,2,9,11,1,2,1,1,2,17,-7,1,Rudy Gobert,2023-24,34,10.2,11.1,10.4,12.0,1.8,1.4,0.487,0.5164,0.0,0.0,-4.8,3.6,12,1,-0.9000000000000004,4.6296148147911165,163.0,0.0,0.0,16.0,0.15789473684210525,0.8
22023,203497,22300221,2023-11-20,MIN vs. NYK,W,26,7,7,1.0,0,0,0.0,2,7,0.286,3,4,7,1,0,2,1,2,16,16,1,Rudy Gobert,2023-24,26,11.2,11.3,9.8,11.4,1.8,1.4,0.587,0.5734999999999999,0.0,0.0,-1.8,6.5,13,1,-0.10000000000000142,4.8085571871635535,155.0,0.0,0.0,13.0,0.17105263157894737,0.9
22023,203497,22300232,2023-11-22,MIN vs. PHI,W,31,6,8,0.75,0,0,0.0,1,2,0.5,3,8,11,3,0,3,2,3,13,1,1,Rudy Gobert,2023-24,31,11.8,12.2,10.0,11.3,1.8,1.6,0.6228,0.6485,0.0,0.0,-1.4,5.1,14,1,-0.3999999999999986,4.077035960378844,151.0,0.0,0.0,12.0,0.18421052631578946,0.9
22023,203497,22300050,2023-11-24,MIN vs. SAC,L,36,5,8,0.625,0,0,0.0,2,2,1.0,3,8,11,0,0,2,3,5,12,4,1,Rudy Gobert,2023-24,36,12.4,12.3,9.6,11.4,1.4,1.5,0.6978,0.6609999999999999,0.0,0.0,-2.2,4.5,15,0,0.09999999999999964,4.056544780420349,152.0,0.0,0.0,13.0,0.19736842105263158,0.8
22023,203497,22300249,2023-11-26,MIN @ MEM,W,25,5,7,0.714,0,0,0.0,3,4,0.75,1,3,4,0,0,2,2,5,13,16,1,Rudy Gobert,2023-24,25,14.2,12.2,8.8,10.6,1.0,1.4,0.7605999999999999,0.6324,0.0,0.0,6.0,3.7,16,1,2.0,4.022160834399565,152.0,1.0,0.0,17.0,0.21052631578947367,0.8
22023,203497,22300058,2023-11-28,MIN vs. OKC,W,36,6,10,0.6,0,0,0.0,5,6,0.833,6,10,16,0,1,4,1,1,17,-1,1,Rudy Gobert,2023-24,36,14.2,12.2,9.8,10.1,0.8,1.3,0.7378,0.6123999999999999,0.0,0.0,7.2,1.2,17,1,2.0,4.022160834399565,154.0,1.0,0.0,15.0,0.2236842105263158,0.8
22023,203497,22300270,2023-11-30,MIN vs. UTA,W,37,6,11,0.545,0,0,0.0,3,4,0.75,3,10,13,0,0,3,0,4,15,15,1,Rudy Gobert,2023-24,37,14.0,12.6,11.0,10.4,0.6,1.2,0.6468,0.6169,0.0,0.0,7.0,2.6,18,1,1.4000000000000004,4.087922591134907,165.0,1.0,0.0,26.0,0.23684210526315788,0.8
22023,203497,22300281,2023-12-02,MIN @ CHA,W,39,10,12,0.833,0,0,0.0,6,9,0.667,2,10,12,0,0,3,1,1,26,10,1,Rudy Gobert,2023-24,39,16.6,14.2,11.2,10.6,0.0,0.9,0.6634,0.6431,0.0,0.0,8.8,3.7,19,1,2.400000000000002,5.7503623074260855,173.0,1.0,0.0,16.0,0.25,0.8
22023,203497,22301210,2023-12-06,MIN vs. SAS,W,30,7,8,0.875,0,0,0.0,2,2,1.0,5,15,20,2,0,2,1,3,16,31,1,Rudy Gobert,2023-24,30,17.4,14.9,13.0,11.3,0.4,0.9,0.7133999999999999,0.7055999999999999,0.0,0.0,14.2,6.0,20,1,2.4999999999999982,5.466056876558984,167.0,1.0,0.0,16.0,0.2631578947368421,0.8
22023,203497,22301221,2023-12-08,MIN @ MEM,W,36,6,9,0.667,0,0,0.0,4,4,1.0,9,11,20,1,1,6,2,4,16,25,1,Rudy Gobert,2023-24,36,18.0,16.1,16.2,12.5,0.6,0.8,0.704,0.7323000000000001,0.0,0.0,16.0,11.0,21,1,1.8999999999999986,3.900142447540995,178.0,1.0,0.0,8.0,0.27631578947368424,0.9
22023,203497,22300301,2023-12-11,MIN @ NOP,L,25,4,8,0.5,0,0,0.0,0,0,0.0,2,6,8,0,0,2,2,4,8,-20,1,Rudy Gobert,2023-24,25,16.2,15.2,14.6,12.2,0.6,0.7,0.6839999999999999,0.7109,0.0,0.0,12.2,9.7,22,0,1.0,4.63800723491362,167.0,1.0,0.0,8.0,0.2894736842105263,0.8
22023,203497,22300321,2023-12-14,MIN @ DAL,W,30,3,4,0.75,0,0,0.0,2,6,0.333,2,10,12,5,3,1,2,4,8,11,1,Rudy Gobert,2023-24,30,14.8,14.4,14.4,12.7,1.6,1.1,0.725,0.6859,0.0,0.0,11.4,9.2,23,1,0.40000000000000036,5.146735750831675,160.0,1.0,0.0,5.0,0.3026315789473684,0.8
22023,203497,22300338,2023-12-16,MIN vs. IND,W,25,2,3,0.667,0,0,0.0,1,4,0.25,2,5,7,1,1,1,2,1,5,3,1,Rudy Gobert,2023-24,25,10.6,13.6,13.4,12.3,1.8,0.9,0.6918,0.6776,0.0,0.0,10.0,9.4,24,1,-3.0,5.9479221395187905,146.0,0.0,1.0,9.0,0.3157894736842105,0.8
22023,203497,22300353,2023-12-18,MIN @ MIA,W,35,3,8,0.375,0,0,0.0,3,4,0.75,3,13,16,2,2,2,1,2,9,4,1,Rudy Gobert,2023-24,35,9.2,13.3,12.6,12.8,1.8,1.1,0.5918,0.6526,0.0,0.0,4.6,9.4,25,1,-4.100000000000001,6.111010100175294,151.0,0.0,1.0,8.0,0.32894736842105265,0.9
22023,203497,22300367,2023-12-20,MIN @ PHI,L,24,3,4,0.75,0,0,0.0,2,2,1.0,2,7,9,1,2,0,0,4,8,6,1,Rudy Gobert,2023-24,24,7.6,12.8,10.4,13.3,1.8,1.2,0.6083999999999999,0.6562,0.0,0.0,0.8,8.4,26,0,-5.200000000000001,6.338594306135849,139.0,0.0,1.0,15.0,0.34210526315789475,0.8
22023,203497,22300380,2023-12-21,MIN vs. LAL,W,37,6,11,0.545,0,0,0.0,3,6,0.5,5,8,13,3,1,3,2,3,15,-1,1,Rudy Gobert,2023-24,37,9.0,12.6,11.4,13.0,2.4,1.5,0.6174,0.6507,0.0,0.0,4.6,8.4,27,1,-3.5999999999999996,6.221825384170721,151.0,0.0,1.0,21.0,0.35526315789473684,0.8
22023,203497,22300400,2023-12-23,MIN @ SAC,W,39,10,13,0.769,0,0,0.0,1,2,0.5,6,11,17,1,0,2,1,3,21,27,1,Rudy Gobert,2023-24,39,11.6,13.2,12.4,13.4,1.6,1.6,0.6212,0.6731,0.0,0.0,7.8,9.6,28,1,-1.5999999999999996,6.746192341692543,160.0,0.0,0.0,10.0,0.3684210526315789,0.8
22023,203497,22300411,2023-12-26,MIN @ OKC,L,29,2,6,0.333,0,1,0.0,6,8,0.75,0,5,5,0,0,0,1,1,10,-14,1,Rudy Gobert,2023-24,29,12.6,11.6,12.0,12.7,1.4,1.6,0.5544,0.6231000000000001,0.0,0.0,4.4,7.2,29,0,1.0,5.0596442562694115,164.0,0.0,0.0,20.0,0.3815789473684211,0.7
22023,203497,22300423,2023-12-28,MIN vs. DAL,W,38,7,7,1.0,0,0,0.0,6,7,0.857,2,9,11,2,0,3,2,2,20,3,1,Rudy Gobert,2023-24,38,14.8,12.0,11.0,11.8,1.4,1.6,0.6794,0.6355999999999999,0.0,0.0,4.2,4.4,30,1,2.8000000000000007,5.577733510227174,167.0,0.0,0.0,13.0,0.39473684210526316,0.7
22023,203497,22300443,2023-12-30,MIN vs. LAL,W,38,6,7,0.857,0,0,0.0,1,1,1.0,4,9,13,0,2,1,4,3,13,19,1,Rudy Gobert,2023-24,38,15.8,11.7,11.8,11.1,1.2,1.5,0.7008000000000001,0.6546,0.0,0.0,6.8,3.8,31,1,4.100000000000001,5.417051268397271,181.0,0.0,0.0,10.0,0.40789473684210525,0.7
22023,203497,22300451,2024-01-01,MIN @ NYK,L,38,3,8,0.375,0,0,0.0,4,6,0.667,2,13,15,1,0,0,1,2,10,-11,1,Rudy Gobert,2023-24,38,14.8,11.9,12.2,11.8,0.8,1.6,0.6668000000000001,0.6420999999999999,0.0,0.0,4.8,4.7,32,0,2.9000000000000004,5.300943312279432,182.0,0.0,0.0,5.0,0.42105263157894735,0.7
22023,203497,22300471,2024-01-03,MIN vs. NOP,L,24,2,3,0.667,0,0,0.0,1,2,0.5,1,4,5,0,0,1,1,4,5,-16,1,Rudy Gobert,2023-24,24,11.6,11.6,9.8,11.1,0.6,1.1,0.6464000000000001,0.6337999999999999,0.0,0.0,-3.8,2.0,33,0,0.0,5.621387729022082,167.0,0.0,0.0,13.0,0.4342105263157895,0.6
22023,203497,22300485,2024-01-05,MIN @ HOU,W,33,6,7,0.857,0,0,0.0,1,3,0.333,3,9,12,1,2,2,1,2,13,22,1,Rudy Gobert,2023-24,33,12.2,12.4,11.2,11.6,0.8,1.1,0.7512000000000001,0.6527999999999999,0.0,0.0,3.4,3.9,34,1,-0.20000000000000107,5.125101625008688,171.0,0.0,0.0,9.0,0.4473684210526316,0.6
22023,203497,22300501,2024-01-07,MIN @ DAL,L,34,4,9,0.444,0,0,0.0,1,4,0.25,6,11,17,1,1,0,5,4,9,1,1,Rudy Gobert,2023-24,34,10.0,12.4,12.4,11.7,0.6,1.0,0.64,0.6597,0.0,0.0,3.0,3.6,35,0,-2.4000000000000004,5.125101625008688,167.0,0.0,1.0,21.0,0.4605263157894737,0.5
22023,203497,22300513,2024-01-09,MIN @ ORL,W,34,8,10,0.8,0,0,0.0,5,6,0.833,1,11,12,1,1,3,2,3,21,13,1,Rudy Gobert,2023-24,34,11.6,13.7,12.2,12.0,0.8,1.0,0.6285999999999999,0.6647000000000001,0.0,0.0,1.8,4.3,36,1,-2.0999999999999996,5.518655230720212,163.0,0.0,0.0,24.0,0.47368421052631576,0.6
22023,203497,22300538,2024-01-12,MIN vs. POR,W,28,9,11,0.818,0,0,0.0,6,8,0.75,5,12,17,0,0,2,1,2,24,33,1,Rudy Gobert,2023-24,28,14.4,14.6,12.6,12.4,0.6,0.7,0.7172,0.692,0.0,0.0,10.6,7.7,37,1,-0.1999999999999993,6.415259585983683,153.0,0.0,0.0,15.0,0.4868421052631579,0.6
22023,203497,22300553,2024-01-14,MIN vs. LAC,W,37,4,5,0.8,0,0,0.0,7,14,0.5,3,15,18,0,0,4,1,4,15,-1,1,Rudy Gobert,2023-24,37,16.4,14.0,15.2,12.5,0.6,0.6,0.7438,0.6950999999999999,0.0,0.0,13.6,4.9,38,1,2.3999999999999986,6.018490028422595,166.0,1.0,0.0,19.0,0.5,0.6
22023,203497,22300569,2024-01-17,MIN @ DET,W,38,8,11,0.727,0,0,0.0,3,4,0.75,5,11,16,2,0,1,1,4,19,12,1,Rudy Gobert,2023-24,38,17.6,14.9,16.0,13.6,0.8,0.8,0.7178000000000001,0.7344999999999999,0.0,0.0,11.6,7.5,39,1,2.700000000000001,6.0267920340942736,171.0,1.0,0.0,17.0,0.5131578947368421,0.7
22023,203497,22300582,2024-01-18,MIN vs. MEM,W,39,5,10,0.5,0,1,0.0,7,10,0.7,3,7,10,4,0,6,3,3,17,20,1,Rudy Gobert,2023-24,39,19.2,14.6,14.6,13.5,1.4,1.0,0.7289999999999999,0.6845,0.0,0.0,15.4,9.2,40,1,4.6,5.815687596683835,176.0,1.0,0.0,7.0,0.5263157894736842,0.7
22023,203497,22300599,2024-01-20,MIN vs. OKC,L,33,1,6,0.167,0,0,0.0,5,8,0.625,4,14,18,2,0,0,2,4,7,-4,1,Rudy Gobert,2023-24,33,16.4,14.0,15.8,14.0,1.6,1.2,0.6024,0.6154999999999999,0.0,0.0,12.0,6.9,41,0,2.3999999999999986,6.289320754704401,175.0,1.0,0.0,13.0,0.5394736842105263,0.6
22023,203497,22300610,2024-01-22,MIN vs. CHA,L,39,6,6,1.0,0,0,0.0,1,2,0.5,2,9,11,1,0,0,0,3,13,-10,1,Rudy Gobert,2023-24,39,14.2,14.3,14.6,13.6,1.8,1.2,0.6388,0.6779999999999999,0.0,0.0,3.4,7.0,42,0,-0.10000000000000142,6.147266781984403,186.0,0.0,0.0,19.0,0.5526315789473685,0.6
22023,203497,22300620,2024-01-24,MIN @ WAS,W,35,7,11,0.636,0,0,0.0,5,6,0.833,7,9,16,1,0,4,0,4,19,9,1,Rudy Gobert,2023-24,35,15.0,15.7,14.2,14.7,2.0,1.3,0.6060000000000001,0.6748999999999999,0.0,0.0,5.4,9.5,43,1,-0.6999999999999993,5.3343748982946,184.0,0.0,0.0,10.0,0.5657894736842105,0.7
22023,203497,22300629,2024-01-25,MIN @ BKN,W,33,4,9,0.444,0,0,0.0,2,2,1.0,1,12,13,1,1,2,1,3,10,3,1,Rudy Gobert,2023-24,33,13.2,15.4,13.6,14.8,1.8,1.3,0.5494,0.6335999999999999,0.0,0.0,3.6,7.6,44,1,-2.200000000000001,5.581716183715858,179.0,0.0,0.0,19.0,0.5789473684210527,0.7
22023,203497,22300649,2024-01-27,MIN @ SAS,L,37,8,9,0.889,0,0,0.0,3,4,0.75,2,5,7,1,1,1,1,4,19,-4,1,Rudy Gobert,2023-24,37,13.6,16.4,13.0,13.8,1.2,1.3,0.6272,0.6780999999999999,0.0,0.0,-1.2,7.1,45,0,-2.799999999999999,5.189733454940947,177.0,0.0,0.0,12.0,0.5921052631578947,0.7
22023,203497,22300664,2024-01-29,MIN @ OKC,W,36,6,6,1.0,0,0,0.0,0,1,0.0,4,14,18,1,1,1,3,0,12,11,1,Rudy Gobert,2023-24,36,14.6,15.5,13.0,14.4,1.0,1.3,0.7938000000000001,0.6980999999999999,0.0,0.0,1.8,6.9,46,1,-0.9000000000000004,5.082650227325632,180.0,0.0,0.0,17.0,0.6052631578947368,0.7
22023,203497,22300680,2024-01-31,MIN vs. DAL,W,28,5,9,0.556,0,0,0.0,7,12,0.583,2,4,6,0,0,2,2,4,17,18,1,Rudy Gobert,2023-24,28,15.4,14.8,12.0,13.3,0.8,1.3,0.7050000000000001,0.6719,0.0,0.0,7.4,5.4,47,1,0.5999999999999996,4.184627953726721,169.0,0.0,0.0,22.0,0.618421052631579,0.7
22023,203497,22300694,2024-02-02,MIN vs. ORL,L,39,6,7,0.857,0,0,0.0,10,11,0.909,3,13,16,2,0,2,1,5,22,0,1,Rudy Gobert,2023-24,39,16.0,15.5,12.0,13.1,1.0,1.5,0.7492,0.6776,0.0,0.0,5.6,5.5,48,0,0.5,4.76678321535836,173.0,0.0,0.0,17.0,0.631578947368421,0.6
22023,203497,22300709,2024-02-04,MIN vs. HOU,W,31,7,9,0.778,0,0,0.0,3,5,0.6,3,10,13,1,1,4,0,1,17,32,1,Rudy Gobert,2023-24,31,17.4,15.3,12.0,12.8,1.0,1.4,0.8160000000000001,0.6827,0.0,0.0,11.4,7.5,49,1,2.099999999999998,4.643992535164826,171.0,1.0,0.0,12.0,0.6447368421052632,0.6
22023,203497,22300723,2024-02-06,MIN @ CHI,L,44,3,6,0.5,0,0,0.0,6,10,0.6,7,9,16,1,1,1,1,5,12,-8,1,Rudy Gobert,2023-24,44,16.0,14.8,13.8,13.4,1.0,1.1,0.7382,0.6827,0.0,0.0,10.6,4.7,50,0,1.1999999999999993,4.709328803319825,178.0,0.0,0.0,16.0,0.6578947368421053,0.5
22023,203497,22300738,2024-02-08,MIN @ MIL,W,35,8,9,0.889,0,0,0.0,0,1,0.0,3,8,11,4,1,0,0,3,16,13,1,Rudy Gobert,2023-24,35,16.8,15.7,12.4,12.7,1.6,1.3,0.716,0.7549,0.0,0.0,11.0,6.4,51,1,1.1000000000000014,3.831158803518557,177.0,0.0,0.0,17.0,0.6710526315789473,0.6
22023,203497,22300770,2024-02-12,MIN @ LAC,W,33,6,11,0.545,0,0,0.0,5,5,1.0,6,5,11,0,0,4,2,4,17,9,1,Rudy Gobert,2023-24,33,16.8,16.1,13.4,12.7,1.6,1.2,0.7138,0.7094,0.0,0.0,9.2,8.3,52,1,0.6999999999999993,3.725288952252931,182.0,0.0,0.0,16.0,0.6842105263157895,0.7
22023,203497,22300775,2024-02-13,MIN @ POR,W,37,7,10,0.7,0,0,0.0,2,4,0.5,6,9,15,1,0,1,1,3,16,12,1,Rudy Gobert,2023-24,37,15.6,15.8,13.2,12.6,1.4,1.2,0.6824,0.7158,0.0,0.0,11.6,8.6,53,1,-0.20000000000000107,3.583914681524158,180.0,0.0,0.0,11.0,0.6973684210526315,0.7
22023,203497,22300791,2024-02-15,MIN @ POR,W,26,4,7,0.571,0,0,0.0,3,4,0.75,2,10,12,2,0,2,3,4,11,19,1,Rudy Gobert,2023-24,26,14.4,15.9,13.0,12.5,1.6,1.3,0.641,0.7285,0.0,0.0,9.0,10.2,54,1,-1.5,3.414023367751826,175.0,0.0,0.0,12.0,0.7105263157894737,0.7
22023,203497,22300808,2024-02-23,MIN vs. MIL,L,38,6,8,0.75,0,0,0.0,0,1,0.0,7,12,19,1,0,2,0,5,12,5,1,Rudy Gobert,2023-24,38,14.4,15.2,13.6,13.7,1.6,1.3,0.6910000000000001,0.7146,0.0,0.0,11.6,11.1,55,0,-0.7999999999999989,3.425395354310696,169.0,0.0,0.0,13.0,0.7236842105263158,0.7
22023,203497,22300838,2024-02-27,MIN vs. SAS,W,39,6,12,0.5,0,1,0.0,1,2,0.5,6,11,17,3,0,4,1,2,13,4,1,Rudy Gobert,2023-24,39,13.8,15.3,14.8,13.6,1.4,1.5,0.6132,0.6646,0.0,0.0,9.8,10.4,56,1,-1.5,3.3349995835415314,173.0,0.0,0.0,8.0,0.7368421052631579,0.7
22023,203497,22300845,2024-02-28,MIN vs. MEM,W,27,3,4,0.75,0,0,0.0,2,4,0.5,2,6,8,0,1,2,3,2,8,-16,1,Rudy Gobert,2023-24,27,12.0,14.4,14.2,13.8,1.4,1.5,0.6542,0.6839999999999999,0.0,0.0,4.8,7.0,57,1,-2.4000000000000004,3.9777157040470086,167.0,0.0,1.0,16.0,0.75,0.7
22023,203497,22300862,2024-03-01,MIN vs. SAC,L,42,6,9,0.667,0,0,0.0,4,8,0.5,2,14,16,1,0,3,1,5,16,-6,1,Rudy Gobert,2023-24,42,12.0,13.8,14.4,13.8,1.4,1.4,0.6476,0.6649999999999999,0.0,0.0,1.2,6.4,58,0,-1.8000000000000007,3.047767853509985,172.0,0.0,1.0,12.0,0.7631578947368421,0.7
22023,203497,22300873,2024-03-03,MIN vs. LAC,L,40,5,7,0.714,0,0,0.0,2,2,1.0,3,13,16,2,0,3,1,3,12,4,1,Rudy Gobert,2023-24,40,12.2,13.3,15.2,14.1,1.4,1.5,0.6761999999999999,0.6586000000000001,0.0,0.0,-1.8,3.6,59,0,-1.1000000000000014,2.869378562220974,186.0,0.0,0.0,25.0,0.7763157894736842,0.6
22023,203497,22300881,2024-03-04,MIN vs. POR,W,39,9,10,0.9,0,0,0.0,7,7,1.0,5,11,16,0,1,3,3,6,25,-4,1,Rudy Gobert,2023-24,39,14.8,14.6,14.6,14.1,1.2,1.4,0.7061999999999999,0.6986,0.0,0.0,-3.6,4.0,60,1,0.20000000000000107,4.623610902506584,187.0,0.0,0.0,18.0,0.7894736842105263,0.7
22023,203497,22300903,2024-03-07,MIN @ IND,W,40,7,11,0.636,0,0,0.0,4,5,0.8,6,8,14,0,2,3,2,2,18,6,1,Rudy Gobert,2023-24,40,15.8,14.8,14.0,14.4,0.6,1.0,0.7333999999999999,0.6733,0.0,0.0,-3.2,3.3,61,1,1.0,4.73286382647969,188.0,0.0,0.0,7.0,0.8026315789473685,0.7
22023,203497,22300911,2024-03-08,MIN @ CLE,L,37,3,7,0.429,0,0,0.0,1,2,0.5,4,13,17,2,1,2,2,6,7,7,1,Rudy Gobert,2023-24,37,15.6,13.8,15.8,15.0,1.0,1.2,0.6692,0.6617,0.0,0.0,1.4,3.1,62,0,1.799999999999999,5.245103536738916,198.0,0.0,0.0,8.0,0.8157894736842105,0.6
22023,203497,22300944,2024-03-12,MIN @ LAC,W,33,4,7,0.571,0,0,0.0,0,0,0.0,7,4,11,3,2,2,0,2,8,11,1,Rudy Gobert,2023-24,33,14.0,13.0,14.8,14.6,1.4,1.4,0.65,0.6487999999999999,0.0,0.0,4.8,3.0,63,1,1.0,5.4772255750516585,189.0,0.0,0.0,9.0,0.8289473684210527,0.6
22023,203497,22301014,2024-03-22,MIN vs. CLE,W,37,4,8,0.5,0,0,0.0,1,4,0.25,6,9,15,1,0,2,1,2,9,10,1,Rudy Gobert,2023-24,37,13.4,12.8,14.6,14.9,1.2,1.3,0.6072,0.6416999999999999,0.0,0.0,6.0,2.1,64,1,0.5999999999999996,5.593647190240806,186.0,0.0,0.0,17.0,0.8421052631578947,0.6
22023,203497,22301031,2024-03-24,MIN vs. GSW,W,37,7,10,0.7,0,0,0.0,3,3,1.0,1,11,12,2,0,1,4,5,17,8,1,Rudy Gobert,2023-24,37,11.8,13.3,13.8,14.2,1.6,1.4,0.5672,0.6367,0.0,0.0,8.4,2.4,65,1,-1.5,5.735852159879992,184.0,0.0,1.0,11.0,0.8552631578947368,0.7
22023,203497,22301056,2024-03-27,MIN vs. DET,W,34,5,5,1.0,0,0,0.0,1,1,1.0,5,9,14,4,0,2,3,4,11,20,1,Rudy Gobert,2023-24,34,10.4,13.1,13.8,13.9,2.4,1.5,0.64,0.6867,0.0,0.0,11.2,4.0,66,1,-2.6999999999999993,5.782156460468128,178.0,0.0,1.0,21.0,0.868421052631579,0.7
22023,203497,22301071,2024-03-29,MIN @ DEN,W,35,7,8,0.875,0,0,0.0,7,15,0.467,3,9,12,2,0,3,0,5,21,1,1,Rudy Gobert,2023-24,35,13.2,14.4,12.8,14.3,2.4,1.7,0.7292,0.6992,0.0,0.0,10.0,5.7,67,1,-1.200000000000001,5.966573556070517,176.0,0.0,0.0,19.0,0.881578947368421,0.7
22023,203497,22301084,2024-03-31,MIN vs. CHI,L,38,8,9,0.889,0,0,0.0,3,7,0.429,3,7,10,1,2,1,0,2,19,-4,1,Rudy Gobert,2023-24,38,15.4,14.7,12.6,13.7,2.0,1.7,0.7928,0.7214,0.0,0.0,7.0,5.9,68,0,0.7000000000000011,6.129165250396389,181.0,0.0,0.0,12.0,0.8947368421052632,0.7
22023,203497,22301098,2024-04-02,MIN vs. HOU,W,35,4,7,0.571,0,0,0.0,4,6,0.667,1,13,14,0,0,2,1,3,12,-8,1,Rudy Gobert,2023-24,35,16.0,14.7,12.4,13.5,1.8,1.5,0.807,0.7071,0.0,0.0,3.4,4.7,69,1,1.3000000000000007,6.129165250396389,179.0,0.0,0.0,11.0,0.9078947368421053,0.8
22023,203497,22301108,2024-04-03,MIN vs. TOR,W,27,3,6,0.5,0,0,0.0,5,8,0.625,5,10,15,3,1,2,4,3,11,33,1,Rudy Gobert,2023-24,27,14.8,13.3,13.0,13.4,2.0,1.8,0.767,0.6670999999999999,0.0,0.0,8.4,8.4,70,1,1.5,5.012207320355194,169.0,0.0,0.0,4.0,0.9210526315789473,0.8
22023,203497,22301125,2024-04-05,MIN @ PHX,L,29,2,5,0.4,0,0,0.0,0,0,0.0,2,4,6,1,0,2,1,4,4,-26,1,Rudy Gobert,2023-24,29,13.4,11.9,11.4,12.6,1.4,1.9,0.647,0.6435,0.0,0.0,-0.8,5.2,71,0,1.5,5.486346689738079,164.0,0.0,0.0,18.0,0.9342105263157895,0.7
22023,203497,22301143,2024-04-07,MIN @ LAL,W,37,9,13,0.692,0,0,0.0,0,0,0.0,8,8,16,3,2,1,3,2,18,8,1,Rudy Gobert,2023-24,37,12.8,13.0,12.2,12.5,1.6,2.0,0.6104,0.6698,0.0,0.0,0.6,5.3,72,1,-0.1999999999999993,5.497474167490212,166.0,0.0,0.0,19.0,0.9473684210526315,0.8
22023,203497,22301152,2024-04-09,MIN vs. WAS,W,38,5,9,0.556,0,0,0.0,9,13,0.692,5,11,16,3,2,4,1,3,19,12,1,Rudy Gobert,2023-24,38,12.8,14.1,13.4,13.0,2.0,2.0,0.5438,0.6683,0.0,0.0,3.8,5.4,73,1,-1.299999999999999,5.486346689738079,166.0,0.0,0.0,13.0,0.9605263157894737,0.8
22023,203497,22301164,2024-04-10,MIN @ DEN,L,39,6,7,0.857,0,0,0.0,1,3,0.333,5,10,15,3,2,1,2,5,13,-17,1,Rudy Gobert,2023-24,39,13.0,14.5,13.6,13.0,2.6,2.2,0.601,0.704,0.0,0.0,2.0,2.7,74,0,-1.5,5.212165257037295,170.0,0.0,0.0,25.0,0.9736842105263158,0.7
22023,203497,22301178,2024-04-12,MIN vs. ATL,W,37,10,10,1.0,0,0,0.0,5,8,0.625,4,15,19,0,1,5,1,2,25,13,1,Rudy Gobert,2023-24,37,15.8,15.3,14.4,13.7,2.0,2.0,0.701,0.734,0.0,0.0,-2.0,3.2,75,1,0.5,6.165315167216603,180.0,0.0,0.0,21.0,0.9868421052631579,0.7
22023,203497,22301194,2024-04-14,MIN vs. PHX,L,32,7,9,0.778,0,0,0.0,7,9,0.778,3,4,7,1,2,1,1,3,21,-17,1,Rudy Gobert,2023-24,32,19.2,16.3,14.6,13.0,2.0,1.7,0.7766,0.7118,0.0,0.0,-0.2,-0.5,76,0,2.8999999999999986,6.201254353399443,183.0,1.0,0.0,13.0,1.0,0.6
22024,203497,22400062,2024-10-22,MIN @ LAL,L,35,5,8,0.625,0,0,0.0,3,4,0.75,3,11,14,2,0,1,1,4,13,-10,1,Rudy Gobert,2024-25,35,18.2,15.5,14.2,13.2,1.8,1.7,0.7632000000000001,0.6868,0.0,0.0,-3.8,-1.6,1,0,2.6999999999999993,6.041522986797285,181.0,1.0,0.0,3.0,0.013888888888888888,0.5
22024,203497,22400076,2024-10-24,MIN @ SAC,W,35,1,2,0.5,0,0,0.0,1,2,0.5,1,10,11,1,2,0,3,4,3,-6,1,Rudy Gobert,2024-25,35,15.0,13.9,13.2,13.3,1.4,1.7,0.752,0.6478999999999999,0.0,0.0,-7.4,-1.8,2,1,1.0999999999999996,7.046669820245273,178.0,0.0,0.0,15.0,0.027777777777777776,0.6
22024,203497,22400093,2024-10-26,MIN vs. TOR,W,39,6,8,0.75,0,0,0.0,3,4,0.75,2,10,12,1,1,4,1,3,15,20,1,Rudy Gobert,2024-25,39,15.4,14.2,12.6,13.1,1.0,1.8,0.7306,0.6658,0.0,0.0,0.0,1.0,3,1,1.200000000000001,7.020604595680409,178.0,0.0,0.0,7.0,0.041666666666666664,0.6
22024,203497,22400114,2024-10-29,MIN vs. DAL,L,31,2,5,0.4,0,0,0.0,3,5,0.6,4,4,8,1,0,0,2,3,7,-8,1,Rudy Gobert,2024-25,31,11.8,13.8,10.4,12.4,1.2,1.6,0.6106,0.6557999999999999,0.0,0.0,-4.2,-3.1,4,0,-2.0,7.330302403948511,172.0,0.0,0.0,17.0,0.05555555555555555,0.5
22024,203497,22400139,2024-11-01,MIN vs. DEN,W,36,7,10,0.7,0,0,0.0,3,4,0.75,4,10,14,3,1,2,2,3,17,7,1,Rudy Gobert,2024-25,36,11.0,15.1,11.8,13.2,1.6,1.8,0.595,0.6858,0.0,0.0,0.6,0.2,5,1,-4.1,6.505553183413554,176.0,0.0,1.0,10.0,0.06944444444444445,0.6
22024,203497,22400146,2024-11-02,MIN @ SAS,L,23,3,8,0.375,0,0,0.0,4,4,1.0,1,2,3,1,0,0,0,2,10,-8,1,Rudy Gobert,2024-25,23,10.4,14.3,9.6,11.9,1.4,1.6,0.5449999999999999,0.6541,0.0,0.0,1.0,-1.4,6,0,-3.9000000000000004,6.600505031182588,164.0,0.0,1.0,8.0,0.08333333333333333,0.5
22024,203497,22400162,2024-11-04,MIN vs. CHA,W,30,4,5,0.8,0,0,0.0,0,0,0.0,2,6,8,4,0,1,1,2,8,15,1,Rudy Gobert,2024-25,30,11.4,13.2,9.0,11.1,2.0,1.7,0.605,0.6785,0.0,0.0,5.2,-1.1,7,1,-1.799999999999999,6.646636576327742,159.0,0.0,1.0,21.0,0.09722222222222222,0.5
22024,203497,22400181,2024-11-07,MIN @ CHI,W,32,9,11,0.818,0,0,0.0,3,3,1.0,3,6,9,3,0,1,2,4,21,23,1,Rudy Gobert,2024-25,32,12.6,14.0,8.4,10.5,2.4,1.7,0.6186,0.6746,0.0,0.0,5.8,2.9,8,1,-1.4000000000000004,7.086763875156432,152.0,0.0,0.0,8.0,0.1111111111111111,0.6
22024,203497,22400193,2024-11-08,MIN vs. POR,W,23,4,5,0.8,0,0,0.0,0,0,0.0,4,11,15,2,0,3,2,5,8,18,1,Rudy Gobert,2024-25,23,12.8,12.3,9.8,10.1,2.6,1.9,0.6986,0.6546000000000001,0.0,0.0,11.0,3.4,9,1,0.5,6.12916525039639,144.0,0.0,0.0,7.0,0.125,0.6
22024,203497,22400206,2024-11-10,MIN vs. MIA,L,33,2,4,0.5,0,0,0.0,3,3,1.0,6,7,13,1,1,2,2,1,7,-4,1,Rudy Gobert,2024-25,33,10.8,10.9,9.6,10.7,2.2,1.9,0.6586000000000001,0.6268,0.0,0.0,8.8,4.7,10,0,-0.09999999999999964,5.486346689738079,141.0,0.0,1.0,9.0,0.1388888888888889,0.6
22024,203497,22400008,2024-11-12,MIN @ POR,L,33,2,3,0.667,0,0,0.0,5,6,0.833,0,8,8,4,1,1,4,2,9,-7,1,Rudy Gobert,2024-25,33,10.6,10.5,10.6,10.1,2.8,2.1,0.7170000000000001,0.631,0.0,0.0,9.0,5.0,11,0,0.09999999999999964,5.461989869391312,151.0,0.0,1.0,12.0,0.1527777777777778,0.6
22024,203497,22400226,2024-11-13,MIN @ POR,L,34,4,8,0.5,0,0,0.0,4,5,0.8,7,3,10,0,0,0,1,3,12,-8,1,Rudy Gobert,2024-25,34,11.4,11.4,11.0,10.0,2.0,2.0,0.657,0.631,0.0,0.0,4.4,4.8,12,0,0.0,4.7888759989514575,155.0,0.0,0.0,11.0,0.16666666666666666,0.5
22024,203497,22400020,2024-11-15,MIN @ SAC,W,41,5,7,0.714,0,0,0.0,1,1,1.0,3,8,11,2,0,3,1,2,11,11,1,Rudy Gobert,2024-25,41,9.4,11.0,11.4,9.9,1.8,2.1,0.6362,0.6274,0.0,0.0,2.0,3.9,13,1,-1.5999999999999996,4.618802153517005,164.0,0.0,1.0,11.0,0.18055555555555555,0.5
22024,203497,22400234,2024-11-17,MIN vs. PHX,W,37,4,8,0.5,0,0,0.0,3,4,0.75,4,6,10,2,0,4,3,2,11,4,1,Rudy Gobert,2024-25,37,10.0,11.4,10.4,10.1,1.8,2.2,0.5762,0.6374,0.0,0.0,-0.8,5.1,14,1,-1.4000000000000004,4.402019738458446,178.0,0.0,1.0,13.0,0.19444444444444445,0.6
22024,203497,22400261,2024-11-21,MIN @ TOR,L,36,4,5,0.8,0,0,0.0,5,6,0.833,4,7,11,2,1,2,3,3,13,0,1,Rudy Gobert,2024-25,36,11.2,11.0,10.0,9.8,2.0,2.1,0.6362,0.6474,0.0,0.0,0.0,4.4,15,0,0.1999999999999993,3.9999999999999982,181.0,0.0,0.0,10.0,0.20833333333333334,0.5
22024,203497,22400271,2024-11-24,MIN @ BOS,L,34,4,5,0.8,0,0,0.0,2,2,1.0,8,12,20,0,0,0,0,2,10,-4,1,Rudy Gobert,2024-25,34,11.4,11.0,12.4,11.5,1.2,2.0,0.6628000000000001,0.6899,0.0,0.0,0.6,4.8,16,0,0.40000000000000036,3.9999999999999982,182.0,0.0,0.0,5.0,0.2222222222222222,0.5
22024,203497,22400037,2024-11-26,MIN vs. HOU,L,44,2,3,0.667,0,0,0.0,1,2,0.5,3,13,16,2,0,1,1,5,5,4,1,Rudy Gobert,2024-25,44,10.0,10.7,13.6,12.3,1.6,1.8,0.6961999999999999,0.6766,0.0,0.0,3.0,3.7,17,0,-0.6999999999999993,4.347413023856831,192.0,0.0,1.0,9.0,0.2361111111111111,0.4
22024,203497,22400294,2024-11-27,MIN vs. SAC,L,37,2,2,1.0,0,0,0.0,5,6,0.833,2,5,7,3,0,4,0,3,9,-9,1,Rudy Gobert,2024-25,37,9.6,9.5,12.8,12.1,1.8,1.8,0.7534,0.6948000000000001,0.0,0.0,-1.0,0.5,18,0,0.09999999999999964,2.4152294576982394,188.0,0.0,1.0,8.0,0.25,0.3
22024,203497,22400044,2024-11-29,MIN vs. LAC,W,43,3,7,0.429,0,0,0.0,2,4,0.5,4,8,12,3,1,1,3,3,8,9,1,Rudy Gobert,2024-25,43,9.0,9.5,13.2,11.8,2.0,1.9,0.7392,0.6577,0.0,0.0,0.0,-0.4,19,1,-0.5,2.4152294576982394,194.0,0.0,1.0,17.0,0.2638888888888889,0.3
22024,203497,22400318,2024-12-02,MIN vs. LAL,W,32,7,8,0.875,0,0,0.0,3,4,0.75,6,6,12,0,1,0,2,3,17,17,1,Rudy Gobert,2024-25,32,9.8,10.5,13.4,11.7,1.6,1.8,0.7542,0.6952,0.0,0.0,3.4,1.7,20,1,-0.6999999999999993,3.205897343611889,190.0,0.0,0.0,8.0,0.2777777777777778,0.4
22024,203497,22400324,2024-12-04,MIN @ LAC,W,29,3,4,0.75,0,0,0.0,2,2,1.0,1,8,9,7,5,1,0,2,8,21,1,Rudy Gobert,2024-25,29,9.4,10.4,11.2,11.8,3.0,2.1,0.7442,0.7035,0.0,0.0,8.4,4.5,21,1,-1.0,3.2727833889689526,185.0,0.0,0.0,17.0,0.2916666666666667,0.5
22024,203497,22400338,2024-12-06,MIN @ GSW,W,35,6,10,0.6,0,0,0.0,5,5,1.0,2,9,11,1,1,0,3,3,17,19,1,Rudy Gobert,2024-25,35,11.8,10.9,10.2,11.9,2.8,2.2,0.7308,0.7135,0.0,0.0,11.4,7.2,22,1,0.9000000000000004,3.8715486421958945,176.0,0.0,0.0,4.0,0.3055555555555556,0.6
22024,203497,22400355,2024-12-08,MIN @ GSW,L,38,1,3,0.333,0,0,0.0,2,4,0.5,1,8,9,1,1,3,2,3,4,-12,1,Rudy Gobert,2024-25,38,10.8,10.2,10.6,11.7,2.4,2.1,0.5974,0.6754,0.0,0.0,10.8,4.9,23,0,0.6000000000000014,4.442221666388714,177.0,0.0,0.0,12.0,0.3194444444444444,0.5
22024,203497,22401210,2024-12-13,MIN vs. LAL,W,38,5,8,0.625,0,0,0.0,2,4,0.5,5,8,13,2,1,1,0,1,12,3,1,Rudy Gobert,2024-25,38,11.6,10.3,10.8,12.0,2.2,2.1,0.6366,0.6879,0.0,0.0,9.6,4.8,24,1,1.299999999999999,4.473378042498879,172.0,0.0,0.0,10.0,0.3333333333333333,0.5
22024,203497,22401218,2024-12-15,MIN @ SAS,W,35,5,11,0.455,0,0,0.0,0,1,0.0,4,5,9,2,1,1,2,2,10,8,1,Rudy Gobert,2024-25,35,10.2,10.0,10.2,11.8,2.6,2.1,0.5526,0.6534,0.0,0.0,7.8,5.6,25,1,0.1999999999999993,4.371625682867999,175.0,0.0,0.0,3.0,0.3472222222222222,0.6
22024,203497,22400367,2024-12-19,MIN vs. NYK,L,22,1,1,1.0,0,0,0.0,1,4,0.25,1,3,4,0,2,0,0,2,3,-37,1,Rudy Gobert,2024-25,22,9.2,9.3,9.2,10.2,1.2,2.1,0.6026,0.6734,0.0,0.0,-3.8,2.3,26,0,-0.10000000000000142,4.90011337737313,168.0,0.0,0.0,18.0,0.3611111111111111,0.6
22024,203497,22400383,2024-12-21,MIN vs. GSW,L,37,7,8,0.875,0,0,0.0,4,7,0.571,2,10,12,2,1,1,1,0,18,-3,1,Rudy Gobert,2024-25,37,9.4,10.6,9.4,9.8,1.4,2.1,0.6576000000000001,0.6942,0.0,0.0,-8.2,1.6,27,0,-1.1999999999999993,5.337498373666158,170.0,0.0,0.0,2.0,0.375,0.6
22024,203497,22400395,2024-12-23,MIN @ ATL,L,28,1,4,0.25,0,0,0.0,0,0,0.0,2,4,6,0,0,1,3,1,2,-16,1,Rudy Gobert,2024-25,28,9.0,9.9,8.8,9.7,1.2,1.8,0.641,0.6192,0.0,0.0,-9.0,0.9,28,0,-0.9000000000000004,5.989806155275625,160.0,0.0,0.0,14.0,0.3888888888888889,0.6
22024,203497,22400406,2024-12-25,MIN @ DAL,W,39,6,7,0.857,0,0,0.0,2,2,1.0,2,8,10,0,1,2,1,3,14,8,1,Rudy Gobert,2024-25,39,9.4,10.5,8.2,9.5,0.8,1.5,0.6874,0.662,0.0,0.0,-8.0,0.8,29,1,-1.0999999999999996,6.078194176270155,161.0,0.0,0.0,7.0,0.4027777777777778,0.6
22024,203497,22400422,2024-12-27,MIN @ HOU,W,29,3,5,0.6,0,0,0.0,1,6,0.167,5,4,9,0,0,2,0,2,7,-18,1,Rudy Gobert,2024-25,29,8.8,9.5,8.2,9.2,0.4,1.5,0.7163999999999999,0.6345,0.0,0.0,-13.2,-2.7,30,1,-0.6999999999999993,5.700877125495689,155.0,0.0,0.0,17.0,0.4166666666666667,0.6
22024,203497,22400441,2024-12-29,MIN vs. SAS,W,31,6,12,0.5,0,0,0.0,5,6,0.833,11,4,15,2,0,2,1,4,17,-1,1,Rudy Gobert,2024-25,31,11.6,10.4,10.4,9.8,0.8,1.0,0.6164,0.6094999999999999,0.0,0.0,-6.0,-4.9,31,1,1.1999999999999993,6.131883886702356,164.0,0.0,0.0,8.0,0.4305555555555556,0.6
22024,203497,22400452,2024-12-31,MIN @ OKC,L,31,3,6,0.5,0,0,0.0,2,2,1.0,2,5,7,1,0,2,1,2,8,3,1,Rudy Gobert,2024-25,31,9.6,9.5,9.4,9.4,0.6,1.0,0.5414,0.5995,0.0,0.0,-4.8,-6.5,32,0,0.09999999999999964,5.700877125495689,158.0,0.0,0.0,6.0,0.4444444444444444,0.5
22024,203497,22400464,2025-01-02,MIN vs. BOS,L,28,3,5,0.6,0,0,0.0,0,0,0.0,3,4,7,0,0,0,0,1,6,-6,1,Rudy Gobert,2024-25,28,10.4,9.7,9.6,9.2,0.6,0.9,0.6113999999999999,0.6262000000000001,0.0,0.0,-2.8,-5.9,33,0,0.7000000000000011,5.518655230720211,158.0,0.0,0.0,6.0,0.4583333333333333,0.5
22024,203497,22400479,2025-01-04,MIN @ DET,L,30,3,6,0.5,0,0,0.0,0,2,0.0,2,4,6,0,0,2,3,2,6,-2,1,Rudy Gobert,2024-25,30,8.8,9.1,8.8,8.5,0.6,0.7,0.54,0.6137,0.0,0.0,-4.8,-6.4,34,0,-0.29999999999999893,5.566766466171261,149.0,0.0,0.0,8.0,0.4722222222222222,0.4
22024,203497,22400500,2025-01-06,MIN vs. LAC,W,38,3,8,0.375,0,0,0.0,2,5,0.4,8,10,18,2,0,1,2,3,8,8,1,Rudy Gobert,2024-25,38,9.0,8.9,10.6,9.4,1.0,0.7,0.495,0.6057,0.0,0.0,0.4,-6.4,35,1,0.09999999999999964,5.566766466171261,158.0,0.0,0.0,7.0,0.4861111111111111,0.4
22024,203497,22400505,2025-01-07,MIN @ NOP,W,35,3,4,0.75,0,0,0.0,1,2,0.5,2,12,14,4,0,6,2,4,7,-6,1,Rudy Gobert,2024-25,35,7.0,9.3,10.4,10.4,1.4,1.1,0.545,0.5807,0.0,0.0,-0.6,-3.3,36,1,-2.3000000000000007,5.2291915670057865,162.0,0.0,1.0,10.0,0.5,0.5
22024,203497,22400519,2025-01-09,MIN @ ORL,W,32,5,8,0.625,0,0,0.0,0,2,0.0,4,8,12,1,1,0,0,2,10,14,1,Rudy Gobert,2024-25,32,7.4,8.5,11.4,10.4,1.4,1.0,0.5700000000000001,0.5557000000000001,0.0,0.0,1.6,-1.6,37,1,-1.0999999999999996,4.275251779460218,163.0,0.0,1.0,12.0,0.5138888888888888,0.6
22024,203497,22400535,2025-01-11,MIN vs. MEM,L,29,6,6,1.0,0,0,0.0,0,2,0.0,2,2,4,4,0,1,0,3,12,3,1,Rudy Gobert,2024-25,29,8.6,9.5,10.8,10.2,2.2,1.4,0.65,0.6307,0.0,0.0,3.4,0.3,38,0,-0.9000000000000004,3.7193189340702313,164.0,0.0,0.0,11.0,0.5277777777777778,0.6
22024,203497,22400548,2025-01-13,MIN @ WAS,W,33,5,6,0.833,0,0,0.0,1,2,0.5,5,6,11,2,1,1,0,1,11,11,1,Rudy Gobert,2024-25,33,9.6,9.2,11.8,10.3,2.6,1.6,0.7166,0.6283,0.0,0.0,6.0,0.6,39,1,0.40000000000000036,3.4253953543106994,167.0,0.0,0.0,7.0,0.5416666666666666,0.6
22024,203497,22400565,2025-01-15,MIN vs. GSW,L,29,2,2,1.0,0,0,0.0,3,5,0.6,2,8,10,1,0,2,1,2,7,-4,1,Rudy Gobert,2024-25,29,9.4,9.2,10.2,10.4,2.4,1.7,0.8416,0.6683,0.0,0.0,3.6,2.0,40,0,0.20000000000000107,3.4253953543106994,158.0,0.0,0.0,11.0,0.5555555555555556,0.5
22024,203497,22400578,2025-01-17,MIN @ NYK,W,34,5,6,0.833,0,0,0.0,1,2,0.5,1,5,6,1,0,2,1,2,11,9,1,Rudy Gobert,2024-25,34,10.2,8.6,8.6,9.5,1.8,1.6,0.8582000000000001,0.7016,0.0,0.0,6.6,3.0,41,1,1.5999999999999996,2.2211108331943548,157.0,0.0,0.0,17.0,0.5694444444444444,0.5
22024,203497,22400590,2025-01-18,MIN vs. CLE,L,31,6,7,0.857,0,0,0.0,5,6,0.833,2,10,12,1,0,0,0,1,17,1,1,Rudy Gobert,2024-25,31,11.6,9.5,8.6,10.0,1.8,1.6,0.9046,0.7373000000000001,0.0,0.0,4.0,2.8,42,0,2.0999999999999996,3.439961240091714,156.0,1.0,0.0,4.0,0.5833333333333334,0.5
22024,203497,22400601,2025-01-20,MIN @ MEM,L,25,1,5,0.2,0,0,0.0,2,2,1.0,2,2,4,2,2,1,3,4,4,-8,1,Rudy Gobert,2024-25,25,10.0,9.3,8.6,9.7,1.4,1.8,0.7445999999999999,0.6973,0.0,0.0,1.8,2.6,43,0,0.6999999999999993,3.7133393177689644,152.0,0.0,0.0,14.0,0.5972222222222222,0.5
22024,203497,22400614,2025-01-22,MIN @ DAL,W,30,3,4,0.75,0,0,0.0,8,8,1.0,1,5,6,2,0,3,1,1,14,-1,1,Rudy Gobert,2024-25,30,10.6,10.1,7.6,9.7,1.4,2.0,0.728,0.7222999999999999,0.0,0.0,-0.6,2.7,44,1,0.5,3.7844711945293237,149.0,0.0,0.0,14.0,0.6111111111111112,0.6
22024,203497,22400634,2025-01-25,MIN vs. DEN,W,30,6,8,0.75,0,0,0.0,2,3,0.667,4,10,14,5,4,0,0,2,14,26,1,Rudy Gobert,2024-25,30,12.0,10.7,8.4,9.3,2.2,2.3,0.6779999999999999,0.7597999999999999,0.0,0.0,5.4,4.5,45,1,1.3000000000000007,3.8887301554906335,150.0,1.0,0.0,18.0,0.625,0.6
22024,203497,22400656,2025-01-27,MIN vs. ATL,W,38,7,9,0.778,0,0,0.0,4,7,0.571,5,5,10,1,0,2,1,2,18,8,1,Rudy Gobert,2024-25,38,13.4,11.8,9.2,8.9,2.2,2.0,0.667,0.7626,0.0,0.0,5.2,5.9,46,1,1.5999999999999996,4.263540521418526,154.0,1.0,0.0,4.0,0.6388888888888888,0.6
22024,203497,22400672,2025-01-29,MIN @ PHX,W,34,2,5,0.4,0,0,0.0,0,0,0.0,0,5,5,1,1,2,1,3,4,9,1,Rudy Gobert,2024-25,34,10.8,11.2,7.8,8.2,2.2,2.0,0.5755999999999999,0.7401,0.0,0.0,6.8,5.4,47,1,-0.3999999999999986,4.917090377222872,157.0,0.0,0.0,16.0,0.6527777777777778,0.6
22024,203497,22400677,2025-01-30,MIN @ UTA,W,34,6,8,0.75,0,0,0.0,4,6,0.667,3,6,9,5,0,4,1,0,16,7,1,Rudy Gobert,2024-25,34,13.2,11.6,8.8,8.7,2.8,2.1,0.6856,0.7151,0.0,0.0,9.8,5.8,48,1,1.5999999999999996,5.146735750831673,166.0,1.0,0.0,16.0,0.6666666666666666,0.7
22024,203497,22400690,2025-02-01,MIN vs. WAS,L,37,7,12,0.583,0,0,0.0,2,3,0.667,5,11,16,4,2,2,3,1,16,6,1,Rudy Gobert,2024-25,37,13.6,12.1,10.8,9.2,3.2,2.3,0.6522,0.6900999999999999,0.0,0.0,11.2,5.3,49,0,1.5,5.321862664727661,173.0,1.0,0.0,19.0,0.6805555555555556,0.6
22024,203497,22400704,2025-02-03,MIN vs. SAC,L,40,8,9,0.889,0,0,0.0,3,3,1.0,7,6,13,3,1,2,0,2,19,-4,1,Rudy Gobert,2024-25,40,14.6,13.3,10.6,9.5,2.8,2.5,0.6799999999999999,0.679,0.0,0.0,5.2,5.3,50,0,1.299999999999999,5.3965009239526855,183.0,1.0,0.0,10.0,0.6944444444444444,0.6
22024,203497,22400723,2025-02-05,MIN vs. CHI,W,31,4,7,0.571,0,0,0.0,2,6,0.333,9,6,15,1,3,3,1,1,10,17,1,Rudy Gobert,2024-25,31,13.0,13.2,11.6,10.4,2.8,2.5,0.6386000000000001,0.6527999999999999,0.0,0.0,7.0,6.1,51,1,-0.1999999999999993,5.452828012447606,176.0,1.0,0.0,13.0,0.7083333333333334,0.6
22024,203497,22400729,2025-02-06,MIN vs. HOU,W,34,5,8,0.625,0,0,0.0,3,4,0.75,3,7,10,0,0,1,2,4,13,2,1,Rudy Gobert,2024-25,34,14.8,12.8,12.6,10.2,2.6,2.4,0.6836,0.6295999999999999,0.0,0.0,5.6,6.2,52,1,2.0,5.287301349039558,176.0,1.0,0.0,15.0,0.7222222222222222,0.7
22024,203497,22400747,2025-02-08,MIN vs. POR,W,37,4,6,0.667,0,0,0.0,7,10,0.7,3,8,11,1,0,1,1,2,15,20,1,Rudy Gobert,2024-25,37,14.6,13.9,13.0,10.9,1.8,2.3,0.667,0.6763,0.0,0.0,8.2,9.0,53,1,0.6999999999999993,4.306326095924972,179.0,1.0,0.0,12.0,0.7361111111111112,0.8
22024,203497,22400755,2025-02-10,MIN @ CLE,L,27,4,6,0.667,0,0,0.0,4,5,0.8,6,2,8,1,0,2,2,0,12,-6,1,Rudy Gobert,2024-25,27,13.8,13.7,11.4,11.1,1.2,2.2,0.6838,0.6679999999999999,0.0,0.0,5.8,8.5,54,0,0.10000000000000142,4.347413023856828,169.0,1.0,0.0,20.0,0.75,0.7
22024,203497,22400776,2025-02-12,MIN vs. MIL,L,38,10,14,0.714,0,0,0.0,0,0,0.0,6,8,14,4,1,1,2,5,20,-13,1,Rudy Gobert,2024-25,38,14.0,14.3,11.6,11.1,1.4,2.1,0.6488,0.6643999999999999,0.0,0.0,4.0,4.6,55,0,-0.3000000000000007,4.785394445602155,167.0,0.0,0.0,16.0,0.7638888888888888,0.6
22024,203497,22400925,2025-03-09,MIN vs. SAS,W,20,7,8,0.875,0,0,0.0,2,2,1.0,3,5,8,2,2,0,1,4,16,18,1,Rudy Gobert,2024-25,20,15.2,14.1,10.2,10.9,1.6,2.2,0.7096,0.6740999999999999,0.0,0.0,4.2,5.6,56,1,1.0999999999999996,4.653553003410998,156.0,1.0,0.0,11.0,0.7777777777777778,0.6
22024,203497,22400952,2025-03-12,MIN @ DEN,W,30,4,8,0.5,0,0,0.0,3,4,0.75,3,7,10,3,0,1,0,3,11,16,1,Rudy Gobert,2024-25,30,14.8,14.8,10.2,11.4,2.2,2.4,0.6846,0.6840999999999999,0.0,0.0,7.0,6.3,57,1,0.0,3.293090409394253,152.0,0.0,0.0,12.0,0.7916666666666666,0.6
22024,203497,22400963,2025-03-14,MIN vs. ORL,W,35,5,7,0.714,0,0,0.0,2,4,0.5,4,8,12,1,2,0,1,2,12,16,1,Rudy Gobert,2024-25,35,14.2,14.4,10.4,11.7,2.2,2.0,0.6940000000000001,0.6805,0.0,0.0,6.2,7.2,58,1,-0.20000000000000107,3.373096170846266,150.0,0.0,0.0,7.0,0.8055555555555556,0.6
22024,203497,22400981,2025-03-16,MIN vs. UTA,W,26,3,5,0.6,0,0,0.0,1,2,0.5,3,3,6,0,2,2,1,1,7,26,1,Rudy Gobert,2024-25,26,13.2,13.5,10.0,10.7,2.0,1.6,0.6805999999999999,0.6821999999999999,0.0,0.0,12.6,9.2,59,1,-0.3000000000000007,4.034572812303397,149.0,0.0,0.0,3.0,0.8194444444444444,0.7
22024,203497,22400986,2025-03-17,MIN vs. IND,L,22,1,2,0.5,0,0,0.0,1,2,0.5,3,4,7,1,0,3,0,1,3,0,1,Rudy Gobert,2024-25,22,9.8,11.9,8.6,10.1,1.4,1.4,0.6378,0.6433,0.0,0.0,15.2,9.6,60,0,-2.0999999999999996,4.724639903973866,133.0,0.0,1.0,10.0,0.8333333333333334,0.7
22024,203497,22401001,2025-03-19,MIN vs. NOP,L,31,3,4,0.75,0,0,0.0,4,6,0.667,2,7,9,1,0,1,0,4,10,4,1,Rudy Gobert,2024-25,31,8.6,11.9,8.8,9.5,1.2,1.4,0.6128,0.6611999999999999,0.0,0.0,12.4,8.3,61,0,-3.3000000000000007,4.724639903973866,144.0,0.0,1.0,15.0,0.8472222222222222,0.6
22024,203497,22401016,2025-03-21,MIN vs. NOP,W,30,4,5,0.8,0,0,0.0,7,8,0.875,2,9,11,3,3,0,1,4,15,34,1,Rudy Gobert,2024-25,30,9.4,12.1,9.0,9.6,1.2,1.7,0.6728,0.6786999999999999,0.0,0.0,16.0,11.5,62,1,-2.6999999999999993,4.817791102892598,144.0,0.0,1.0,16.0,0.8611111111111112,0.6
22024,203497,22401037,2025-03-24,MIN @ IND,L,35,8,12,0.667,0,0,0.0,0,0,0.0,5,11,16,3,0,0,2,0,16,-3,1,Rudy Gobert,2024-25,35,10.2,12.2,9.8,10.1,1.6,1.9,0.6634,0.6787,0.0,0.0,12.2,9.2,63,0,-2.0,4.894441291460703,144.0,0.0,1.0,17.0,0.875,0.5
22024,203497,22401071,2025-03-28,MIN vs. PHX,W,38,8,9,0.889,0,0,0.0,1,2,0.5,5,8,13,1,4,1,4,5,17,20,1,Rudy Gobert,2024-25,38,12.2,12.7,11.2,10.6,1.8,1.9,0.7212000000000001,0.7009000000000001,0.0,0.0,11.0,11.8,64,1,-0.5,5.1218486246016,156.0,0.0,0.0,19.0,0.8888888888888888,0.6
22024,203497,22401084,2025-03-30,MIN vs. DET,W,38,8,16,0.5,0,0,0.0,3,4,0.75,10,15,25,0,0,1,1,3,19,18,1,Rudy Gobert,2024-25,38,15.4,12.6,14.8,11.7,1.6,1.5,0.7212,0.6795,0.0,0.0,14.6,14.9,65,1,2.8000000000000007,4.9710271686152625,172.0,0.0,0.0,19.0,0.9027777777777778,0.7
22024,203497,22401102,2025-04-01,MIN @ DEN,W,40,7,11,0.636,0,0,0.0,5,9,0.556,6,6,12,1,1,0,0,6,19,-10,1,Rudy Gobert,2024-25,40,17.2,12.9,15.4,12.1,1.6,1.4,0.6984,0.6556,0.0,0.0,11.8,12.1,66,1,4.299999999999999,5.279941077112295,181.0,1.0,0.0,21.0,0.9166666666666666,0.7
22024,203497,22401113,2025-04-03,MIN @ BKN,W,36,9,10,0.9,0,0,0.0,3,6,0.5,4,14,18,1,0,2,0,2,21,14,1,Rudy Gobert,2024-25,36,18.4,13.9,16.8,12.9,1.2,1.2,0.7184,0.6956,0.0,0.0,7.8,11.9,67,1,4.499999999999998,5.801340841181074,187.0,1.0,0.0,23.0,0.9305555555555556,0.7
22024,203497,22401130,2025-04-05,MIN @ PHI,W,36,10,11,0.909,0,0,0.0,3,4,0.75,8,11,19,2,2,3,1,3,23,10,1,Rudy Gobert,2024-25,36,19.8,15.0,17.4,13.6,1.0,1.3,0.7667999999999999,0.7151,0.0,0.0,10.4,11.3,68,1,4.800000000000001,6.41179468722378,188.0,1.0,0.0,6.0,0.9444444444444444,0.7
22024,203497,22401152,2025-04-08,MIN @ MIL,L,34,3,4,0.75,0,0,0.0,0,0,0.0,2,7,9,2,1,0,1,4,6,-5,1,Rudy Gobert,2024-25,34,17.6,14.9,16.6,13.9,1.2,1.5,0.7390000000000001,0.7301,0.0,0.0,5.4,8.2,69,0,2.700000000000001,6.556591255285696,184.0,1.0,0.0,13.0,0.9583333333333334,0.6
22024,203497,22401170,2025-04-10,MIN @ MEM,W,36,5,5,1.0,0,0,0.0,3,4,0.75,0,8,8,4,0,0,1,3,13,17,1,Rudy Gobert,2024-25,36,16.4,15.9,13.2,14.0,2.0,1.8,0.8390000000000001,0.7801,0.0,0.0,5.2,9.9,70,1,0.4999999999999982,5.1521300880746805,182.0,1.0,0.0,35.0,0.9722222222222222,0.7
22024,203497,22401179,2025-04-11,MIN vs. BKN,W,33,13,17,0.765,0,0,0.0,9,14,0.643,3,8,11,1,0,1,0,3,35,16,1,Rudy Gobert,2024-25,33,19.6,18.4,13.0,14.2,2.0,1.8,0.8648,0.7816000000000001,0.0,0.0,10.4,11.1,71,1,1.2000000000000028,7.501111028818775,175.0,1.0,0.0,19.0,0.9861111111111112,0.8
