SEASON_ID,Player_ID,Game_ID,GAME_DATE,MATCHUP,WL,MIN,FGM,FGA,FG_PCT,FG3M,FG3A,FG3_PCT,FTM,FTA,FT_PCT,OREB,DREB,REB,AST,STL,BLK,TOV,PF,PTS,PLUS_MINUS,VIDEO_AVAILABLE,PLAYER_NAME,SEASON
22022,1630162,0022201225,"Apr 09, 2023",MIN vs. NOP,W,39,8,21,0.381,3,9,0.333,7,13,0.538,3,10,13,4,4,4,8,3,26,-4,1,Anthony Edwards,2022-23
22022,1630162,0022201214,"Apr 08, 2023",MIN @ SAS,W,25,13,25,0.52,4,9,0.444,3,4,0.75,2,3,5,3,2,0,0,1,33,15,1,Anthony Edwards,2022-23
22022,1630162,0022201180,"Apr 04, 2023",MIN @ BKN,W,31,7,18,0.389,2,5,0.4,7,7,1.0,1,4,5,3,1,2,2,1,23,13,1,Anthony Edwards,2022-23
22022,1630162,0022201166,"Apr 02, 2023",MIN vs. POR,L,38,15,30,0.5,3,8,0.375,4,5,0.8,0,5,5,6,1,0,4,1,37,-1,1,Anthony Edwards,2022-23
22022,1630162,0022201157,"Mar 31, 2023",MIN vs. LAL,L,38,4,16,0.25,2,7,0.286,1,2,0.5,0,4,4,3,1,0,3,1,11,-7,1,Anthony Edwards,2022-23
22022,1630162,0022201144,"Mar 29, 2023",MIN @ PHX,L,40,13,22,0.591,3,9,0.333,2,3,0.667,0,0,0,6,1,1,1,2,31,-8,1,Anthony Edwards,2022-23
22022,1630162,0022201128,"Mar 27, 2023",MIN @ SAC,W,39,6,15,0.4,1,3,0.333,4,8,0.5,1,4,5,7,0,0,1,4,17,6,1,Anthony Edwards,2022-23
22022,1630162,0022201121,"Mar 26, 2023",MIN @ GSW,W,35,5,14,0.357,2,8,0.25,1,2,0.5,1,3,4,3,1,0,3,1,13,12,1,Anthony Edwards,2022-23
22022,1630162,0022201050,"Mar 17, 2023",MIN @ CHI,L,8,3,4,0.75,2,2,1.0,0,0,0.0,0,0,0,1,0,0,0,0,8,5,1,Anthony Edwards,2022-23
22022,1630162,0022201039,"Mar 15, 2023",MIN vs. BOS,L,38,10,20,0.5,5,8,0.625,3,5,0.6,0,10,10,7,0,0,3,0,28,5,1,Anthony Edwards,2022-23
22022,1630162,0022201021,"Mar 13, 2023",MIN @ ATL,W,36,12,25,0.48,2,10,0.2,6,10,0.6,0,8,8,5,1,2,3,1,32,23,1,Anthony Edwards,2022-23
22022,1630162,0022201001,"Mar 10, 2023",MIN vs. BKN,L,44,12,26,0.462,3,9,0.333,5,6,0.833,0,6,6,2,2,3,2,2,32,-4,1,Anthony Edwards,2022-23
22022,1630162,0022200980,"Mar 07, 2023",MIN vs. PHI,L,34,12,24,0.5,5,10,0.5,3,4,0.75,0,7,7,1,0,0,2,2,32,-15,1,Anthony Edwards,2022-23
22022,1630162,0022200961,"Mar 04, 2023",MIN @ SAC,W,36,10,20,0.5,2,8,0.25,5,8,0.625,1,3,4,8,0,0,4,4,27,-5,1,Anthony Edwards,2022-23
22022,1630162,0022200955,"Mar 03, 2023",MIN @ LAL,W,36,7,16,0.438,5,8,0.625,0,0,0.0,0,5,5,2,4,2,5,5,19,4,1,Anthony Edwards,2022-23
22022,1630162,0022200932,"Feb 28, 2023",MIN @ LAC,W,37,6,18,0.333,2,5,0.4,4,5,0.8,1,3,4,3,3,2,4,2,18,8,1,Anthony Edwards,2022-23
22022,1630162,0022200916,"Feb 26, 2023",MIN @ GSW,L,39,5,19,0.263,2,8,0.25,0,1,0.0,0,5,5,7,2,2,5,1,12,1,1,Anthony Edwards,2022-23
22022,1630162,0022200898,"Feb 24, 2023",MIN vs. CHA,L,40,11,26,0.423,3,7,0.429,4,4,1.0,0,8,8,5,2,2,4,0,29,-3,1,Anthony Edwards,2022-23
22022,1630162,0022200884,"Feb 16, 2023",MIN vs. WAS,L,37,11,26,0.423,3,10,0.3,9,10,0.9,1,4,5,3,3,1,6,4,34,-6,1,Anthony Edwards,2022-23
22022,1630162,0022200865,"Feb 13, 2023",MIN @ DAL,W,36,12,22,0.545,1,4,0.25,7,7,1.0,1,4,5,1,0,0,3,4,32,9,1,Anthony Edwards,2022-23
22022,1630162,0022200841,"Feb 10, 2023",MIN @ MEM,L,39,8,19,0.421,1,3,0.333,0,0,0.0,0,2,2,5,1,2,3,2,17,-18,1,Anthony Edwards,2022-23
22022,1630162,0022200828,"Feb 08, 2023",MIN @ UTA,W,33,13,27,0.481,4,9,0.444,1,1,1.0,0,7,7,8,1,0,1,1,31,19,1,Anthony Edwards,2022-23
22022,1630162,0022200820,"Feb 07, 2023",MIN @ DEN,L,21,7,11,0.636,1,3,0.333,4,5,0.8,0,3,3,3,0,1,1,3,19,-12,1,Anthony Edwards,2022-23
22022,1630162,0022200806,"Feb 05, 2023",MIN vs. DEN,W,31,8,17,0.471,1,5,0.2,3,5,0.6,0,4,4,3,2,0,2,2,20,13,1,Anthony Edwards,2022-23
22022,1630162,0022200790,"Feb 03, 2023",MIN vs. ORL,L,38,5,15,0.333,1,7,0.143,8,10,0.8,0,5,5,5,1,1,4,3,19,-10,1,Anthony Edwards,2022-23
22022,1630162,0022200774,"Feb 01, 2023",MIN vs. GSW,W,39,10,26,0.385,2,11,0.182,5,6,0.833,0,6,6,5,2,1,6,1,27,-9,1,Anthony Edwards,2022-23
22022,1630162,0022200758,"Jan 30, 2023",MIN vs. SAC,L,41,14,27,0.519,4,11,0.364,1,4,0.25,2,6,8,5,2,2,6,2,33,-11,1,Anthony Edwards,2022-23
22022,1630162,0022200746,"Jan 28, 2023",MIN vs. SAC,W,38,14,21,0.667,5,7,0.714,1,2,0.5,2,8,10,6,2,1,6,2,34,16,1,Anthony Edwards,2022-23
22022,1630162,0022200737,"Jan 27, 2023",MIN vs. MEM,W,36,9,18,0.5,3,5,0.6,4,6,0.667,0,7,7,7,0,1,2,2,25,10,1,Anthony Edwards,2022-23
22022,1630162,0022200724,"Jan 25, 2023",MIN @ NOP,W,37,12,25,0.48,4,10,0.4,9,10,0.9,0,6,6,5,0,0,4,1,37,13,1,Anthony Edwards,2022-23
22022,1630162,0022200709,"Jan 23, 2023",MIN @ HOU,L,37,9,20,0.45,6,10,0.6,7,9,0.778,1,2,3,5,4,1,6,3,31,-15,1,Anthony Edwards,2022-23
22022,1630162,0022200696,"Jan 21, 2023",MIN vs. HOU,W,41,17,29,0.586,8,16,0.5,2,2,1.0,0,6,6,4,3,3,5,1,44,14,1,Anthony Edwards,2022-23
22022,1630162,0022200680,"Jan 19, 2023",MIN vs. TOR,W,40,5,16,0.313,2,8,0.25,11,12,0.917,0,5,5,7,3,0,5,3,23,12,1,Anthony Edwards,2022-23
22022,1630162,0022200676,"Jan 18, 2023",MIN @ DEN,L,37,7,17,0.412,0,4,0.0,2,3,0.667,4,5,9,3,1,1,3,0,16,-12,1,Anthony Edwards,2022-23
22022,1630162,0022200662,"Jan 16, 2023",MIN vs. UTA,L,36,10,25,0.4,4,10,0.4,5,5,1.0,0,4,4,5,3,0,2,1,29,-2,1,Anthony Edwards,2022-23
22022,1630162,0022200645,"Jan 14, 2023",MIN vs. CLE,W,35,10,18,0.556,3,6,0.5,3,3,1.0,0,6,6,7,1,0,4,1,26,7,1,Anthony Edwards,2022-23
22022,1630162,0022200637,"Jan 13, 2023",MIN vs. PHX,W,37,12,24,0.5,2,8,0.25,5,5,1.0,0,6,6,3,2,0,3,4,31,2,1,Anthony Edwards,2022-23
22022,1630162,0022200618,"Jan 11, 2023",MIN @ DET,L,24,8,18,0.444,2,7,0.286,2,2,1.0,0,1,1,6,0,0,2,2,20,-1,1,Anthony Edwards,2022-23
22022,1630162,0022200601,"Jan 08, 2023",MIN @ HOU,W,37,6,19,0.316,3,7,0.429,6,6,1.0,0,4,4,3,1,2,3,0,21,2,1,Anthony Edwards,2022-23
22022,1630162,0022200587,"Jan 06, 2023",MIN vs. LAC,W,23,2,7,0.286,0,3,0.0,1,2,0.5,0,3,3,5,0,1,2,1,5,18,1,Anthony Edwards,2022-23
22022,1630162,0022200571,"Jan 04, 2023",MIN vs. POR,W,36,11,26,0.423,3,9,0.333,7,9,0.778,0,7,7,3,0,0,3,4,32,8,1,Anthony Edwards,2022-23
22022,1630162,0022200557,"Jan 02, 2023",MIN vs. DEN,W,36,10,24,0.417,3,11,0.273,6,6,1.0,1,9,10,5,1,0,3,5,29,13,1,Anthony Edwards,2022-23
22022,1630162,0022200544,"Dec 31, 2022",MIN vs. DET,L,39,10,21,0.476,4,10,0.4,6,7,0.857,0,7,7,5,1,0,3,3,30,-5,1,Anthony Edwards,2022-23
22022,1630162,0022200533,"Dec 30, 2022",MIN @ MIL,L,40,10,20,0.5,2,6,0.333,8,14,0.571,0,10,10,1,4,2,1,1,30,-4,1,Anthony Edwards,2022-23
22022,1630162,0022200520,"Dec 28, 2022",MIN @ NOP,L,39,10,23,0.435,2,6,0.333,5,9,0.556,1,5,6,2,2,1,4,4,27,-5,1,Anthony Edwards,2022-23
22022,1630162,0022200500,"Dec 26, 2022",MIN @ MIA,L,40,11,16,0.688,5,8,0.625,2,3,0.667,1,5,6,7,2,1,8,3,29,0,1,Anthony Edwards,2022-23
22022,1630162,0022200482,"Dec 23, 2022",MIN @ BOS,L,40,13,25,0.52,3,10,0.3,1,1,1.0,0,6,6,4,0,2,3,3,30,-22,1,Anthony Edwards,2022-23
22022,1630162,0022200473,"Dec 21, 2022",MIN vs. DAL,L,38,11,21,0.524,0,4,0.0,1,2,0.5,0,4,4,5,1,1,4,1,23,-3,1,Anthony Edwards,2022-23
22022,1630162,0022200456,"Dec 19, 2022",MIN vs. DAL,W,38,7,21,0.333,3,6,0.5,10,11,0.909,2,11,13,9,1,2,1,3,27,20,1,Anthony Edwards,2022-23
22022,1630162,0022200449,"Dec 18, 2022",MIN vs. CHI,W,38,13,24,0.542,4,10,0.4,7,7,1.0,1,6,7,11,2,0,4,2,37,15,1,Anthony Edwards,2022-23
22022,1630162,0022200435,"Dec 16, 2022",MIN @ OKC,W,35,8,16,0.5,2,3,0.667,1,5,0.2,2,9,11,7,1,1,2,0,19,12,1,Anthony Edwards,2022-23
22022,1630162,0022200423,"Dec 14, 2022",MIN @ LAC,L,37,6,14,0.429,2,7,0.286,5,7,0.714,0,7,7,3,2,1,5,5,19,-11,1,Anthony Edwards,2022-23
22022,1630162,0022200407,"Dec 12, 2022",MIN @ POR,L,33,6,16,0.375,3,3,1.0,2,6,0.333,1,1,2,3,2,0,2,4,17,-25,1,Anthony Edwards,2022-23
22022,1630162,0022200394,"Dec 10, 2022",MIN @ POR,L,41,10,20,0.5,4,8,0.5,2,4,0.5,1,5,6,7,2,0,3,3,26,0,1,Anthony Edwards,2022-23
22022,1630162,0022200385,"Dec 09, 2022",MIN @ UTA,W,34,3,14,0.214,2,6,0.333,6,6,1.0,2,4,6,2,3,0,1,4,14,11,1,Anthony Edwards,2022-23
22022,1630162,0022200370,"Dec 07, 2022",MIN vs. IND,W,35,8,18,0.444,1,3,0.333,9,10,0.9,1,7,8,8,6,0,6,3,26,-4,1,Anthony Edwards,2022-23
22022,1630162,0022200341,"Dec 03, 2022",MIN vs. OKC,L,37,10,22,0.455,2,6,0.333,4,6,0.667,0,3,3,4,6,0,5,2,26,5,1,Anthony Edwards,2022-23
22022,1630162,0022200317,"Nov 30, 2022",MIN vs. MEM,W,40,10,18,0.556,2,6,0.333,7,7,1.0,0,3,3,5,5,3,1,4,29,12,1,Anthony Edwards,2022-23
22022,1630162,0022200300,"Nov 28, 2022",MIN @ WAS,L,37,9,19,0.474,1,6,0.167,10,11,0.909,3,5,8,2,2,0,7,2,29,-25,1,Anthony Edwards,2022-23
22022,1630162,0022200291,"Nov 27, 2022",MIN vs. GSW,L,36,7,17,0.412,2,6,0.333,10,11,0.909,1,3,4,4,1,0,1,1,26,-29,1,Anthony Edwards,2022-23
22022,1630162,0022200272,"Nov 25, 2022",MIN @ CHA,L,37,10,21,0.476,3,10,0.3,2,2,1.0,1,4,5,4,1,0,2,3,25,7,1,Anthony Edwards,2022-23
22022,1630162,0022200262,"Nov 23, 2022",MIN @ IND,W,36,7,14,0.5,3,5,0.6,2,2,1.0,0,7,7,2,1,0,4,2,19,10,1,Anthony Edwards,2022-23
22022,1630162,0022200252,"Nov 21, 2022",MIN vs. MIA,W,39,9,21,0.429,4,12,0.333,0,1,0.0,1,6,7,4,4,1,4,3,22,0,1,Anthony Edwards,2022-23
22022,1630162,0022200237,"Nov 19, 2022",MIN @ PHI,W,36,7,21,0.333,2,10,0.2,9,9,1.0,0,5,5,5,1,1,5,2,25,2,1,Anthony Edwards,2022-23
22022,1630162,0022200212,"Nov 16, 2022",MIN @ ORL,W,39,12,20,0.6,7,13,0.538,4,7,0.571,0,8,8,6,2,1,1,1,35,29,1,Anthony Edwards,2022-23
22022,1630162,0022200193,"Nov 13, 2022",MIN @ CLE,W,31,5,13,0.385,0,3,0.0,0,0,0.0,0,7,7,1,0,0,4,5,10,-11,1,Anthony Edwards,2022-23
22022,1630162,0022200181,"Nov 11, 2022",MIN @ MEM,L,38,10,16,0.625,3,4,0.75,5,7,0.714,1,5,6,6,0,0,1,1,28,2,1,Anthony Edwards,2022-23
22022,1630162,0022200167,"Nov 09, 2022",MIN vs. PHX,L,35,4,12,0.333,0,4,0.0,3,6,0.5,0,3,3,6,2,0,3,5,11,-2,1,Anthony Edwards,2022-23
22022,1630162,0022200153,"Nov 07, 2022",MIN vs. NYK,L,37,5,14,0.357,1,7,0.143,5,6,0.833,1,8,9,1,1,0,3,1,16,-6,1,Anthony Edwards,2022-23
22022,1630162,0022200137,"Nov 05, 2022",MIN vs. HOU,W,33,7,13,0.538,2,5,0.4,3,3,1.0,0,2,2,3,2,0,4,2,19,20,1,Anthony Edwards,2022-23
22022,1630162,0022200129,"Nov 04, 2022",MIN vs. MIL,L,37,10,19,0.526,3,9,0.333,1,2,0.5,1,2,3,3,1,0,3,4,24,-16,1,Anthony Edwards,2022-23
22022,1630162,0022200106,"Nov 01, 2022",MIN @ PHX,L,40,8,21,0.381,5,10,0.5,3,5,0.6,0,6,6,1,3,1,3,5,24,-12,1,Anthony Edwards,2022-23
22022,1630162,0022200092,"Oct 30, 2022",MIN @ SAS,L,36,7,18,0.389,1,4,0.25,3,3,1.0,0,2,2,6,2,1,1,4,18,-3,1,Anthony Edwards,2022-23
22022,1630162,0022200076,"Oct 28, 2022",MIN vs. LAL,W,38,11,22,0.5,3,8,0.375,4,6,0.667,0,4,4,2,1,0,2,4,29,4,1,Anthony Edwards,2022-23
22022,1630162,0022200062,"Oct 26, 2022",MIN vs. SAS,W,38,12,21,0.571,7,12,0.583,3,4,0.75,0,3,3,9,2,0,5,3,34,16,1,Anthony Edwards,2022-23
22022,1630162,0022200050,"Oct 24, 2022",MIN vs. SAS,L,35,3,15,0.2,1,8,0.125,2,3,0.667,0,10,10,2,0,0,3,1,9,-14,1,Anthony Edwards,2022-23
22022,1630162,0022200041,"Oct 23, 2022",MIN @ OKC,W,34,13,19,0.684,3,7,0.429,1,3,0.333,2,9,11,3,1,0,4,4,30,22,1,Anthony Edwards,2022-23
22022,1630162,0022200025,"Oct 21, 2022",MIN vs. UTA,L,41,12,23,0.522,3,9,0.333,3,5,0.6,1,4,5,2,0,1,5,0,30,-6,1,Anthony Edwards,2022-23
22022,1630162,0022200010,"Oct 19, 2022",MIN vs. OKC,W,32,4,17,0.235,1,7,0.143,2,4,0.5,1,7,8,7,0,0,2,5,11,8,1,Anthony Edwards,2022-23
22023,1630162,0022301194,"Apr 14, 2024",MIN vs. PHX,L,35,3,7,0.429,0,2,0.0,7,8,0.875,1,5,6,4,1,1,5,3,13,-21,1,Anthony Edwards,2023-24
22023,1630162,0022301178,"Apr 12, 2024",MIN vs. ATL,W,27,4,12,0.333,0,5,0.0,6,6,1.0,0,4,4,4,2,0,3,4,14,0,1,Anthony Edwards,2023-24
22023,1630162,0022301164,"Apr 10, 2024",MIN @ DEN,L,35,9,18,0.5,2,6,0.333,5,7,0.714,0,2,2,4,0,0,1,1,25,-16,1,Anthony Edwards,2023-24
22023,1630162,0022301152,"Apr 09, 2024",MIN vs. WAS,W,38,17,29,0.586,6,13,0.462,11,11,1.0,1,5,6,7,0,0,2,0,51,6,1,Anthony Edwards,2023-24
22023,1630162,0022301143,"Apr 07, 2024",MIN @ LAL,W,35,9,20,0.45,3,8,0.375,5,5,1.0,0,1,1,8,1,0,1,1,26,2,1,Anthony Edwards,2023-24
22023,1630162,0022301125,"Apr 05, 2024",MIN @ PHX,L,33,6,19,0.316,2,6,0.333,3,3,1.0,3,5,8,3,3,0,4,3,17,-13,1,Anthony Edwards,2023-24
22023,1630162,0022301108,"Apr 03, 2024",MIN vs. TOR,W,30,10,23,0.435,5,12,0.417,3,5,0.6,0,3,3,6,2,0,0,0,28,26,1,Anthony Edwards,2023-24
22023,1630162,0022301098,"Apr 02, 2024",MIN vs. HOU,W,36,5,16,0.313,0,6,0.0,11,11,1.0,1,4,5,3,2,0,3,1,21,0,1,Anthony Edwards,2023-24
22023,1630162,0022301084,"Mar 31, 2024",MIN vs. CHI,L,36,9,20,0.45,0,5,0.0,4,6,0.667,2,9,11,5,0,1,6,1,22,-10,1,Anthony Edwards,2023-24
22023,1630162,0022301071,"Mar 29, 2024",MIN @ DEN,W,39,8,19,0.421,0,8,0.0,9,10,0.9,1,3,4,5,3,0,2,2,25,11,1,Anthony Edwards,2023-24
22023,1630162,0022301056,"Mar 27, 2024",MIN vs. DET,W,29,4,11,0.364,1,4,0.25,0,2,0.0,1,2,3,5,1,0,3,0,9,9,1,Anthony Edwards,2023-24
22023,1630162,0022301031,"Mar 24, 2024",MIN vs. GSW,W,38,7,18,0.389,4,8,0.5,5,8,0.625,0,6,6,8,0,0,2,1,23,-9,1,Anthony Edwards,2023-24
22023,1630162,0022301014,"Mar 22, 2024",MIN vs. CLE,W,35,6,17,0.353,1,1,1.0,3,4,0.75,2,11,13,5,0,0,3,1,16,12,1,Anthony Edwards,2023-24
22023,1630162,0022300995,"Mar 19, 2024",MIN vs. DEN,L,38,13,26,0.5,3,8,0.375,1,2,0.5,1,7,8,8,2,0,3,1,30,-8,1,Anthony Edwards,2023-24
22023,1630162,0022300987,"Mar 18, 2024",MIN @ UTA,W,38,13,23,0.565,2,8,0.25,4,4,1.0,1,6,7,8,1,2,3,2,32,-1,1,Anthony Edwards,2023-24
22023,1630162,0022300974,"Mar 16, 2024",MIN @ UTA,W,35,12,20,0.6,5,7,0.714,2,3,0.667,1,9,10,5,3,3,4,1,31,16,1,Anthony Edwards,2023-24
22023,1630162,0022300944,"Mar 12, 2024",MIN @ LAC,W,37,15,29,0.517,2,8,0.25,5,7,0.714,2,6,8,4,1,0,2,3,37,22,1,Anthony Edwards,2023-24
22023,1630162,0022300932,"Mar 10, 2024",MIN @ LAL,L,40,10,23,0.435,2,9,0.222,3,4,0.75,1,6,7,7,2,2,3,2,25,-14,1,Anthony Edwards,2023-24
22023,1630162,0022300911,"Mar 08, 2024",MIN @ CLE,L,42,7,27,0.259,0,7,0.0,5,5,1.0,1,4,5,3,1,1,5,3,19,-20,1,Anthony Edwards,2023-24
22023,1630162,0022300903,"Mar 07, 2024",MIN @ IND,W,39,18,35,0.514,3,7,0.429,5,8,0.625,2,4,6,3,2,2,0,1,44,2,1,Anthony Edwards,2023-24
22023,1630162,0022300881,"Mar 04, 2024",MIN vs. POR,W,35,4,10,0.4,1,3,0.333,4,6,0.667,0,4,4,6,1,0,2,2,13,8,1,Anthony Edwards,2023-24
22023,1630162,0022300873,"Mar 03, 2024",MIN vs. LAC,L,37,9,20,0.45,3,10,0.3,6,6,1.0,0,5,5,2,3,0,3,1,27,10,1,Anthony Edwards,2023-24
22023,1630162,0022300862,"Mar 01, 2024",MIN vs. SAC,L,19,2,11,0.182,1,3,0.333,6,6,1.0,0,2,2,2,0,1,1,0,11,-3,1,Anthony Edwards,2023-24
22023,1630162,0022300845,"Feb 28, 2024",MIN vs. MEM,W,40,11,21,0.524,1,6,0.167,11,11,1.0,0,2,2,4,0,1,3,3,34,8,1,Anthony Edwards,2023-24
22023,1630162,0022300838,"Feb 27, 2024",MIN vs. SAS,W,33,13,29,0.448,4,10,0.4,4,4,1.0,1,4,5,5,4,1,4,0,34,5,1,Anthony Edwards,2023-24
22023,1630162,0022300815,"Feb 24, 2024",MIN vs. BKN,W,38,11,23,0.478,1,3,0.333,6,9,0.667,0,8,8,3,2,1,1,0,29,16,1,Anthony Edwards,2023-24
22023,1630162,0022300808,"Feb 23, 2024",MIN vs. MIL,L,38,10,27,0.37,4,12,0.333,4,6,0.667,0,9,9,5,1,0,3,2,28,-16,1,Anthony Edwards,2023-24
22023,1630162,0022300791,"Feb 15, 2024",MIN @ POR,W,33,12,21,0.571,3,7,0.429,7,8,0.875,1,5,6,7,2,1,1,1,34,36,1,Anthony Edwards,2023-24
22023,1630162,0022300775,"Feb 13, 2024",MIN @ POR,W,34,16,27,0.593,4,8,0.5,5,5,1.0,0,4,4,2,2,1,2,1,41,16,1,Anthony Edwards,2023-24
22023,1630162,0022300770,"Feb 12, 2024",MIN @ LAC,W,32,8,18,0.444,1,11,0.091,6,6,1.0,0,7,7,8,1,0,1,2,23,18,1,Anthony Edwards,2023-24
22023,1630162,0022300738,"Feb 08, 2024",MIN @ MIL,W,36,9,20,0.45,4,11,0.364,4,6,0.667,0,3,3,9,1,0,0,3,26,16,1,Anthony Edwards,2023-24
22023,1630162,0022300723,"Feb 06, 2024",MIN @ CHI,L,44,12,26,0.462,5,9,0.556,9,11,0.818,0,12,12,5,2,1,5,5,38,-4,1,Anthony Edwards,2023-24
22023,1630162,0022300709,"Feb 04, 2024",MIN vs. HOU,W,34,11,22,0.5,4,8,0.5,6,8,0.75,1,5,6,1,1,1,4,3,32,27,1,Anthony Edwards,2023-24
22023,1630162,0022300694,"Feb 02, 2024",MIN vs. ORL,L,35,9,18,0.5,2,8,0.25,2,3,0.667,0,1,1,5,1,0,3,1,22,6,1,Anthony Edwards,2023-24
22023,1630162,0022300680,"Jan 31, 2024",MIN vs. DAL,W,30,3,5,0.6,1,2,0.5,2,2,1.0,0,5,5,5,0,0,2,1,9,18,1,Anthony Edwards,2023-24
22023,1630162,0022300664,"Jan 29, 2024",MIN @ OKC,W,40,10,20,0.5,3,5,0.6,4,4,1.0,0,4,4,4,1,0,4,4,27,-1,1,Anthony Edwards,2023-24
22023,1630162,0022300649,"Jan 27, 2024",MIN @ SAS,L,38,12,18,0.667,6,8,0.75,2,4,0.5,1,5,6,12,1,0,4,0,32,7,1,Anthony Edwards,2023-24
22023,1630162,0022300629,"Jan 25, 2024",MIN @ BKN,W,36,8,23,0.348,3,7,0.429,5,6,0.833,0,1,1,3,1,0,3,3,24,-5,1,Anthony Edwards,2023-24
22023,1630162,0022300620,"Jan 24, 2024",MIN @ WAS,W,34,11,28,0.393,3,10,0.3,13,14,0.929,1,2,3,5,1,0,4,4,38,6,1,Anthony Edwards,2023-24
22023,1630162,0022300610,"Jan 22, 2024",MIN vs. CHA,L,37,3,11,0.273,1,5,0.2,2,2,1.0,0,5,5,11,0,0,1,1,9,7,1,Anthony Edwards,2023-24
22023,1630162,0022300599,"Jan 20, 2024",MIN vs. OKC,L,38,6,10,0.6,1,3,0.333,6,10,0.6,0,5,5,5,0,0,5,2,19,-13,1,Anthony Edwards,2023-24
22023,1630162,0022300582,"Jan 18, 2024",MIN vs. MEM,W,34,11,19,0.579,1,6,0.167,5,6,0.833,0,5,5,5,1,0,3,2,28,10,1,Anthony Edwards,2023-24
22023,1630162,0022300569,"Jan 17, 2024",MIN @ DET,W,33,10,24,0.417,3,8,0.375,4,4,1.0,0,5,5,8,0,0,3,3,27,5,1,Anthony Edwards,2023-24
22023,1630162,0022300553,"Jan 14, 2024",MIN vs. LAC,W,38,10,16,0.625,2,4,0.5,11,12,0.917,1,8,9,6,2,0,5,1,33,13,1,Anthony Edwards,2023-24
22023,1630162,0022300538,"Jan 12, 2024",MIN vs. POR,W,27,4,9,0.444,0,3,0.0,1,2,0.5,0,3,3,6,1,1,0,2,9,41,1,Anthony Edwards,2023-24
22023,1630162,0022300517,"Jan 10, 2024",MIN @ BOS,L,46,11,25,0.44,3,6,0.5,4,4,1.0,0,6,6,3,0,0,5,1,29,-1,1,Anthony Edwards,2023-24
22023,1630162,0022300513,"Jan 09, 2024",MIN @ ORL,W,26,2,7,0.286,0,2,0.0,2,3,0.667,1,3,4,3,0,0,5,3,6,1,1,Anthony Edwards,2023-24
22023,1630162,0022300501,"Jan 07, 2024",MIN @ DAL,L,37,14,27,0.519,3,6,0.5,5,7,0.714,5,5,10,3,3,1,2,3,36,-5,1,Anthony Edwards,2023-24
22023,1630162,0022300485,"Jan 05, 2024",MIN @ HOU,W,33,8,17,0.471,2,5,0.4,6,6,1.0,0,3,3,5,2,0,5,2,24,14,1,Anthony Edwards,2023-24
22023,1630162,0022300471,"Jan 03, 2024",MIN vs. NOP,L,37,11,22,0.5,4,7,0.571,9,10,0.9,2,2,4,5,1,1,6,1,35,-15,1,Anthony Edwards,2023-24
22023,1630162,0022300451,"Jan 01, 2024",MIN @ NYK,L,38,11,21,0.524,4,9,0.444,9,10,0.9,0,4,4,2,0,2,4,1,35,2,1,Anthony Edwards,2023-24
22023,1630162,0022300443,"Dec 30, 2023",MIN vs. LAL,W,38,10,23,0.435,2,8,0.25,9,11,0.818,0,3,3,3,0,3,3,3,31,8,1,Anthony Edwards,2023-24
22023,1630162,0022300423,"Dec 28, 2023",MIN vs. DAL,W,38,12,23,0.522,6,11,0.545,14,18,0.778,0,3,3,4,3,1,6,2,44,11,1,Anthony Edwards,2023-24
22023,1630162,0022300411,"Dec 26, 2023",MIN @ OKC,L,34,7,16,0.438,2,5,0.4,9,13,0.692,1,6,7,6,1,0,4,3,25,-16,1,Anthony Edwards,2023-24
22023,1630162,0022300400,"Dec 23, 2023",MIN @ SAC,W,39,13,27,0.481,3,12,0.25,5,5,1.0,0,5,5,10,1,1,5,1,34,8,1,Anthony Edwards,2023-24
22023,1630162,0022300380,"Dec 21, 2023",MIN vs. LAL,W,38,9,19,0.474,2,6,0.333,7,8,0.875,0,7,7,5,3,1,5,0,27,2,1,Anthony Edwards,2023-24
22023,1630162,0022300367,"Dec 20, 2023",MIN @ PHI,L,36,9,20,0.45,2,6,0.333,7,8,0.875,1,6,7,5,0,0,1,2,27,-10,1,Anthony Edwards,2023-24
22023,1630162,0022300353,"Dec 18, 2023",MIN @ MIA,W,40,13,25,0.52,2,9,0.222,4,4,1.0,0,8,8,5,3,2,1,1,32,6,1,Anthony Edwards,2023-24
22023,1630162,0022300338,"Dec 16, 2023",MIN vs. IND,W,34,14,23,0.609,7,10,0.7,2,2,1.0,0,2,2,4,3,0,4,3,37,17,1,Anthony Edwards,2023-24
22023,1630162,0022300321,"Dec 14, 2023",MIN @ DAL,W,35,3,19,0.158,0,3,0.0,3,6,0.5,1,1,2,11,2,0,5,2,9,20,1,Anthony Edwards,2023-24
22023,1630162,0022301221,"Dec 08, 2023",MIN @ MEM,W,4,0,1,0.0,0,0,0.0,0,0,0.0,0,0,0,1,0,0,0,0,0,-3,1,Anthony Edwards,2023-24
22023,1630162,0022301210,"Dec 06, 2023",MIN vs. SAS,W,37,4,17,0.235,2,5,0.4,7,8,0.875,1,6,7,6,1,1,3,2,17,14,1,Anthony Edwards,2023-24
22023,1630162,0022300058,"Nov 28, 2023",MIN vs. OKC,W,28,7,16,0.438,3,6,0.5,4,6,0.667,0,5,5,1,0,1,2,2,21,0,1,Anthony Edwards,2023-24
22023,1630162,0022300249,"Nov 26, 2023",MIN @ MEM,W,34,8,14,0.571,1,4,0.25,7,7,1.0,0,5,5,7,0,1,2,3,24,23,1,Anthony Edwards,2023-24
22023,1630162,0022300050,"Nov 24, 2023",MIN vs. SAC,L,40,8,21,0.381,2,9,0.222,17,18,0.944,0,7,7,5,2,2,4,2,35,5,1,Anthony Edwards,2023-24
22023,1630162,0022300232,"Nov 22, 2023",MIN vs. PHI,W,36,11,22,0.5,5,9,0.556,4,4,1.0,2,4,6,6,2,0,2,2,31,19,1,Anthony Edwards,2023-24
22023,1630162,0022300221,"Nov 20, 2023",MIN vs. NYK,W,39,9,21,0.429,1,6,0.167,4,4,1.0,2,8,10,5,2,0,3,1,23,9,1,Anthony Edwards,2023-24
22023,1630162,0022300203,"Nov 18, 2023",MIN @ NOP,W,30,9,19,0.474,5,10,0.5,0,0,0.0,0,3,3,4,0,0,3,6,23,13,1,Anthony Edwards,2023-24
22023,1630162,0022300197,"Nov 15, 2023",MIN @ PHX,L,31,4,16,0.25,1,3,0.333,4,4,1.0,1,3,4,4,1,1,1,0,13,-29,1,Anthony Edwards,2023-24
22023,1630162,0022300025,"Nov 14, 2023",MIN @ GSW,W,36,7,16,0.438,3,6,0.5,3,5,0.6,0,4,4,4,3,0,5,1,20,-9,1,Anthony Edwards,2023-24
22023,1630162,0022300186,"Nov 12, 2023",MIN @ GSW,W,38,11,27,0.407,1,9,0.111,10,10,1.0,1,5,6,7,2,0,4,0,33,15,1,Anthony Edwards,2023-24
22023,1630162,0022300013,"Nov 10, 2023",MIN @ SAS,W,37,9,21,0.429,2,8,0.25,8,11,0.727,2,5,7,5,2,1,4,1,28,3,1,Anthony Edwards,2023-24
22023,1630162,0022300166,"Nov 08, 2023",MIN vs. NOP,W,33,10,22,0.455,2,8,0.25,4,5,0.8,0,3,3,8,3,2,3,1,26,35,1,Anthony Edwards,2023-24
22023,1630162,0022300154,"Nov 06, 2023",MIN vs. BOS,W,38,15,25,0.6,2,8,0.25,6,7,0.857,0,9,9,7,1,0,3,5,38,18,1,Anthony Edwards,2023-24
22023,1630162,0022300138,"Nov 04, 2023",MIN vs. UTA,W,36,13,19,0.684,2,4,0.5,3,5,0.6,0,8,8,6,1,0,6,0,31,27,1,Anthony Edwards,2023-24
22023,1630162,0022300123,"Nov 01, 2023",MIN vs. DEN,W,32,8,16,0.5,1,4,0.25,7,8,0.875,0,2,2,1,2,0,4,1,24,11,1,Anthony Edwards,2023-24
22023,1630162,0022300104,"Oct 30, 2023",MIN @ ATL,L,38,13,21,0.619,5,8,0.625,0,1,0.0,0,5,5,7,1,0,5,4,31,-9,1,Anthony Edwards,2023-24
22023,1630162,0022300093,"Oct 28, 2023",MIN vs. MIA,W,33,7,15,0.467,3,5,0.6,2,2,1.0,0,2,2,7,0,0,2,3,19,21,1,Anthony Edwards,2023-24
22023,1630162,0022300069,"Oct 25, 2023",MIN @ TOR,L,38,8,27,0.296,4,7,0.571,6,6,1.0,5,9,14,1,0,0,2,1,26,0,1,Anthony Edwards,2023-24
22024,1630162,0022401195,"Apr 13, 2025",MIN vs. UTA,W,40,15,31,0.484,7,18,0.389,6,7,0.857,0,6,6,5,3,1,2,1,43,20,1,Anthony Edwards,2024-25
22024,1630162,0022401179,"Apr 11, 2025",MIN vs. BKN,W,31,4,11,0.364,1,7,0.143,0,0,0.0,0,4,4,5,1,2,0,3,9,16,1,Anthony Edwards,2024-25
22024,1630162,0022401170,"Apr 10, 2025",MIN @ MEM,W,38,13,19,0.684,7,11,0.636,11,13,0.846,1,4,5,3,1,1,5,3,44,15,1,Anthony Edwards,2024-25
22024,1630162,0022401152,"Apr 08, 2025",MIN @ MIL,L,39,10,27,0.37,2,11,0.182,3,3,1.0,1,6,7,4,1,1,2,4,25,-4,1,Anthony Edwards,2024-25
22024,1630162,0022401130,"Apr 05, 2025",MIN @ PHI,W,38,12,21,0.571,6,13,0.462,7,8,0.875,1,1,2,2,1,1,2,1,37,-4,1,Anthony Edwards,2024-25
22024,1630162,0022401113,"Apr 03, 2025",MIN @ BKN,W,32,10,15,0.667,5,10,0.5,3,5,0.6,1,4,5,3,2,1,2,3,28,17,1,Anthony Edwards,2024-25
22024,1630162,0022401102,"Apr 01, 2025",MIN @ DEN,W,50,12,25,0.48,5,15,0.333,5,7,0.714,1,9,10,8,1,0,5,4,34,8,1,Anthony Edwards,2024-25
22024,1630162,0022401084,"Mar 30, 2025",MIN vs. DET,W,36,9,19,0.474,4,10,0.4,3,4,0.75,0,6,6,4,0,2,4,4,25,5,1,Anthony Edwards,2024-25
22024,1630162,0022401071,"Mar 28, 2025",MIN vs. PHX,W,28,8,19,0.421,4,10,0.4,0,0,0.0,3,1,4,5,1,0,2,1,20,9,1,Anthony Edwards,2024-25
22024,1630162,0022401037,"Mar 24, 2025",MIN @ IND,L,34,7,19,0.368,1,11,0.091,2,3,0.667,0,2,2,4,1,0,3,2,17,-24,1,Anthony Edwards,2024-25
22024,1630162,0022401016,"Mar 21, 2025",MIN vs. NOP,W,26,6,13,0.462,3,7,0.429,2,2,1.0,2,1,3,5,2,0,3,0,17,21,1,Anthony Edwards,2024-25
22024,1630162,0022401001,"Mar 19, 2025",MIN vs. NOP,L,38,5,19,0.263,4,10,0.4,15,17,0.882,2,4,6,4,1,1,2,0,29,-6,1,Anthony Edwards,2024-25
22024,1630162,0022400986,"Mar 17, 2025",MIN vs. IND,L,41,9,24,0.375,1,11,0.091,19,20,0.95,0,3,3,5,2,2,3,3,38,-7,1,Anthony Edwards,2024-25
22024,1630162,0022400981,"Mar 16, 2025",MIN vs. UTA,W,31,16,27,0.593,5,14,0.357,4,6,0.667,0,2,2,2,1,0,1,1,41,31,1,Anthony Edwards,2024-25
22024,1630162,0022400963,"Mar 14, 2025",MIN vs. ORL,W,39,9,19,0.474,3,8,0.375,7,8,0.875,0,4,4,5,0,1,3,2,28,-5,1,Anthony Edwards,2024-25
22024,1630162,0022400952,"Mar 12, 2025",MIN @ DEN,W,35,10,22,0.455,5,12,0.417,4,5,0.8,0,4,4,6,1,0,3,2,29,10,1,Anthony Edwards,2024-25
22024,1630162,0022400925,"Mar 09, 2025",MIN vs. SAS,W,30,10,15,0.667,2,5,0.4,3,3,1.0,1,2,3,3,1,0,3,0,25,11,1,Anthony Edwards,2024-25
22024,1630162,0022400907,"Mar 07, 2025",MIN @ MIA,W,39,4,10,0.4,3,8,0.375,2,4,0.5,1,12,13,6,0,0,2,1,13,0,1,Anthony Edwards,2024-25
22024,1630162,0022400892,"Mar 05, 2025",MIN @ CHA,W,38,9,20,0.45,6,13,0.462,5,8,0.625,0,3,3,6,2,1,0,2,29,12,1,Anthony Edwards,2024-25
22024,1630162,0022400887,"Mar 04, 2025",MIN vs. PHI,W,30,5,11,0.455,2,6,0.333,6,7,0.857,0,5,5,1,0,0,2,2,18,-3,1,Anthony Edwards,2024-25
22024,1630162,0022400873,"Mar 02, 2025",MIN @ PHX,W,36,12,22,0.545,6,14,0.429,14,14,1.0,0,5,5,7,2,0,1,0,44,22,1,Anthony Edwards,2024-25
22024,1630162,0022400849,"Feb 27, 2025",MIN @ LAL,L,26,6,12,0.5,2,6,0.333,4,4,1.0,0,6,6,5,1,0,0,1,18,-13,1,Anthony Edwards,2024-25
22024,1630162,0022400826,"Feb 24, 2025",MIN @ OKC,W,36,5,15,0.333,1,6,0.167,6,10,0.6,2,11,13,8,0,1,4,4,17,-7,1,Anthony Edwards,2024-25
22024,1630162,0022400820,"Feb 23, 2025",MIN vs. OKC,L,39,8,21,0.381,4,13,0.308,9,10,0.9,2,8,10,7,2,0,5,3,29,-11,1,Anthony Edwards,2024-25
22024,1630162,0022400801,"Feb 21, 2025",MIN @ HOU,L,39,13,32,0.406,4,14,0.286,7,10,0.7,0,4,4,3,0,1,3,2,37,-11,1,Anthony Edwards,2024-25
22024,1630162,0022400787,"Feb 13, 2025",MIN vs. OKC,W,36,5,18,0.278,3,12,0.25,10,11,0.909,1,6,7,7,3,0,2,0,23,10,1,Anthony Edwards,2024-25
22024,1630162,0022400776,"Feb 12, 2025",MIN vs. MIL,L,37,10,33,0.303,4,17,0.235,4,5,0.8,0,7,7,4,2,0,2,0,28,0,1,Anthony Edwards,2024-25
22024,1630162,0022400755,"Feb 10, 2025",MIN @ CLE,L,37,13,28,0.464,8,15,0.533,10,13,0.769,0,6,6,1,1,0,7,0,44,-12,1,Anthony Edwards,2024-25
22024,1630162,0022400729,"Feb 06, 2025",MIN vs. HOU,W,38,11,25,0.44,5,12,0.417,14,15,0.933,2,5,7,6,0,1,4,3,41,9,1,Anthony Edwards,2024-25
22024,1630162,0022400723,"Feb 05, 2025",MIN vs. CHI,W,37,13,28,0.464,6,14,0.429,17,18,0.944,3,6,9,3,1,1,5,2,49,17,1,Anthony Edwards,2024-25
22024,1630162,0022400704,"Feb 03, 2025",MIN vs. SAC,L,38,7,21,0.333,3,10,0.3,4,4,1.0,1,5,6,4,2,1,3,3,21,0,1,Anthony Edwards,2024-25
22024,1630162,0022400677,"Jan 30, 2025",MIN @ UTA,W,35,12,18,0.667,6,9,0.667,6,7,0.857,1,5,6,11,0,3,3,3,36,25,1,Anthony Edwards,2024-25
22024,1630162,0022400672,"Jan 29, 2025",MIN @ PHX,W,40,11,20,0.55,3,8,0.375,8,9,0.889,0,7,7,5,2,4,7,2,33,10,1,Anthony Edwards,2024-25
22024,1630162,0022400656,"Jan 27, 2025",MIN vs. ATL,W,35,6,20,0.3,2,11,0.182,9,13,0.692,2,3,5,4,2,1,3,2,23,8,1,Anthony Edwards,2024-25
22024,1630162,0022400634,"Jan 25, 2025",MIN vs. DEN,W,33,14,23,0.609,3,8,0.375,3,4,0.75,1,0,1,9,0,0,3,4,34,27,1,Anthony Edwards,2024-25
22024,1630162,0022400614,"Jan 22, 2025",MIN @ DAL,W,37,6,19,0.316,2,7,0.286,7,8,0.875,1,4,5,7,0,0,3,0,21,-10,1,Anthony Edwards,2024-25
22024,1630162,0022400601,"Jan 20, 2025",MIN @ MEM,L,38,8,19,0.421,3,8,0.375,13,18,0.722,1,3,4,3,0,1,5,1,32,-7,1,Anthony Edwards,2024-25
22024,1630162,0022400590,"Jan 18, 2025",MIN vs. CLE,L,41,9,22,0.409,4,9,0.444,6,6,1.0,0,3,3,5,1,1,2,2,28,-2,1,Anthony Edwards,2024-25
22024,1630162,0022400578,"Jan 17, 2025",MIN @ NYK,W,38,12,21,0.571,8,13,0.615,4,4,1.0,2,11,13,7,0,0,6,0,36,24,1,Anthony Edwards,2024-25
22024,1630162,0022400565,"Jan 15, 2025",MIN vs. GSW,L,41,7,19,0.368,4,9,0.444,10,11,0.909,1,7,8,2,1,1,5,1,28,-2,1,Anthony Edwards,2024-25
22024,1630162,0022400548,"Jan 13, 2025",MIN @ WAS,W,36,14,25,0.56,5,11,0.455,8,8,1.0,2,4,6,7,3,1,7,2,41,18,1,Anthony Edwards,2024-25
22024,1630162,0022400535,"Jan 11, 2025",MIN vs. MEM,L,39,4,13,0.308,0,5,0.0,7,7,1.0,0,5,5,6,1,0,6,3,15,-5,1,Anthony Edwards,2024-25
22024,1630162,0022400519,"Jan 09, 2025",MIN @ ORL,W,36,5,19,0.263,4,11,0.364,7,9,0.778,1,2,3,7,2,0,2,2,21,20,1,Anthony Edwards,2024-25
22024,1630162,0022400505,"Jan 07, 2025",MIN @ NOP,W,38,10,21,0.476,7,11,0.636,5,6,0.833,1,8,9,3,2,0,4,3,32,3,1,Anthony Edwards,2024-25
22024,1630162,0022400500,"Jan 06, 2025",MIN vs. LAC,W,37,14,29,0.483,6,13,0.462,3,4,0.75,1,6,7,8,1,0,2,2,37,4,1,Anthony Edwards,2024-25
22024,1630162,0022400479,"Jan 04, 2025",MIN @ DET,L,44,16,31,0.516,10,15,0.667,11,12,0.917,1,5,6,2,0,0,6,4,53,-3,1,Anthony Edwards,2024-25
22024,1630162,0022400464,"Jan 02, 2025",MIN vs. BOS,L,36,5,16,0.313,2,9,0.222,3,4,0.75,0,4,4,6,0,0,2,0,15,-10,1,Anthony Edwards,2024-25
22024,1630162,0022400452,"Dec 31, 2024",MIN @ OKC,L,39,6,12,0.5,4,7,0.571,4,4,1.0,0,7,7,2,0,1,3,3,20,-3,1,Anthony Edwards,2024-25
22024,1630162,0022400441,"Dec 29, 2024",MIN vs. SAS,W,38,6,20,0.3,1,9,0.111,1,1,1.0,1,7,8,4,0,1,2,1,14,2,1,Anthony Edwards,2024-25
22024,1630162,0022400422,"Dec 27, 2024",MIN @ HOU,W,35,9,17,0.529,4,8,0.5,2,3,0.667,0,5,5,3,0,1,3,3,24,-1,1,Anthony Edwards,2024-25
22024,1630162,0022400406,"Dec 25, 2024",MIN @ DAL,W,39,11,24,0.458,4,7,0.571,0,0,0.0,1,7,8,5,2,1,4,0,26,8,1,Anthony Edwards,2024-25
22024,1630162,0022400395,"Dec 23, 2024",MIN @ ATL,L,32,7,20,0.35,1,7,0.143,1,1,1.0,2,4,6,4,2,0,5,1,16,-23,1,Anthony Edwards,2024-25
22024,1630162,0022400383,"Dec 21, 2024",MIN vs. GSW,L,39,6,20,0.3,4,11,0.364,3,4,0.75,1,6,7,5,0,0,1,4,19,-1,1,Anthony Edwards,2024-25
22024,1630162,0022400367,"Dec 19, 2024",MIN vs. NYK,L,34,7,16,0.438,3,7,0.429,0,0,0.0,0,5,5,7,3,1,2,0,17,-15,1,Anthony Edwards,2024-25
22024,1630162,0022401218,"Dec 15, 2024",MIN @ SAS,W,28,10,21,0.476,3,7,0.429,3,3,1.0,0,5,5,2,0,0,1,3,26,9,1,Anthony Edwards,2024-25
22024,1630162,0022401210,"Dec 13, 2024",MIN vs. LAL,W,33,9,20,0.45,2,7,0.286,3,5,0.6,2,4,6,1,1,1,5,1,23,25,1,Anthony Edwards,2024-25
22024,1630162,0022400355,"Dec 08, 2024",MIN @ GSW,L,37,10,19,0.526,5,9,0.556,2,2,1.0,0,5,5,6,1,0,6,3,27,-3,1,Anthony Edwards,2024-25
22024,1630162,0022400338,"Dec 06, 2024",MIN @ GSW,W,35,11,18,0.611,4,10,0.4,4,4,1.0,0,4,4,9,1,2,4,1,30,23,1,Anthony Edwards,2024-25
22024,1630162,0022400324,"Dec 04, 2024",MIN @ LAC,W,26,5,14,0.357,4,9,0.444,2,2,1.0,1,5,6,4,4,0,2,3,16,27,1,Anthony Edwards,2024-25
22024,1630162,0022400318,"Dec 02, 2024",MIN vs. LAL,W,27,3,13,0.231,1,5,0.2,1,2,0.5,0,7,7,3,2,0,3,1,8,1,1,Anthony Edwards,2024-25
22024,1630162,0022400044,"Nov 29, 2024",MIN vs. LAC,W,36,7,21,0.333,4,9,0.444,3,5,0.6,2,2,4,3,2,0,4,0,21,-5,1,Anthony Edwards,2024-25
22024,1630162,0022400294,"Nov 27, 2024",MIN vs. SAC,L,37,9,24,0.375,4,9,0.444,7,8,0.875,1,4,5,5,3,0,1,0,29,-5,1,Anthony Edwards,2024-25
22024,1630162,0022400037,"Nov 26, 2024",MIN vs. HOU,L,43,8,22,0.364,3,12,0.25,10,10,1.0,3,7,10,1,1,3,3,1,29,-14,1,Anthony Edwards,2024-25
22024,1630162,0022400271,"Nov 24, 2024",MIN @ BOS,L,39,9,21,0.429,6,11,0.545,4,4,1.0,0,9,9,7,0,0,3,3,28,2,1,Anthony Edwards,2024-25
22024,1630162,0022400261,"Nov 21, 2024",MIN @ TOR,L,36,9,20,0.45,5,9,0.556,3,3,1.0,1,2,3,2,2,2,2,4,26,4,1,Anthony Edwards,2024-25
22024,1630162,0022400234,"Nov 17, 2024",MIN vs. PHX,W,39,9,14,0.643,3,7,0.429,3,3,1.0,0,4,4,6,1,0,2,2,24,-6,1,Anthony Edwards,2024-25
22024,1630162,0022400020,"Nov 15, 2024",MIN @ SAC,W,42,14,27,0.519,6,14,0.429,2,2,1.0,1,4,5,2,0,0,2,4,36,16,1,Anthony Edwards,2024-25
22024,1630162,0022400226,"Nov 13, 2024",MIN @ POR,L,40,10,25,0.4,0,9,0.0,4,4,1.0,0,4,4,4,4,1,3,2,24,-1,1,Anthony Edwards,2024-25
22024,1630162,0022400008,"Nov 12, 2024",MIN @ POR,L,37,8,19,0.421,4,10,0.4,6,6,1.0,0,0,0,3,2,1,1,2,26,-20,1,Anthony Edwards,2024-25
22024,1630162,0022400206,"Nov 10, 2024",MIN vs. MIA,L,37,8,24,0.333,4,14,0.286,2,3,0.667,1,4,5,6,2,0,6,3,22,2,1,Anthony Edwards,2024-25
22024,1630162,0022400193,"Nov 08, 2024",MIN vs. POR,W,30,12,21,0.571,9,15,0.6,4,5,0.8,0,6,6,5,1,1,6,2,37,29,1,Anthony Edwards,2024-25
22024,1630162,0022400181,"Nov 07, 2024",MIN @ CHI,W,35,13,23,0.565,5,9,0.556,2,2,1.0,3,5,8,6,0,1,2,2,33,15,1,Anthony Edwards,2024-25
22024,1630162,0022400162,"Nov 04, 2024",MIN vs. CHA,W,29,6,11,0.545,4,6,0.667,5,7,0.714,0,5,5,1,1,0,1,1,21,9,1,Anthony Edwards,2024-25
22024,1630162,0022400146,"Nov 02, 2024",MIN @ SAS,L,36,8,17,0.471,3,7,0.429,2,4,0.5,0,5,5,2,2,0,3,0,21,-20,1,Anthony Edwards,2024-25
22024,1630162,0022400139,"Nov 01, 2024",MIN vs. DEN,W,38,11,23,0.478,7,14,0.5,0,0,0.0,0,4,4,4,1,1,2,1,29,5,1,Anthony Edwards,2024-25
22024,1630162,0022400114,"Oct 29, 2024",MIN vs. DAL,L,37,12,20,0.6,7,13,0.538,6,12,0.5,0,6,6,3,0,1,5,1,37,-8,1,Anthony Edwards,2024-25
22024,1630162,0022400093,"Oct 26, 2024",MIN vs. TOR,W,39,9,21,0.429,5,12,0.417,1,3,0.333,0,6,6,4,1,1,4,3,24,5,1,Anthony Edwards,2024-25
22024,1630162,0022400076,"Oct 24, 2024",MIN @ SAC,W,39,10,24,0.417,5,15,0.333,7,7,1.0,1,6,7,4,1,0,3,4,32,8,1,Anthony Edwards,2024-25
22024,1630162,0022400062,"Oct 22, 2024",MIN @ LAL,L,41,10,25,0.4,5,13,0.385,2,3,0.667,0,6,6,3,0,0,4,3,27,0,1,Anthony Edwards,2024-25
22022,203497,0022201225,"Apr 09, 2023",MIN vs. NOP,W,13,1,1,1.0,0,0,0.0,0,0,0.0,0,3,3,0,0,0,0,0,2,-14,1,Rudy Gobert,2022-23
22022,203497,0022201214,"Apr 08, 2023",MIN @ SAS,W,29,4,5,0.8,0,0,0.0,2,5,0.4,2,11,13,5,1,4,1,2,10,6,1,Rudy Gobert,2022-23
22022,203497,0022201180,"Apr 04, 2023",MIN @ BKN,W,34,5,8,0.625,0,0,0.0,2,3,0.667,4,8,12,2,0,1,2,3,12,-5,1,Rudy Gobert,2022-23
22022,203497,0022201166,"Apr 02, 2023",MIN vs. POR,L,35,5,10,0.5,0,0,0.0,0,0,0.0,4,11,15,3,0,0,1,3,10,-6,1,Rudy Gobert,2022-23
22022,203497,0022201157,"Mar 31, 2023",MIN vs. LAL,L,31,6,9,0.667,0,0,0.0,2,2,1.0,5,6,11,1,2,0,1,3,14,4,1,Rudy Gobert,2022-23
22022,203497,0022201144,"Mar 29, 2023",MIN @ PHX,L,35,3,5,0.6,0,0,0.0,1,2,0.5,6,9,15,2,2,0,6,5,7,-2,1,Rudy Gobert,2022-23
22022,203497,0022201128,"Mar 27, 2023",MIN @ SAC,W,35,5,9,0.556,0,0,0.0,6,8,0.75,4,12,16,4,0,2,2,4,16,9,1,Rudy Gobert,2022-23
22022,203497,0022201121,"Mar 26, 2023",MIN @ GSW,W,34,1,3,0.333,0,0,0.0,8,12,0.667,4,14,18,2,0,1,4,5,10,-7,1,Rudy Gobert,2022-23
22022,203497,0022201090,"Mar 22, 2023",MIN vs. ATL,W,33,4,8,0.5,0,0,0.0,4,8,0.5,5,7,12,2,1,1,0,3,12,3,1,Rudy Gobert,2022-23
22022,203497,0022201073,"Mar 20, 2023",MIN @ NYK,W,37,7,9,0.778,0,0,0.0,2,5,0.4,2,5,7,3,1,1,0,1,16,12,1,Rudy Gobert,2022-23
22022,203497,0022201058,"Mar 18, 2023",MIN @ TOR,L,31,4,8,0.5,0,0,0.0,6,7,0.857,5,7,12,3,0,1,2,3,14,-16,1,Rudy Gobert,2022-23
22022,203497,0022201050,"Mar 17, 2023",MIN @ CHI,L,33,8,14,0.571,0,0,0.0,5,9,0.556,9,10,19,1,0,5,5,6,21,4,1,Rudy Gobert,2022-23
22022,203497,0022201039,"Mar 15, 2023",MIN vs. BOS,L,29,6,8,0.75,0,0,0.0,3,7,0.429,1,5,6,1,1,0,1,3,15,0,1,Rudy Gobert,2022-23
22022,203497,0022201021,"Mar 13, 2023",MIN @ ATL,W,30,5,10,0.5,0,0,0.0,4,5,0.8,2,6,8,4,1,3,0,2,14,25,1,Rudy Gobert,2022-23
22022,203497,0022201001,"Mar 10, 2023",MIN vs. BKN,L,42,12,15,0.8,0,0,0.0,2,6,0.333,5,8,13,4,4,1,1,3,26,5,1,Rudy Gobert,2022-23
22022,203497,0022200980,"Mar 07, 2023",MIN vs. PHI,L,25,2,6,0.333,0,0,0.0,2,4,0.5,1,8,9,2,2,1,2,2,6,-14,1,Rudy Gobert,2022-23
22022,203497,0022200961,"Mar 04, 2023",MIN @ SAC,W,31,5,9,0.556,0,0,0.0,3,4,0.75,4,10,14,0,0,2,1,4,13,11,1,Rudy Gobert,2022-23
22022,203497,0022200955,"Mar 03, 2023",MIN @ LAL,W,27,8,12,0.667,0,0,0.0,6,10,0.6,5,9,14,3,1,2,1,4,22,-1,1,Rudy Gobert,2022-23
22022,203497,0022200932,"Feb 28, 2023",MIN @ LAC,W,29,7,11,0.636,0,0,0.0,2,6,0.333,2,5,7,0,0,2,3,4,16,3,1,Rudy Gobert,2022-23
22022,203497,0022200898,"Feb 24, 2023",MIN vs. CHA,L,30,7,9,0.778,0,0,0.0,3,4,0.75,3,7,10,0,1,3,1,2,17,-7,1,Rudy Gobert,2022-23
22022,203497,0022200884,"Feb 16, 2023",MIN vs. WAS,L,36,8,15,0.533,0,0,0.0,1,2,0.5,7,12,19,1,0,3,2,3,17,4,1,Rudy Gobert,2022-23
22022,203497,0022200865,"Feb 13, 2023",MIN @ DAL,W,30,9,9,1.0,0,0,0.0,3,5,0.6,3,11,14,1,0,0,3,3,21,17,1,Rudy Gobert,2022-23
22022,203497,0022200841,"Feb 10, 2023",MIN @ MEM,L,30,2,4,0.5,0,0,0.0,4,4,1.0,2,8,10,2,0,2,1,3,8,-18,1,Rudy Gobert,2022-23
22022,203497,0022200820,"Feb 07, 2023",MIN @ DEN,L,19,0,2,0.0,0,0,0.0,0,0,0.0,1,4,5,0,0,1,1,2,0,-10,1,Rudy Gobert,2022-23
22022,203497,0022200806,"Feb 05, 2023",MIN vs. DEN,W,18,7,8,0.875,0,0,0.0,2,4,0.5,1,7,8,1,0,1,2,4,16,16,1,Rudy Gobert,2022-23
22022,203497,0022200790,"Feb 03, 2023",MIN vs. ORL,L,26,5,7,0.714,0,0,0.0,5,6,0.833,2,5,7,1,2,0,1,2,15,-4,1,Rudy Gobert,2022-23
22022,203497,0022200758,"Jan 30, 2023",MIN vs. SAC,L,40,7,9,0.778,0,0,0.0,5,10,0.5,1,13,14,1,1,0,3,3,19,5,1,Rudy Gobert,2022-23
22022,203497,0022200746,"Jan 28, 2023",MIN vs. SAC,W,36,3,5,0.6,0,0,0.0,7,9,0.778,2,12,14,1,1,1,2,2,13,6,1,Rudy Gobert,2022-23
22022,203497,0022200737,"Jan 27, 2023",MIN vs. MEM,W,31,3,5,0.6,0,0,0.0,1,2,0.5,2,11,13,1,1,3,3,4,7,5,1,Rudy Gobert,2022-23
22022,203497,0022200724,"Jan 25, 2023",MIN @ NOP,W,35,7,12,0.583,0,0,0.0,3,5,0.6,2,10,12,3,1,1,0,2,17,13,1,Rudy Gobert,2022-23
22022,203497,0022200709,"Jan 23, 2023",MIN @ HOU,L,36,5,8,0.625,0,0,0.0,5,7,0.714,6,10,16,1,0,4,2,3,15,-4,1,Rudy Gobert,2022-23
22022,203497,0022200662,"Jan 16, 2023",MIN vs. UTA,L,5,1,1,1.0,0,0,0.0,0,0,0.0,0,1,1,0,0,0,0,0,2,0,1,Rudy Gobert,2022-23
22022,203497,0022200645,"Jan 14, 2023",MIN vs. CLE,W,13,2,3,0.667,0,0,0.0,2,2,1.0,0,4,4,0,1,0,0,1,6,-1,1,Rudy Gobert,2022-23
22022,203497,0022200637,"Jan 13, 2023",MIN vs. PHX,W,32,1,1,1.0,0,0,0.0,2,4,0.5,1,11,12,1,4,1,5,5,4,3,1,Rudy Gobert,2022-23
22022,203497,0022200618,"Jan 11, 2023",MIN @ DET,L,32,6,8,0.75,0,0,0.0,4,6,0.667,4,10,14,0,2,0,2,2,16,0,1,Rudy Gobert,2022-23
22022,203497,0022200601,"Jan 08, 2023",MIN @ HOU,W,38,8,12,0.667,0,0,0.0,2,3,0.667,4,7,11,0,0,1,2,3,18,16,1,Rudy Gobert,2022-23
22022,203497,0022200587,"Jan 06, 2023",MIN vs. LAC,W,36,11,15,0.733,0,0,0.0,3,5,0.6,7,14,21,0,0,2,5,2,25,31,1,Rudy Gobert,2022-23
22022,203497,0022200571,"Jan 04, 2023",MIN vs. POR,W,35,6,10,0.6,0,0,0.0,5,7,0.714,3,9,12,1,2,3,1,4,17,-8,1,Rudy Gobert,2022-23
22022,203497,0022200557,"Jan 02, 2023",MIN vs. DEN,W,27,3,3,1.0,0,0,0.0,2,4,0.5,2,2,4,3,0,2,1,5,8,-4,1,Rudy Gobert,2022-23
22022,203497,0022200544,"Dec 31, 2022",MIN vs. DET,L,28,3,3,1.0,0,0,0.0,3,6,0.5,2,8,10,0,0,2,3,3,9,-8,1,Rudy Gobert,2022-23
22022,203497,0022200520,"Dec 28, 2022",MIN @ NOP,L,29,4,5,0.8,0,0,0.0,2,2,1.0,1,7,8,2,0,4,2,6,10,-6,1,Rudy Gobert,2022-23
22022,203497,0022200500,"Dec 26, 2022",MIN @ MIA,L,31,5,7,0.714,0,0,0.0,0,2,0.0,1,7,8,0,0,0,2,0,10,-14,1,Rudy Gobert,2022-23
22022,203497,0022200482,"Dec 23, 2022",MIN @ BOS,L,36,3,4,0.75,0,0,0.0,2,4,0.5,4,8,12,2,0,0,2,3,8,-23,1,Rudy Gobert,2022-23
22022,203497,0022200473,"Dec 21, 2022",MIN vs. DAL,L,38,9,11,0.818,0,0,0.0,1,3,0.333,5,10,15,0,2,2,1,1,19,-2,1,Rudy Gobert,2022-23
22022,203497,0022200423,"Dec 14, 2022",MIN @ LAC,L,32,3,5,0.6,0,0,0.0,5,7,0.714,4,9,13,0,0,2,3,3,11,-9,1,Rudy Gobert,2022-23
22022,203497,0022200407,"Dec 12, 2022",MIN @ POR,L,32,8,13,0.615,0,0,0.0,0,1,0.0,5,15,20,2,1,0,1,4,16,-9,1,Rudy Gobert,2022-23
22022,203497,0022200394,"Dec 10, 2022",MIN @ POR,L,36,9,11,0.818,0,0,0.0,6,9,0.667,1,8,9,2,4,1,1,4,24,7,1,Rudy Gobert,2022-23
22022,203497,0022200385,"Dec 09, 2022",MIN @ UTA,W,37,8,11,0.727,0,1,0.0,6,10,0.6,3,10,13,1,0,0,3,4,22,15,1,Rudy Gobert,2022-23
22022,203497,0022200370,"Dec 07, 2022",MIN vs. IND,W,31,6,12,0.5,0,0,0.0,4,5,0.8,5,16,21,1,3,2,2,3,16,15,1,Rudy Gobert,2022-23
22022,203497,0022200341,"Dec 03, 2022",MIN vs. OKC,L,9,3,3,1.0,0,0,0.0,0,2,0.0,2,2,4,0,0,0,0,2,6,-11,1,Rudy Gobert,2022-23
22022,203497,0022200317,"Nov 30, 2022",MIN vs. MEM,W,26,4,5,0.8,0,0,0.0,1,2,0.5,0,1,1,0,1,1,4,4,9,13,1,Rudy Gobert,2022-23
22022,203497,0022200300,"Nov 28, 2022",MIN @ WAS,L,29,7,7,1.0,0,0,0.0,5,5,1.0,4,3,7,0,0,1,1,3,19,-22,1,Rudy Gobert,2022-23
22022,203497,0022200291,"Nov 27, 2022",MIN vs. GSW,L,30,4,9,0.444,0,0,0.0,1,2,0.5,4,6,10,0,0,1,2,2,9,-8,1,Rudy Gobert,2022-23
22022,203497,0022200272,"Nov 25, 2022",MIN @ CHA,L,34,6,10,0.6,0,0,0.0,5,5,1.0,4,13,17,1,2,2,2,4,17,6,1,Rudy Gobert,2022-23
22022,203497,0022200262,"Nov 23, 2022",MIN @ IND,W,32,9,11,0.818,0,0,0.0,3,4,0.75,4,12,16,2,0,0,2,3,21,7,1,Rudy Gobert,2022-23
22022,203497,0022200252,"Nov 21, 2022",MIN vs. MIA,W,31,0,0,0.0,0,0,0.0,4,4,1.0,2,7,9,0,1,2,1,4,4,3,1,Rudy Gobert,2022-23
22022,203497,0022200237,"Nov 19, 2022",MIN @ PHI,W,28,4,7,0.571,0,0,0.0,0,0,0.0,5,8,13,1,1,0,0,5,8,-8,1,Rudy Gobert,2022-23
22022,203497,0022200212,"Nov 16, 2022",MIN @ ORL,W,32,5,7,0.714,0,0,0.0,6,8,0.75,2,6,8,1,2,1,0,3,16,24,1,Rudy Gobert,2022-23
22022,203497,0022200193,"Nov 13, 2022",MIN @ CLE,W,33,5,10,0.5,0,0,0.0,5,8,0.625,4,9,13,1,1,2,3,3,15,-13,1,Rudy Gobert,2022-23
22022,203497,0022200181,"Nov 11, 2022",MIN @ MEM,L,35,5,5,1.0,0,0,0.0,5,5,1.0,1,5,6,1,1,0,4,4,15,-9,1,Rudy Gobert,2022-23
22022,203497,0022200167,"Nov 09, 2022",MIN vs. PHX,L,30,8,11,0.727,0,0,0.0,9,11,0.818,3,8,11,0,0,3,1,4,25,-5,1,Rudy Gobert,2022-23
22022,203497,0022200129,"Nov 04, 2022",MIN vs. MIL,L,30,3,6,0.5,0,1,0.0,1,2,0.5,4,9,13,0,1,1,0,4,7,-13,1,Rudy Gobert,2022-23
22022,203497,0022200106,"Nov 01, 2022",MIN @ PHX,L,32,0,1,0.0,0,0,0.0,7,7,1.0,4,5,9,3,0,1,1,2,7,-13,1,Rudy Gobert,2022-23
22022,203497,0022200092,"Oct 30, 2022",MIN @ SAS,L,27,4,11,0.364,0,0,0.0,1,3,0.333,6,6,12,0,1,2,1,2,9,-10,1,Rudy Gobert,2022-23
22022,203497,0022200076,"Oct 28, 2022",MIN vs. LAL,W,37,7,11,0.636,0,0,0.0,8,12,0.667,8,13,21,2,0,2,1,3,22,8,1,Rudy Gobert,2022-23
22022,203497,0022200062,"Oct 26, 2022",MIN vs. SAS,W,35,4,6,0.667,0,0,0.0,2,4,0.5,0,9,9,1,1,1,2,4,10,9,1,Rudy Gobert,2022-23
22022,203497,0022200050,"Oct 24, 2022",MIN vs. SAS,L,31,4,4,1.0,0,0,0.0,3,4,0.75,1,6,7,1,0,3,2,2,11,-9,1,Rudy Gobert,2022-23
22022,203497,0022200041,"Oct 23, 2022",MIN @ OKC,W,25,7,9,0.778,0,1,0.0,1,3,0.333,2,13,15,1,0,1,1,2,15,-1,1,Rudy Gobert,2022-23
22022,203497,0022200025,"Oct 21, 2022",MIN vs. UTA,L,38,4,10,0.4,0,0,0.0,1,3,0.333,10,13,23,0,1,2,4,3,9,-9,1,Rudy Gobert,2022-23
22022,203497,0022200010,"Oct 19, 2022",MIN vs. OKC,W,34,10,15,0.667,0,0,0.0,3,5,0.6,7,9,16,2,1,1,0,1,23,13,1,Rudy Gobert,2022-23
22023,203497,0022301194,"Apr 14, 2024",MIN vs. PHX,L,32,7,9,0.778,0,0,0.0,7,9,0.778,3,4,7,1,2,1,1,3,21,-17,1,Rudy Gobert,2023-24
22023,203497,0022301178,"Apr 12, 2024",MIN vs. ATL,W,37,10,10,1.0,0,0,0.0,5,8,0.625,4,15,19,0,1,5,1,2,25,13,1,Rudy Gobert,2023-24
22023,203497,0022301164,"Apr 10, 2024",MIN @ DEN,L,39,6,7,0.857,0,0,0.0,1,3,0.333,5,10,15,3,2,1,2,5,13,-17,1,Rudy Gobert,2023-24
22023,203497,0022301152,"Apr 09, 2024",MIN vs. WAS,W,38,5,9,0.556,0,0,0.0,9,13,0.692,5,11,16,3,2,4,1,3,19,12,1,Rudy Gobert,2023-24
22023,203497,0022301143,"Apr 07, 2024",MIN @ LAL,W,37,9,13,0.692,0,0,0.0,0,0,0.0,8,8,16,3,2,1,3,2,18,8,1,Rudy Gobert,2023-24
22023,203497,0022301125,"Apr 05, 2024",MIN @ PHX,L,29,2,5,0.4,0,0,0.0,0,0,0.0,2,4,6,1,0,2,1,4,4,-26,1,Rudy Gobert,2023-24
22023,203497,0022301108,"Apr 03, 2024",MIN vs. TOR,W,27,3,6,0.5,0,0,0.0,5,8,0.625,5,10,15,3,1,2,4,3,11,33,1,Rudy Gobert,2023-24
22023,203497,0022301098,"Apr 02, 2024",MIN vs. HOU,W,35,4,7,0.571,0,0,0.0,4,6,0.667,1,13,14,0,0,2,1,3,12,-8,1,Rudy Gobert,2023-24
22023,203497,0022301084,"Mar 31, 2024",MIN vs. CHI,L,38,8,9,0.889,0,0,0.0,3,7,0.429,3,7,10,1,2,1,0,2,19,-4,1,Rudy Gobert,2023-24
22023,203497,0022301071,"Mar 29, 2024",MIN @ DEN,W,35,7,8,0.875,0,0,0.0,7,15,0.467,3,9,12,2,0,3,0,5,21,1,1,Rudy Gobert,2023-24
22023,203497,0022301056,"Mar 27, 2024",MIN vs. DET,W,34,5,5,1.0,0,0,0.0,1,1,1.0,5,9,14,4,0,2,3,4,11,20,1,Rudy Gobert,2023-24
22023,203497,0022301031,"Mar 24, 2024",MIN vs. GSW,W,37,7,10,0.7,0,0,0.0,3,3,1.0,1,11,12,2,0,1,4,5,17,8,1,Rudy Gobert,2023-24
22023,203497,0022301014,"Mar 22, 2024",MIN vs. CLE,W,37,4,8,0.5,0,0,0.0,1,4,0.25,6,9,15,1,0,2,1,2,9,10,1,Rudy Gobert,2023-24
22023,203497,0022300944,"Mar 12, 2024",MIN @ LAC,W,33,4,7,0.571,0,0,0.0,0,0,0.0,7,4,11,3,2,2,0,2,8,11,1,Rudy Gobert,2023-24
22023,203497,0022300911,"Mar 08, 2024",MIN @ CLE,L,37,3,7,0.429,0,0,0.0,1,2,0.5,4,13,17,2,1,2,2,6,7,7,1,Rudy Gobert,2023-24
22023,203497,0022300903,"Mar 07, 2024",MIN @ IND,W,40,7,11,0.636,0,0,0.0,4,5,0.8,6,8,14,0,2,3,2,2,18,6,1,Rudy Gobert,2023-24
22023,203497,0022300881,"Mar 04, 2024",MIN vs. POR,W,39,9,10,0.9,0,0,0.0,7,7,1.0,5,11,16,0,1,3,3,6,25,-4,1,Rudy Gobert,2023-24
22023,203497,0022300873,"Mar 03, 2024",MIN vs. LAC,L,40,5,7,0.714,0,0,0.0,2,2,1.0,3,13,16,2,0,3,1,3,12,4,1,Rudy Gobert,2023-24
22023,203497,0022300862,"Mar 01, 2024",MIN vs. SAC,L,42,6,9,0.667,0,0,0.0,4,8,0.5,2,14,16,1,0,3,1,5,16,-6,1,Rudy Gobert,2023-24
22023,203497,0022300845,"Feb 28, 2024",MIN vs. MEM,W,27,3,4,0.75,0,0,0.0,2,4,0.5,2,6,8,0,1,2,3,2,8,-16,1,Rudy Gobert,2023-24
22023,203497,0022300838,"Feb 27, 2024",MIN vs. SAS,W,39,6,12,0.5,0,1,0.0,1,2,0.5,6,11,17,3,0,4,1,2,13,4,1,Rudy Gobert,2023-24
22023,203497,0022300808,"Feb 23, 2024",MIN vs. MIL,L,38,6,8,0.75,0,0,0.0,0,1,0.0,7,12,19,1,0,2,0,5,12,5,1,Rudy Gobert,2023-24
22023,203497,0022300791,"Feb 15, 2024",MIN @ POR,W,26,4,7,0.571,0,0,0.0,3,4,0.75,2,10,12,2,0,2,3,4,11,19,1,Rudy Gobert,2023-24
22023,203497,0022300775,"Feb 13, 2024",MIN @ POR,W,37,7,10,0.7,0,0,0.0,2,4,0.5,6,9,15,1,0,1,1,3,16,12,1,Rudy Gobert,2023-24
22023,203497,0022300770,"Feb 12, 2024",MIN @ LAC,W,33,6,11,0.545,0,0,0.0,5,5,1.0,6,5,11,0,0,4,2,4,17,9,1,Rudy Gobert,2023-24
22023,203497,0022300738,"Feb 08, 2024",MIN @ MIL,W,35,8,9,0.889,0,0,0.0,0,1,0.0,3,8,11,4,1,0,0,3,16,13,1,Rudy Gobert,2023-24
22023,203497,0022300723,"Feb 06, 2024",MIN @ CHI,L,44,3,6,0.5,0,0,0.0,6,10,0.6,7,9,16,1,1,1,1,5,12,-8,1,Rudy Gobert,2023-24
22023,203497,0022300709,"Feb 04, 2024",MIN vs. HOU,W,31,7,9,0.778,0,0,0.0,3,5,0.6,3,10,13,1,1,4,0,1,17,32,1,Rudy Gobert,2023-24
22023,203497,0022300694,"Feb 02, 2024",MIN vs. ORL,L,39,6,7,0.857,0,0,0.0,10,11,0.909,3,13,16,2,0,2,1,5,22,0,1,Rudy Gobert,2023-24
22023,203497,0022300680,"Jan 31, 2024",MIN vs. DAL,W,28,5,9,0.556,0,0,0.0,7,12,0.583,2,4,6,0,0,2,2,4,17,18,1,Rudy Gobert,2023-24
22023,203497,0022300664,"Jan 29, 2024",MIN @ OKC,W,36,6,6,1.0,0,0,0.0,0,1,0.0,4,14,18,1,1,1,3,0,12,11,1,Rudy Gobert,2023-24
22023,203497,0022300649,"Jan 27, 2024",MIN @ SAS,L,37,8,9,0.889,0,0,0.0,3,4,0.75,2,5,7,1,1,1,1,4,19,-4,1,Rudy Gobert,2023-24
22023,203497,0022300629,"Jan 25, 2024",MIN @ BKN,W,33,4,9,0.444,0,0,0.0,2,2,1.0,1,12,13,1,1,2,1,3,10,3,1,Rudy Gobert,2023-24
22023,203497,0022300620,"Jan 24, 2024",MIN @ WAS,W,35,7,11,0.636,0,0,0.0,5,6,0.833,7,9,16,1,0,4,0,4,19,9,1,Rudy Gobert,2023-24
22023,203497,0022300610,"Jan 22, 2024",MIN vs. CHA,L,39,6,6,1.0,0,0,0.0,1,2,0.5,2,9,11,1,0,0,0,3,13,-10,1,Rudy Gobert,2023-24
22023,203497,0022300599,"Jan 20, 2024",MIN vs. OKC,L,33,1,6,0.167,0,0,0.0,5,8,0.625,4,14,18,2,0,0,2,4,7,-4,1,Rudy Gobert,2023-24
22023,203497,0022300582,"Jan 18, 2024",MIN vs. MEM,W,39,5,10,0.5,0,1,0.0,7,10,0.7,3,7,10,4,0,6,3,3,17,20,1,Rudy Gobert,2023-24
22023,203497,0022300569,"Jan 17, 2024",MIN @ DET,W,38,8,11,0.727,0,0,0.0,3,4,0.75,5,11,16,2,0,1,1,4,19,12,1,Rudy Gobert,2023-24
22023,203497,0022300553,"Jan 14, 2024",MIN vs. LAC,W,37,4,5,0.8,0,0,0.0,7,14,0.5,3,15,18,0,0,4,1,4,15,-1,1,Rudy Gobert,2023-24
22023,203497,0022300538,"Jan 12, 2024",MIN vs. POR,W,28,9,11,0.818,0,0,0.0,6,8,0.75,5,12,17,0,0,2,1,2,24,33,1,Rudy Gobert,2023-24
22023,203497,0022300513,"Jan 09, 2024",MIN @ ORL,W,34,8,10,0.8,0,0,0.0,5,6,0.833,1,11,12,1,1,3,2,3,21,13,1,Rudy Gobert,2023-24
22023,203497,0022300501,"Jan 07, 2024",MIN @ DAL,L,34,4,9,0.444,0,0,0.0,1,4,0.25,6,11,17,1,1,0,5,4,9,1,1,Rudy Gobert,2023-24
22023,203497,0022300485,"Jan 05, 2024",MIN @ HOU,W,33,6,7,0.857,0,0,0.0,1,3,0.333,3,9,12,1,2,2,1,2,13,22,1,Rudy Gobert,2023-24
22023,203497,0022300471,"Jan 03, 2024",MIN vs. NOP,L,24,2,3,0.667,0,0,0.0,1,2,0.5,1,4,5,0,0,1,1,4,5,-16,1,Rudy Gobert,2023-24
22023,203497,0022300451,"Jan 01, 2024",MIN @ NYK,L,38,3,8,0.375,0,0,0.0,4,6,0.667,2,13,15,1,0,0,1,2,10,-11,1,Rudy Gobert,2023-24
22023,203497,0022300443,"Dec 30, 2023",MIN vs. LAL,W,38,6,7,0.857,0,0,0.0,1,1,1.0,4,9,13,0,2,1,4,3,13,19,1,Rudy Gobert,2023-24
22023,203497,0022300423,"Dec 28, 2023",MIN vs. DAL,W,38,7,7,1.0,0,0,0.0,6,7,0.857,2,9,11,2,0,3,2,2,20,3,1,Rudy Gobert,2023-24
22023,203497,0022300411,"Dec 26, 2023",MIN @ OKC,L,29,2,6,0.333,0,1,0.0,6,8,0.75,0,5,5,0,0,0,1,1,10,-14,1,Rudy Gobert,2023-24
22023,203497,0022300400,"Dec 23, 2023",MIN @ SAC,W,39,10,13,0.769,0,0,0.0,1,2,0.5,6,11,17,1,0,2,1,3,21,27,1,Rudy Gobert,2023-24
22023,203497,0022300380,"Dec 21, 2023",MIN vs. LAL,W,37,6,11,0.545,0,0,0.0,3,6,0.5,5,8,13,3,1,3,2,3,15,-1,1,Rudy Gobert,2023-24
22023,203497,0022300367,"Dec 20, 2023",MIN @ PHI,L,24,3,4,0.75,0,0,0.0,2,2,1.0,2,7,9,1,2,0,0,4,8,6,1,Rudy Gobert,2023-24
22023,203497,0022300353,"Dec 18, 2023",MIN @ MIA,W,35,3,8,0.375,0,0,0.0,3,4,0.75,3,13,16,2,2,2,1,2,9,4,1,Rudy Gobert,2023-24
22023,203497,0022300338,"Dec 16, 2023",MIN vs. IND,W,25,2,3,0.667,0,0,0.0,1,4,0.25,2,5,7,1,1,1,2,1,5,3,1,Rudy Gobert,2023-24
22023,203497,0022300321,"Dec 14, 2023",MIN @ DAL,W,30,3,4,0.75,0,0,0.0,2,6,0.333,2,10,12,5,3,1,2,4,8,11,1,Rudy Gobert,2023-24
22023,203497,0022300301,"Dec 11, 2023",MIN @ NOP,L,25,4,8,0.5,0,0,0.0,0,0,0.0,2,6,8,0,0,2,2,4,8,-20,1,Rudy Gobert,2023-24
22023,203497,0022301221,"Dec 08, 2023",MIN @ MEM,W,36,6,9,0.667,0,0,0.0,4,4,1.0,9,11,20,1,1,6,2,4,16,25,1,Rudy Gobert,2023-24
22023,203497,0022301210,"Dec 06, 2023",MIN vs. SAS,W,30,7,8,0.875,0,0,0.0,2,2,1.0,5,15,20,2,0,2,1,3,16,31,1,Rudy Gobert,2023-24
22023,203497,0022300281,"Dec 02, 2023",MIN @ CHA,W,39,10,12,0.833,0,0,0.0,6,9,0.667,2,10,12,0,0,3,1,1,26,10,1,Rudy Gobert,2023-24
22023,203497,0022300270,"Nov 30, 2023",MIN vs. UTA,W,37,6,11,0.545,0,0,0.0,3,4,0.75,3,10,13,0,0,3,0,4,15,15,1,Rudy Gobert,2023-24
22023,203497,0022300058,"Nov 28, 2023",MIN vs. OKC,W,36,6,10,0.6,0,0,0.0,5,6,0.833,6,10,16,0,1,4,1,1,17,-1,1,Rudy Gobert,2023-24
22023,203497,0022300249,"Nov 26, 2023",MIN @ MEM,W,25,5,7,0.714,0,0,0.0,3,4,0.75,1,3,4,0,0,2,2,5,13,16,1,Rudy Gobert,2023-24
22023,203497,0022300050,"Nov 24, 2023",MIN vs. SAC,L,36,5,8,0.625,0,0,0.0,2,2,1.0,3,8,11,0,0,2,3,5,12,4,1,Rudy Gobert,2023-24
22023,203497,0022300232,"Nov 22, 2023",MIN vs. PHI,W,31,6,8,0.75,0,0,0.0,1,2,0.5,3,8,11,3,0,3,2,3,13,1,1,Rudy Gobert,2023-24
22023,203497,0022300221,"Nov 20, 2023",MIN vs. NYK,W,26,7,7,1.0,0,0,0.0,2,7,0.286,3,4,7,1,0,2,1,2,16,16,1,Rudy Gobert,2023-24
22023,203497,0022300203,"Nov 18, 2023",MIN @ NOP,W,34,5,7,0.714,0,0,0.0,7,10,0.7,2,9,11,1,2,1,1,2,17,-7,1,Rudy Gobert,2023-24
22023,203497,0022300197,"Nov 15, 2023",MIN @ PHX,L,25,2,5,0.4,0,0,0.0,0,0,0.0,4,4,8,2,1,2,2,2,4,-25,1,Rudy Gobert,2023-24
22023,203497,0022300025,"Nov 14, 2023",MIN @ GSW,W,35,2,8,0.25,0,0,0.0,5,6,0.833,6,7,13,2,0,3,2,4,9,8,1,Rudy Gobert,2023-24
22023,203497,0022300186,"Nov 12, 2023",MIN @ GSW,W,35,4,7,0.571,0,0,0.0,2,8,0.25,4,6,10,3,1,5,2,3,10,-1,1,Rudy Gobert,2023-24
22023,203497,0022300013,"Nov 10, 2023",MIN @ SAS,W,34,5,10,0.5,0,0,0.0,1,1,1.0,4,6,10,1,1,0,1,3,11,1,1,Rudy Gobert,2023-24
22023,203497,0022300166,"Nov 08, 2023",MIN vs. NOP,W,32,4,5,0.8,0,0,0.0,9,12,0.75,5,16,21,1,0,2,4,2,17,24,1,Rudy Gobert,2023-24
22023,203497,0022300154,"Nov 06, 2023",MIN vs. BOS,W,41,6,6,1.0,0,0,0.0,2,11,0.182,2,10,12,1,0,1,2,4,14,24,1,Rudy Gobert,2023-24
22023,203497,0022300138,"Nov 04, 2023",MIN vs. UTA,W,29,5,10,0.5,0,0,0.0,1,2,0.5,4,6,10,1,0,4,1,3,11,10,1,Rudy Gobert,2023-24
22023,203497,0022300123,"Nov 01, 2023",MIN vs. DEN,W,32,0,7,0.0,0,0,0.0,4,4,1.0,2,10,12,1,1,2,1,3,4,15,1,Rudy Gobert,2023-24
22023,203497,0022300104,"Oct 30, 2023",MIN @ ATL,L,31,3,7,0.429,0,0,0.0,8,11,0.727,6,7,13,1,1,2,0,2,14,-13,1,Rudy Gobert,2023-24
22023,203497,0022300093,"Oct 28, 2023",MIN vs. MIA,W,31,7,9,0.778,0,0,0.0,0,0,0.0,4,10,14,1,1,0,2,1,14,14,1,Rudy Gobert,2023-24
22023,203497,0022300069,"Oct 25, 2023",MIN @ TOR,L,32,6,12,0.5,0,0,0.0,3,5,0.6,5,8,13,1,2,4,2,3,15,-11,1,Rudy Gobert,2023-24
22024,203497,0022401195,"Apr 13, 2025",MIN vs. UTA,W,38,8,16,0.5,0,0,0.0,3,5,0.6,8,10,18,0,1,4,0,2,19,6,1,Rudy Gobert,2024-25
22024,203497,0022401179,"Apr 11, 2025",MIN vs. BKN,W,33,13,17,0.765,0,0,0.0,9,14,0.643,3,8,11,1,0,1,0,3,35,16,1,Rudy Gobert,2024-25
22024,203497,0022401170,"Apr 10, 2025",MIN @ MEM,W,36,5,5,1.0,0,0,0.0,3,4,0.75,0,8,8,4,0,0,1,3,13,17,1,Rudy Gobert,2024-25
22024,203497,0022401152,"Apr 08, 2025",MIN @ MIL,L,34,3,4,0.75,0,0,0.0,0,0,0.0,2,7,9,2,1,0,1,4,6,-5,1,Rudy Gobert,2024-25
22024,203497,0022401130,"Apr 05, 2025",MIN @ PHI,W,36,10,11,0.909,0,0,0.0,3,4,0.75,8,11,19,2,2,3,1,3,23,10,1,Rudy Gobert,2024-25
22024,203497,0022401113,"Apr 03, 2025",MIN @ BKN,W,36,9,10,0.9,0,0,0.0,3,6,0.5,4,14,18,1,0,2,0,2,21,14,1,Rudy Gobert,2024-25
22024,203497,0022401102,"Apr 01, 2025",MIN @ DEN,W,40,7,11,0.636,0,0,0.0,5,9,0.556,6,6,12,1,1,0,0,6,19,-10,1,Rudy Gobert,2024-25
22024,203497,0022401084,"Mar 30, 2025",MIN vs. DET,W,38,8,16,0.5,0,0,0.0,3,4,0.75,10,15,25,0,0,1,1,3,19,18,1,Rudy Gobert,2024-25
22024,203497,0022401071,"Mar 28, 2025",MIN vs. PHX,W,38,8,9,0.889,0,0,0.0,1,2,0.5,5,8,13,1,4,1,4,5,17,20,1,Rudy Gobert,2024-25
22024,203497,0022401037,"Mar 24, 2025",MIN @ IND,L,35,8,12,0.667,0,0,0.0,0,0,0.0,5,11,16,3,0,0,2,0,16,-3,1,Rudy Gobert,2024-25
22024,203497,0022401016,"Mar 21, 2025",MIN vs. NOP,W,30,4,5,0.8,0,0,0.0,7,8,0.875,2,9,11,3,3,0,1,4,15,34,1,Rudy Gobert,2024-25
22024,203497,0022401001,"Mar 19, 2025",MIN vs. NOP,L,31,3,4,0.75,0,0,0.0,4,6,0.667,2,7,9,1,0,1,0,4,10,4,1,Rudy Gobert,2024-25
22024,203497,0022400986,"Mar 17, 2025",MIN vs. IND,L,22,1,2,0.5,0,0,0.0,1,2,0.5,3,4,7,1,0,3,0,1,3,0,1,Rudy Gobert,2024-25
22024,203497,0022400981,"Mar 16, 2025",MIN vs. UTA,W,26,3,5,0.6,0,0,0.0,1,2,0.5,3,3,6,0,2,2,1,1,7,26,1,Rudy Gobert,2024-25
22024,203497,0022400963,"Mar 14, 2025",MIN vs. ORL,W,35,5,7,0.714,0,0,0.0,2,4,0.5,4,8,12,1,2,0,1,2,12,16,1,Rudy Gobert,2024-25
22024,203497,0022400952,"Mar 12, 2025",MIN @ DEN,W,30,4,8,0.5,0,0,0.0,3,4,0.75,3,7,10,3,0,1,0,3,11,16,1,Rudy Gobert,2024-25
22024,203497,0022400925,"Mar 09, 2025",MIN vs. SAS,W,20,7,8,0.875,0,0,0.0,2,2,1.0,3,5,8,2,2,0,1,4,16,18,1,Rudy Gobert,2024-25
22024,203497,0022400776,"Feb 12, 2025",MIN vs. MIL,L,38,10,14,0.714,0,0,0.0,0,0,0.0,6,8,14,4,1,1,2,5,20,-13,1,Rudy Gobert,2024-25
22024,203497,0022400755,"Feb 10, 2025",MIN @ CLE,L,27,4,6,0.667,0,0,0.0,4,5,0.8,6,2,8,1,0,2,2,0,12,-6,1,Rudy Gobert,2024-25
22024,203497,0022400747,"Feb 08, 2025",MIN vs. POR,W,37,4,6,0.667,0,0,0.0,7,10,0.7,3,8,11,1,0,1,1,2,15,20,1,Rudy Gobert,2024-25
22024,203497,0022400729,"Feb 06, 2025",MIN vs. HOU,W,34,5,8,0.625,0,0,0.0,3,4,0.75,3,7,10,0,0,1,2,4,13,2,1,Rudy Gobert,2024-25
22024,203497,0022400723,"Feb 05, 2025",MIN vs. CHI,W,31,4,7,0.571,0,0,0.0,2,6,0.333,9,6,15,1,3,3,1,1,10,17,1,Rudy Gobert,2024-25
22024,203497,0022400704,"Feb 03, 2025",MIN vs. SAC,L,40,8,9,0.889,0,0,0.0,3,3,1.0,7,6,13,3,1,2,0,2,19,-4,1,Rudy Gobert,2024-25
22024,203497,0022400690,"Feb 01, 2025",MIN vs. WAS,L,37,7,12,0.583,0,0,0.0,2,3,0.667,5,11,16,4,2,2,3,1,16,6,1,Rudy Gobert,2024-25
22024,203497,0022400677,"Jan 30, 2025",MIN @ UTA,W,34,6,8,0.75,0,0,0.0,4,6,0.667,3,6,9,5,0,4,1,0,16,7,1,Rudy Gobert,2024-25
22024,203497,0022400672,"Jan 29, 2025",MIN @ PHX,W,34,2,5,0.4,0,0,0.0,0,0,0.0,0,5,5,1,1,2,1,3,4,9,1,Rudy Gobert,2024-25
22024,203497,0022400656,"Jan 27, 2025",MIN vs. ATL,W,38,7,9,0.778,0,0,0.0,4,7,0.571,5,5,10,1,0,2,1,2,18,8,1,Rudy Gobert,2024-25
22024,203497,0022400634,"Jan 25, 2025",MIN vs. DEN,W,30,6,8,0.75,0,0,0.0,2,3,0.667,4,10,14,5,4,0,0,2,14,26,1,Rudy Gobert,2024-25
22024,203497,0022400614,"Jan 22, 2025",MIN @ DAL,W,30,3,4,0.75,0,0,0.0,8,8,1.0,1,5,6,2,0,3,1,1,14,-1,1,Rudy Gobert,2024-25
22024,203497,0022400601,"Jan 20, 2025",MIN @ MEM,L,25,1,5,0.2,0,0,0.0,2,2,1.0,2,2,4,2,2,1,3,4,4,-8,1,Rudy Gobert,2024-25
22024,203497,0022400590,"Jan 18, 2025",MIN vs. CLE,L,31,6,7,0.857,0,0,0.0,5,6,0.833,2,10,12,1,0,0,0,1,17,1,1,Rudy Gobert,2024-25
22024,203497,0022400578,"Jan 17, 2025",MIN @ NYK,W,34,5,6,0.833,0,0,0.0,1,2,0.5,1,5,6,1,0,2,1,2,11,9,1,Rudy Gobert,2024-25
22024,203497,0022400565,"Jan 15, 2025",MIN vs. GSW,L,29,2,2,1.0,0,0,0.0,3,5,0.6,2,8,10,1,0,2,1,2,7,-4,1,Rudy Gobert,2024-25
22024,203497,0022400548,"Jan 13, 2025",MIN @ WAS,W,33,5,6,0.833,0,0,0.0,1,2,0.5,5,6,11,2,1,1,0,1,11,11,1,Rudy Gobert,2024-25
22024,203497,0022400535,"Jan 11, 2025",MIN vs. MEM,L,29,6,6,1.0,0,0,0.0,0,2,0.0,2,2,4,4,0,1,0,3,12,3,1,Rudy Gobert,2024-25
22024,203497,0022400519,"Jan 09, 2025",MIN @ ORL,W,32,5,8,0.625,0,0,0.0,0,2,0.0,4,8,12,1,1,0,0,2,10,14,1,Rudy Gobert,2024-25
22024,203497,0022400505,"Jan 07, 2025",MIN @ NOP,W,35,3,4,0.75,0,0,0.0,1,2,0.5,2,12,14,4,0,6,2,4,7,-6,1,Rudy Gobert,2024-25
22024,203497,0022400500,"Jan 06, 2025",MIN vs. LAC,W,38,3,8,0.375,0,0,0.0,2,5,0.4,8,10,18,2,0,1,2,3,8,8,1,Rudy Gobert,2024-25
22024,203497,0022400479,"Jan 04, 2025",MIN @ DET,L,30,3,6,0.5,0,0,0.0,0,2,0.0,2,4,6,0,0,2,3,2,6,-2,1,Rudy Gobert,2024-25
22024,203497,0022400464,"Jan 02, 2025",MIN vs. BOS,L,28,3,5,0.6,0,0,0.0,0,0,0.0,3,4,7,0,0,0,0,1,6,-6,1,Rudy Gobert,2024-25
22024,203497,0022400452,"Dec 31, 2024",MIN @ OKC,L,31,3,6,0.5,0,0,0.0,2,2,1.0,2,5,7,1,0,2,1,2,8,3,1,Rudy Gobert,2024-25
22024,203497,0022400441,"Dec 29, 2024",MIN vs. SAS,W,31,6,12,0.5,0,0,0.0,5,6,0.833,11,4,15,2,0,2,1,4,17,-1,1,Rudy Gobert,2024-25
22024,203497,0022400422,"Dec 27, 2024",MIN @ HOU,W,29,3,5,0.6,0,0,0.0,1,6,0.167,5,4,9,0,0,2,0,2,7,-18,1,Rudy Gobert,2024-25
22024,203497,0022400406,"Dec 25, 2024",MIN @ DAL,W,39,6,7,0.857,0,0,0.0,2,2,1.0,2,8,10,0,1,2,1,3,14,8,1,Rudy Gobert,2024-25
22024,203497,0022400395,"Dec 23, 2024",MIN @ ATL,L,28,1,4,0.25,0,0,0.0,0,0,0.0,2,4,6,0,0,1,3,1,2,-16,1,Rudy Gobert,2024-25
22024,203497,0022400383,"Dec 21, 2024",MIN vs. GSW,L,37,7,8,0.875,0,0,0.0,4,7,0.571,2,10,12,2,1,1,1,0,18,-3,1,Rudy Gobert,2024-25
22024,203497,0022400367,"Dec 19, 2024",MIN vs. NYK,L,22,1,1,1.0,0,0,0.0,1,4,0.25,1,3,4,0,2,0,0,2,3,-37,1,Rudy Gobert,2024-25
22024,203497,0022401218,"Dec 15, 2024",MIN @ SAS,W,35,5,11,0.455,0,0,0.0,0,1,0.0,4,5,9,2,1,1,2,2,10,8,1,Rudy Gobert,2024-25
22024,203497,0022401210,"Dec 13, 2024",MIN vs. LAL,W,38,5,8,0.625,0,0,0.0,2,4,0.5,5,8,13,2,1,1,0,1,12,3,1,Rudy Gobert,2024-25
22024,203497,0022400355,"Dec 08, 2024",MIN @ GSW,L,38,1,3,0.333,0,0,0.0,2,4,0.5,1,8,9,1,1,3,2,3,4,-12,1,Rudy Gobert,2024-25
22024,203497,0022400338,"Dec 06, 2024",MIN @ GSW,W,35,6,10,0.6,0,0,0.0,5,5,1.0,2,9,11,1,1,0,3,3,17,19,1,Rudy Gobert,2024-25
22024,203497,0022400324,"Dec 04, 2024",MIN @ LAC,W,29,3,4,0.75,0,0,0.0,2,2,1.0,1,8,9,7,5,1,0,2,8,21,1,Rudy Gobert,2024-25
22024,203497,0022400318,"Dec 02, 2024",MIN vs. LAL,W,32,7,8,0.875,0,0,0.0,3,4,0.75,6,6,12,0,1,0,2,3,17,17,1,Rudy Gobert,2024-25
22024,203497,0022400044,"Nov 29, 2024",MIN vs. LAC,W,43,3,7,0.429,0,0,0.0,2,4,0.5,4,8,12,3,1,1,3,3,8,9,1,Rudy Gobert,2024-25
22024,203497,0022400294,"Nov 27, 2024",MIN vs. SAC,L,37,2,2,1.0,0,0,0.0,5,6,0.833,2,5,7,3,0,4,0,3,9,-9,1,Rudy Gobert,2024-25
22024,203497,0022400037,"Nov 26, 2024",MIN vs. HOU,L,44,2,3,0.667,0,0,0.0,1,2,0.5,3,13,16,2,0,1,1,5,5,4,1,Rudy Gobert,2024-25
22024,203497,0022400271,"Nov 24, 2024",MIN @ BOS,L,34,4,5,0.8,0,0,0.0,2,2,1.0,8,12,20,0,0,0,0,2,10,-4,1,Rudy Gobert,2024-25
22024,203497,0022400261,"Nov 21, 2024",MIN @ TOR,L,36,4,5,0.8,0,0,0.0,5,6,0.833,4,7,11,2,1,2,3,3,13,0,1,Rudy Gobert,2024-25
22024,203497,0022400234,"Nov 17, 2024",MIN vs. PHX,W,37,4,8,0.5,0,0,0.0,3,4,0.75,4,6,10,2,0,4,3,2,11,4,1,Rudy Gobert,2024-25
22024,203497,0022400020,"Nov 15, 2024",MIN @ SAC,W,41,5,7,0.714,0,0,0.0,1,1,1.0,3,8,11,2,0,3,1,2,11,11,1,Rudy Gobert,2024-25
22024,203497,0022400226,"Nov 13, 2024",MIN @ POR,L,34,4,8,0.5,0,0,0.0,4,5,0.8,7,3,10,0,0,0,1,3,12,-8,1,Rudy Gobert,2024-25
22024,203497,0022400008,"Nov 12, 2024",MIN @ POR,L,33,2,3,0.667,0,0,0.0,5,6,0.833,0,8,8,4,1,1,4,2,9,-7,1,Rudy Gobert,2024-25
22024,203497,0022400206,"Nov 10, 2024",MIN vs. MIA,L,33,2,4,0.5,0,0,0.0,3,3,1.0,6,7,13,1,1,2,2,1,7,-4,1,Rudy Gobert,2024-25
22024,203497,0022400193,"Nov 08, 2024",MIN vs. POR,W,23,4,5,0.8,0,0,0.0,0,0,0.0,4,11,15,2,0,3,2,5,8,18,1,Rudy Gobert,2024-25
22024,203497,0022400181,"Nov 07, 2024",MIN @ CHI,W,32,9,11,0.818,0,0,0.0,3,3,1.0,3,6,9,3,0,1,2,4,21,23,1,Rudy Gobert,2024-25
22024,203497,0022400162,"Nov 04, 2024",MIN vs. CHA,W,30,4,5,0.8,0,0,0.0,0,0,0.0,2,6,8,4,0,1,1,2,8,15,1,Rudy Gobert,2024-25
22024,203497,0022400146,"Nov 02, 2024",MIN @ SAS,L,23,3,8,0.375,0,0,0.0,4,4,1.0,1,2,3,1,0,0,0,2,10,-8,1,Rudy Gobert,2024-25
22024,203497,0022400139,"Nov 01, 2024",MIN vs. DEN,W,36,7,10,0.7,0,0,0.0,3,4,0.75,4,10,14,3,1,2,2,3,17,7,1,Rudy Gobert,2024-25
22024,203497,0022400114,"Oct 29, 2024",MIN vs. DAL,L,31,2,5,0.4,0,0,0.0,3,5,0.6,4,4,8,1,0,0,2,3,7,-8,1,Rudy Gobert,2024-25
22024,203497,0022400093,"Oct 26, 2024",MIN vs. TOR,W,39,6,8,0.75,0,0,0.0,3,4,0.75,2,10,12,1,1,4,1,3,15,20,1,Rudy Gobert,2024-25
22024,203497,0022400076,"Oct 24, 2024",MIN @ SAC,W,35,1,2,0.5,0,0,0.0,1,2,0.5,1,10,11,1,2,0,3,4,3,-6,1,Rudy Gobert,2024-25
22024,203497,0022400062,"Oct 22, 2024",MIN @ LAL,L,35,5,8,0.625,0,0,0.0,3,4,0.75,3,11,14,2,0,1,1,4,13,-10,1,Rudy Gobert,2024-25
22022,203944,0022201138,"Mar 29, 2023",NYK vs. MIA,W,15,1,5,0.2,0,2,0.0,1,2,0.5,2,3,5,1,0,0,2,1,3,-3,1,Julius Randle,2022-23
22022,203944,0022201124,"Mar 27, 2023",NYK vs. HOU,W,28,10,19,0.526,3,8,0.375,3,3,1.0,0,4,4,3,1,0,1,0,26,11,1,Julius Randle,2022-23
22022,203944,0022201093,"Mar 23, 2023",NYK @ ORL,L,36,7,20,0.35,2,9,0.222,7,10,0.7,0,9,9,4,0,2,1,4,23,20,1,Julius Randle,2022-23
22022,203944,0022201084,"Mar 22, 2023",NYK @ MIA,L,36,7,16,0.438,1,5,0.2,0,1,0.0,0,6,6,9,1,0,4,5,15,-6,1,Julius Randle,2022-23
22022,203944,0022201073,"Mar 20, 2023",NYK vs. MIN,L,37,19,29,0.655,8,14,0.571,11,13,0.846,0,4,4,1,0,0,4,4,57,-6,1,Julius Randle,2022-23
22022,203944,0022201055,"Mar 18, 2023",NYK vs. DEN,W,36,6,15,0.4,1,6,0.167,7,7,1.0,0,7,7,4,1,0,3,2,20,5,1,Julius Randle,2022-23
22022,203944,0022201034,"Mar 14, 2023",NYK @ POR,W,34,8,20,0.4,0,5,0.0,8,10,0.8,1,9,10,4,0,0,2,3,24,8,1,Julius Randle,2022-23
22022,203944,0022201019,"Mar 12, 2023",NYK @ LAL,W,36,11,24,0.458,3,12,0.25,8,11,0.727,1,7,8,5,1,0,3,2,33,-1,1,Julius Randle,2022-23
22022,203944,0022201004,"Mar 11, 2023",NYK @ LAC,L,35,5,24,0.208,3,10,0.3,6,8,0.75,1,7,8,3,0,0,2,5,19,-8,1,Julius Randle,2022-23
22022,203944,0022200997,"Mar 09, 2023",NYK @ SAC,L,36,8,22,0.364,2,12,0.167,5,9,0.556,1,9,10,5,2,0,4,5,23,-4,1,Julius Randle,2022-23
22022,203944,0022200979,"Mar 07, 2023",NYK vs. CHA,L,35,5,17,0.294,2,9,0.222,4,6,0.667,1,7,8,3,0,0,2,4,16,-20,1,Julius Randle,2022-23
22022,203944,0022200969,"Mar 05, 2023",NYK @ BOS,W,47,11,22,0.5,5,13,0.385,4,4,1.0,2,7,9,4,1,0,7,5,31,-8,1,Julius Randle,2022-23
22022,203944,0022200949,"Mar 03, 2023",NYK @ MIA,W,36,16,25,0.64,8,13,0.615,3,4,0.75,0,9,9,3,0,1,3,2,43,1,1,Julius Randle,2022-23
22022,203944,0022200937,"Mar 01, 2023",NYK vs. BKN,W,35,7,15,0.467,4,8,0.5,3,5,0.6,0,8,8,8,0,0,4,3,21,27,1,Julius Randle,2022-23
22022,203944,0022200921,"Feb 27, 2023",NYK vs. BOS,W,36,7,16,0.438,3,9,0.333,6,9,0.667,1,6,7,4,0,0,1,2,23,8,1,Julius Randle,2022-23
22022,203944,0022200906,"Feb 25, 2023",NYK vs. NOP,W,33,11,20,0.55,5,10,0.5,1,1,1.0,1,6,7,5,0,0,2,1,28,26,1,Julius Randle,2022-23
22022,203944,0022200895,"Feb 24, 2023",NYK @ WAS,W,36,16,29,0.552,7,14,0.5,7,7,1.0,0,2,2,2,2,0,1,1,46,8,1,Julius Randle,2022-23
22022,203944,0022200876,"Feb 15, 2023",NYK @ ATL,W,35,9,19,0.474,3,8,0.375,4,5,0.8,3,8,11,2,0,0,3,4,25,20,1,Julius Randle,2022-23
22022,203944,0022200862,"Feb 13, 2023",NYK vs. BKN,W,32,7,17,0.412,1,6,0.167,3,3,1.0,0,10,10,4,1,1,1,1,18,14,1,Julius Randle,2022-23
22022,203944,0022200851,"Feb 11, 2023",NYK vs. UTA,W,39,12,26,0.462,3,11,0.273,4,5,0.8,1,5,6,2,0,0,1,2,31,4,1,Julius Randle,2022-23
22022,203944,0022200837,"Feb 10, 2023",NYK @ PHI,L,37,11,20,0.55,5,11,0.455,3,3,1.0,0,10,10,3,0,0,3,1,30,-6,1,Julius Randle,2022-23
22022,203944,0022200816,"Feb 07, 2023",NYK @ ORL,W,34,7,15,0.467,4,10,0.4,4,6,0.667,1,13,14,6,0,0,4,2,22,9,1,Julius Randle,2022-23
22022,203944,0022200804,"Feb 05, 2023",NYK vs. PHI,W,34,8,19,0.421,1,8,0.125,7,8,0.875,4,5,9,7,0,0,3,2,24,-6,1,Julius Randle,2022-23
22022,203944,0022200795,"Feb 04, 2023",NYK vs. LAC,L,41,10,18,0.556,2,6,0.333,6,8,0.75,0,11,11,7,1,0,5,5,28,-11,1,Julius Randle,2022-23
22022,203944,0022200780,"Feb 02, 2023",NYK vs. MIA,W,34,8,19,0.421,3,9,0.333,4,5,0.8,1,9,10,6,3,0,7,4,23,14,1,Julius Randle,2022-23
22022,203944,0022200765,"Jan 31, 2023",NYK vs. LAL,L,43,6,19,0.316,2,9,0.222,9,11,0.818,2,10,12,5,0,0,4,4,23,-9,1,Julius Randle,2022-23
22022,203944,0022200742,"Jan 28, 2023",NYK @ BKN,L,38,7,16,0.438,1,6,0.167,4,6,0.667,2,8,10,8,1,0,3,2,19,6,1,Julius Randle,2022-23
22022,203944,0022200730,"Jan 26, 2023",NYK @ BOS,W,37,13,25,0.52,5,13,0.385,6,7,0.857,1,8,9,2,0,0,2,5,37,-16,1,Julius Randle,2022-23
22022,203944,0022200715,"Jan 24, 2023",NYK vs. CLE,W,38,11,21,0.524,8,12,0.667,6,7,0.857,4,9,13,4,0,0,5,3,36,-10,1,Julius Randle,2022-23
22022,203944,0022200700,"Jan 22, 2023",NYK @ TOR,L,37,8,14,0.571,2,6,0.333,5,8,0.625,5,14,19,8,0,0,4,5,23,-4,1,Julius Randle,2022-23
22022,203944,0022200684,"Jan 20, 2023",NYK @ ATL,L,33,11,22,0.5,3,10,0.3,7,9,0.778,1,8,9,6,0,0,3,1,32,-12,1,Julius Randle,2022-23
22022,203944,0022200669,"Jan 18, 2023",NYK vs. WAS,L,34,6,17,0.353,0,5,0.0,2,5,0.4,7,8,15,4,1,0,2,5,14,-11,1,Julius Randle,2022-23
22022,203944,0022200659,"Jan 16, 2023",NYK vs. TOR,L,42,7,20,0.35,1,6,0.167,6,9,0.667,3,12,15,8,1,0,3,3,21,1,1,Julius Randle,2022-23
22022,203944,0022200648,"Jan 15, 2023",NYK @ DET,W,40,15,24,0.625,4,7,0.571,8,8,1.0,3,12,15,4,0,1,1,4,42,14,1,Julius Randle,2022-23
22022,203944,0022200634,"Jan 13, 2023",NYK @ WAS,W,36,8,19,0.421,2,6,0.333,5,8,0.625,3,13,16,1,0,1,3,2,23,12,1,Julius Randle,2022-23
22022,203944,0022200622,"Jan 11, 2023",NYK vs. IND,W,39,5,12,0.417,2,7,0.286,2,4,0.5,3,13,16,4,0,1,6,2,14,9,1,Julius Randle,2022-23
22022,203944,0022200607,"Jan 09, 2023",NYK vs. MIL,L,40,9,29,0.31,1,12,0.083,6,7,0.857,7,9,16,5,2,0,3,3,25,2,1,Julius Randle,2022-23
22022,203944,0022200582,"Jan 06, 2023",NYK @ TOR,W,40,10,22,0.455,6,11,0.545,6,9,0.667,1,10,11,3,0,0,3,3,32,2,1,Julius Randle,2022-23
22022,203944,0022200568,"Jan 04, 2023",NYK vs. SAS,W,41,9,26,0.346,1,8,0.125,6,11,0.545,2,11,13,3,3,4,5,4,25,9,1,Julius Randle,2022-23
22022,203944,0022200550,"Jan 02, 2023",NYK vs. PHX,W,40,7,18,0.389,4,12,0.333,10,12,0.833,0,16,16,6,1,0,1,3,28,12,1,Julius Randle,2022-23
22022,203944,0022200541,"Dec 31, 2022",NYK @ HOU,W,39,9,20,0.45,5,13,0.385,12,16,0.75,4,8,12,6,0,1,1,3,35,25,1,Julius Randle,2022-23
22022,203944,0022200527,"Dec 29, 2022",NYK @ SAS,L,43,14,27,0.519,6,13,0.462,7,11,0.636,3,8,11,7,1,0,4,3,41,-2,1,Julius Randle,2022-23
22022,203944,0022200512,"Dec 27, 2022",NYK @ DAL,L,45,11,23,0.478,5,11,0.455,2,4,0.5,2,16,18,4,0,0,2,5,29,2,1,Julius Randle,2022-23
22022,203944,0022200493,"Dec 25, 2022",NYK vs. PHI,L,40,12,24,0.5,4,9,0.444,7,7,1.0,1,7,8,4,2,1,1,1,35,5,1,Julius Randle,2022-23
22022,203944,0022200485,"Dec 23, 2022",NYK vs. CHI,L,38,11,22,0.5,5,10,0.5,2,5,0.4,2,10,12,3,1,2,1,2,29,-9,1,Julius Randle,2022-23
22022,203944,0022200471,"Dec 21, 2022",NYK vs. TOR,L,40,13,17,0.765,0,3,0.0,4,9,0.444,2,11,13,4,0,0,2,5,30,7,1,Julius Randle,2022-23
22022,203944,0022200463,"Dec 20, 2022",NYK vs. GSW,W,30,5,12,0.417,1,6,0.167,4,7,0.571,2,10,12,5,0,0,3,2,15,17,1,Julius Randle,2022-23
22022,203944,0022200446,"Dec 18, 2022",NYK @ IND,W,39,7,17,0.412,2,8,0.25,9,12,0.75,3,11,14,3,0,0,3,4,25,5,1,Julius Randle,2022-23
22022,203944,0022200434,"Dec 16, 2022",NYK @ CHI,W,36,6,16,0.375,2,8,0.25,5,7,0.714,2,10,12,4,3,1,2,1,19,21,1,Julius Randle,2022-23
22022,203944,0022200418,"Dec 14, 2022",NYK @ CHI,W,46,8,19,0.421,3,7,0.429,12,15,0.8,1,12,13,7,0,0,6,2,31,1,1,Julius Randle,2022-23
22022,203944,0022200397,"Dec 11, 2022",NYK vs. SAC,W,27,9,20,0.45,3,11,0.273,6,6,1.0,1,7,8,3,0,0,2,3,27,12,1,Julius Randle,2022-23
22022,203944,0022200377,"Dec 09, 2022",NYK @ CHA,W,36,9,21,0.429,4,10,0.4,11,14,0.786,1,6,7,2,1,1,2,3,33,17,1,Julius Randle,2022-23
22022,203944,0022200365,"Dec 07, 2022",NYK vs. ATL,W,33,10,19,0.526,6,12,0.5,8,8,1.0,1,16,17,5,1,0,0,3,34,29,1,Julius Randle,2022-23
22022,203944,0022200348,"Dec 04, 2022",NYK vs. CLE,W,35,7,19,0.368,1,7,0.143,3,3,1.0,1,8,9,4,0,0,1,0,18,0,1,Julius Randle,2022-23
22022,203944,0022200337,"Dec 03, 2022",NYK vs. DAL,L,30,8,15,0.533,3,8,0.375,5,5,1.0,1,4,5,3,0,0,3,2,24,-11,1,Julius Randle,2022-23
22022,203944,0022200316,"Nov 30, 2022",NYK vs. MIL,L,39,8,24,0.333,1,8,0.125,1,1,1.0,3,5,8,5,0,0,1,3,18,-7,1,Julius Randle,2022-23
22022,203944,0022200309,"Nov 29, 2022",NYK @ DET,W,31,14,24,0.583,6,13,0.462,2,4,0.5,1,6,7,5,1,0,3,3,36,36,1,Julius Randle,2022-23
22022,203944,0022200296,"Nov 27, 2022",NYK vs. MEM,L,35,4,9,0.444,1,5,0.2,5,6,0.833,2,8,10,9,0,0,1,4,14,-2,1,Julius Randle,2022-23
22022,203944,0022200274,"Nov 25, 2022",NYK vs. POR,L,39,8,19,0.421,3,8,0.375,4,4,1.0,0,6,6,3,3,0,2,4,23,-17,1,Julius Randle,2022-23
22022,203944,0022200254,"Nov 21, 2022",NYK @ OKC,W,33,9,16,0.563,2,6,0.333,5,6,0.833,1,10,11,1,0,0,2,5,25,8,1,Julius Randle,2022-23
22022,203944,0022200240,"Nov 20, 2022",NYK @ PHX,L,27,4,11,0.364,1,4,0.25,0,0,0.0,1,5,6,2,1,0,3,1,9,-6,1,Julius Randle,2022-23
22022,203944,0022200233,"Nov 18, 2022",NYK @ GSW,L,30,7,15,0.467,3,7,0.429,3,4,0.75,4,3,7,2,0,0,4,3,20,-17,1,Julius Randle,2022-23
22022,203944,0022200219,"Nov 16, 2022",NYK @ DEN,W,32,11,21,0.524,3,10,0.3,9,13,0.692,3,8,11,4,4,0,3,3,34,7,1,Julius Randle,2022-23
22022,203944,0022200208,"Nov 15, 2022",NYK @ UTA,W,31,5,11,0.455,2,6,0.333,3,3,1.0,1,4,5,1,0,1,4,2,15,-12,1,Julius Randle,2022-23
22022,203944,0022200192,"Nov 13, 2022",NYK vs. OKC,L,33,7,14,0.5,3,6,0.5,8,10,0.8,3,7,10,3,0,0,2,3,25,-10,1,Julius Randle,2022-23
22022,203944,0022200178,"Nov 11, 2022",NYK vs. DET,W,33,8,18,0.444,0,7,0.0,5,5,1.0,4,4,8,5,0,0,2,5,21,13,1,Julius Randle,2022-23
22022,203944,0022200164,"Nov 09, 2022",NYK @ BKN,L,31,7,15,0.467,4,8,0.5,6,9,0.667,1,10,11,3,0,0,4,1,24,-29,1,Julius Randle,2022-23
22022,203944,0022200153,"Nov 07, 2022",NYK @ MIN,W,33,9,16,0.563,8,13,0.615,5,6,0.833,2,6,8,3,0,0,5,5,31,4,1,Julius Randle,2022-23
22022,203944,0022200135,"Nov 05, 2022",NYK vs. BOS,L,40,10,19,0.526,3,7,0.429,6,6,1.0,5,4,9,2,0,0,3,3,29,-8,1,Julius Randle,2022-23
22022,203944,0022200122,"Nov 04, 2022",NYK @ PHI,W,37,6,13,0.462,1,5,0.2,4,5,0.8,3,7,10,5,0,1,6,1,17,7,1,Julius Randle,2022-23
22022,203944,0022200110,"Nov 02, 2022",NYK vs. ATL,L,30,4,12,0.333,0,4,0.0,6,9,0.667,2,4,6,2,0,1,4,2,14,-10,1,Julius Randle,2022-23
22022,203944,0022200090,"Oct 30, 2022",NYK @ CLE,L,33,5,13,0.385,0,3,0.0,5,10,0.5,0,9,9,7,2,0,4,5,15,-8,1,Julius Randle,2022-23
22022,203944,0022200075,"Oct 28, 2022",NYK @ MIL,L,31,3,10,0.3,0,2,0.0,8,9,0.889,4,8,12,2,1,0,3,4,14,-14,1,Julius Randle,2022-23
22022,203944,0022200058,"Oct 26, 2022",NYK vs. CHA,W,40,7,19,0.368,0,2,0.0,3,4,0.75,2,4,6,2,2,1,1,5,17,6,1,Julius Randle,2022-23
22022,203944,0022200046,"Oct 24, 2022",NYK vs. ORL,W,34,10,19,0.526,2,9,0.222,3,5,0.6,4,8,12,4,1,0,2,5,25,4,1,Julius Randle,2022-23
22022,203944,0022200023,"Oct 21, 2022",NYK vs. DET,W,25,5,12,0.417,2,3,0.667,3,4,0.75,1,5,6,0,0,0,0,2,15,-1,1,Julius Randle,2022-23
22022,203944,0022200009,"Oct 19, 2022",NYK @ MEM,L,35,9,16,0.563,2,6,0.333,4,5,0.8,2,9,11,6,2,0,3,6,24,7,1,Julius Randle,2022-23
22023,203944,0022300643,"Jan 27, 2024",NYK vs. MIA,W,32,6,14,0.429,3,4,0.75,4,4,1.0,3,6,9,3,0,0,4,2,19,3,1,Julius Randle,2023-24
22023,203944,0022300631,"Jan 25, 2024",NYK vs. DEN,W,30,7,15,0.467,1,5,0.2,2,2,1.0,3,4,7,8,1,0,2,2,17,25,1,Julius Randle,2023-24
22023,203944,0022300615,"Jan 23, 2024",NYK @ BKN,W,37,10,19,0.526,2,2,1.0,8,8,1.0,2,7,9,7,0,0,4,3,30,-3,1,Julius Randle,2023-24
22023,203944,0022300596,"Jan 20, 2024",NYK vs. TOR,W,32,7,13,0.538,3,7,0.429,1,2,0.5,7,9,16,10,0,0,7,3,18,16,1,Julius Randle,2023-24
22023,203944,0022300579,"Jan 18, 2024",NYK vs. WAS,W,39,8,17,0.471,3,8,0.375,2,4,0.5,1,7,8,5,0,0,5,2,21,1,1,Julius Randle,2023-24
22023,203944,0022300573,"Jan 17, 2024",NYK vs. HOU,W,34,11,19,0.579,4,8,0.5,5,6,0.833,2,6,8,4,0,1,4,4,31,15,1,Julius Randle,2023-24
22023,203944,0022300557,"Jan 15, 2024",NYK vs. ORL,L,38,5,18,0.278,2,9,0.222,3,5,0.6,1,5,6,5,0,0,0,3,15,2,1,Julius Randle,2023-24
22023,203944,0022300544,"Jan 13, 2024",NYK @ MEM,W,36,9,21,0.429,1,6,0.167,5,6,0.833,5,6,11,5,0,1,6,2,24,10,1,Julius Randle,2023-24
22023,203944,0022300530,"Jan 11, 2024",NYK @ DAL,L,37,12,23,0.522,2,7,0.286,6,7,0.857,1,5,6,5,2,0,4,3,32,-1,1,Julius Randle,2023-24
22023,203944,0022300514,"Jan 09, 2024",NYK vs. POR,W,32,7,17,0.412,2,4,0.5,4,4,1.0,0,7,7,8,0,1,2,1,20,31,1,Julius Randle,2023-24
22023,203944,0022300494,"Jan 06, 2024",NYK @ WAS,W,38,13,23,0.565,3,8,0.375,10,13,0.769,3,4,7,5,1,0,2,2,39,24,1,Julius Randle,2023-24
22023,203944,0022300483,"Jan 05, 2024",NYK @ PHI,W,30,1,11,0.091,0,3,0.0,6,6,1.0,0,7,7,5,1,1,4,3,8,13,1,Julius Randle,2023-24
22023,203944,0022300468,"Jan 03, 2024",NYK vs. CHI,W,39,13,23,0.565,3,7,0.429,6,7,0.857,0,6,6,4,2,1,3,3,35,13,1,Julius Randle,2023-24
22023,203944,0022300451,"Jan 01, 2024",NYK vs. MIN,W,36,14,24,0.583,2,6,0.333,9,13,0.692,3,6,9,0,0,0,6,5,39,2,1,Julius Randle,2023-24
22023,203944,0022300441,"Dec 30, 2023",NYK @ IND,L,39,9,22,0.409,1,5,0.2,9,13,0.692,6,6,12,4,0,0,5,1,28,-6,1,Julius Randle,2023-24
22023,203944,0022300429,"Dec 29, 2023",NYK @ ORL,L,36,16,25,0.64,0,4,0.0,6,8,0.75,3,9,12,6,0,1,5,5,38,0,1,Julius Randle,2023-24
22023,203944,0022300419,"Dec 27, 2023",NYK @ OKC,L,36,7,15,0.467,1,4,0.25,10,13,0.769,1,8,9,2,0,0,3,3,25,-12,1,Julius Randle,2023-24
22023,203944,0022300401,"Dec 25, 2023",NYK vs. MIL,W,41,8,17,0.471,2,5,0.4,6,6,1.0,1,8,9,2,1,0,4,3,24,6,1,Julius Randle,2023-24
22023,203944,0022300388,"Dec 23, 2023",NYK vs. MIL,L,34,8,17,0.471,0,2,0.0,10,10,1.0,1,7,8,1,1,0,3,3,26,-3,1,Julius Randle,2023-24
22023,203944,0022300368,"Dec 20, 2023",NYK @ BKN,W,34,9,20,0.45,0,4,0.0,8,9,0.889,2,5,7,4,0,0,1,3,26,27,1,Julius Randle,2023-24
22023,203944,0022300359,"Dec 18, 2023",NYK @ LAL,W,43,12,22,0.545,1,4,0.25,2,2,1.0,1,13,14,3,0,0,2,3,27,17,1,Julius Randle,2023-24
22023,203944,0022300343,"Dec 16, 2023",NYK @ LAC,L,31,8,17,0.471,0,3,0.0,6,6,1.0,2,2,4,3,0,0,3,3,22,-20,1,Julius Randle,2023-24
22023,203944,0022300333,"Dec 15, 2023",NYK @ PHX,W,35,10,16,0.625,1,3,0.333,2,2,1.0,1,7,8,6,0,1,5,4,23,4,1,Julius Randle,2023-24
22023,203944,0022300318,"Dec 13, 2023",NYK @ UTA,L,39,14,23,0.609,2,6,0.333,2,2,1.0,3,9,12,6,1,1,2,4,32,13,1,Julius Randle,2023-24
22023,203944,0022300297,"Dec 11, 2023",NYK vs. TOR,W,35,14,21,0.667,1,3,0.333,5,7,0.714,3,5,8,5,0,0,3,1,34,-1,1,Julius Randle,2023-24
22023,203944,0022301227,"Dec 08, 2023",NYK @ BOS,L,34,7,15,0.467,3,4,0.75,3,4,0.75,1,4,5,3,1,1,6,2,20,-18,1,Julius Randle,2023-24
22023,203944,0022301201,"Dec 05, 2023",NYK @ MIL,L,37,14,19,0.737,2,2,1.0,11,12,0.917,3,3,6,5,0,0,4,3,41,-21,1,Julius Randle,2023-24
22023,203944,0022300276,"Dec 01, 2023",NYK @ TOR,W,35,8,15,0.533,1,4,0.25,3,3,1.0,2,8,10,9,0,0,2,3,20,15,1,Julius Randle,2023-24
22023,203944,0022300268,"Nov 30, 2023",NYK vs. DET,W,38,12,21,0.571,2,5,0.4,3,6,0.5,2,8,10,8,0,1,3,3,29,11,1,Julius Randle,2023-24
22023,203944,0022300057,"Nov 28, 2023",NYK vs. CHA,W,34,8,15,0.533,2,7,0.286,7,8,0.875,4,16,20,5,2,0,4,2,25,27,1,Julius Randle,2023-24
22023,203944,0022300247,"Nov 26, 2023",NYK vs. PHX,L,36,10,21,0.476,1,4,0.25,7,8,0.875,3,2,5,2,0,0,2,2,28,-9,1,Julius Randle,2023-24
22023,203944,0022300045,"Nov 24, 2023",NYK vs. MIA,W,35,5,12,0.417,1,4,0.25,2,2,1.0,0,8,8,7,0,0,6,0,13,-8,1,Julius Randle,2023-24
22023,203944,0022300221,"Nov 20, 2023",NYK @ MIN,L,34,6,16,0.375,1,6,0.167,8,12,0.667,3,11,14,1,0,0,2,2,21,-12,1,Julius Randle,2023-24
22023,203944,0022300202,"Nov 18, 2023",NYK @ CHA,W,38,8,17,0.471,2,5,0.4,3,7,0.429,0,6,6,8,0,0,4,4,21,9,1,Julius Randle,2023-24
22023,203944,0022300028,"Nov 17, 2023",NYK @ WAS,W,35,9,18,0.5,1,5,0.2,3,6,0.5,1,6,7,8,1,2,6,3,22,15,1,Julius Randle,2023-24
22023,203944,0022300193,"Nov 15, 2023",NYK @ ATL,W,39,12,24,0.5,3,5,0.6,2,2,1.0,2,8,10,8,1,0,1,4,29,12,1,Julius Randle,2023-24
22023,203944,0022300188,"Nov 13, 2023",NYK @ BOS,L,38,7,19,0.368,2,8,0.25,9,11,0.818,3,6,9,5,0,0,3,4,25,-10,1,Julius Randle,2023-24
22023,203944,0022300177,"Nov 12, 2023",NYK vs. CHA,W,27,8,16,0.5,1,4,0.25,6,8,0.75,1,4,5,5,3,0,3,1,23,8,1,Julius Randle,2023-24
22023,203944,0022300161,"Nov 08, 2023",NYK vs. SAS,W,31,8,19,0.421,2,6,0.333,5,8,0.625,4,12,16,5,1,0,2,1,23,31,1,Julius Randle,2023-24
22023,203944,0022300151,"Nov 06, 2023",NYK vs. LAC,W,37,9,21,0.429,3,8,0.375,6,6,1.0,2,8,10,3,0,0,6,3,27,2,1,Julius Randle,2023-24
22023,203944,0022300002,"Nov 03, 2023",NYK @ MIL,L,39,5,20,0.25,1,9,0.111,5,9,0.556,4,8,12,5,2,0,1,4,16,-5,1,Julius Randle,2023-24
22023,203944,0022300120,"Nov 01, 2023",NYK vs. CLE,L,35,3,15,0.2,0,6,0.0,0,0,0.0,0,6,6,4,1,0,3,2,6,-4,1,Julius Randle,2023-24
22023,203944,0022300112,"Oct 31, 2023",NYK @ CLE,W,31,5,14,0.357,2,5,0.4,7,10,0.7,3,7,10,2,1,0,1,1,19,18,1,Julius Randle,2023-24
22023,203944,0022300090,"Oct 28, 2023",NYK @ NOP,L,34,4,15,0.267,0,5,0.0,2,2,1.0,0,12,12,4,0,0,8,4,10,-11,1,Julius Randle,2023-24
22023,203944,0022300079,"Oct 27, 2023",NYK @ ATL,W,34,4,10,0.4,3,7,0.429,6,8,0.75,2,10,12,9,0,0,3,3,17,7,1,Julius Randle,2023-24
22023,203944,0022300065,"Oct 25, 2023",NYK vs. BOS,L,34,5,22,0.227,3,8,0.375,1,5,0.2,4,7,11,7,2,0,0,3,14,-13,1,Julius Randle,2023-24
22024,203944,0022401195,"Apr 13, 2025",MIN vs. UTA,W,33,5,11,0.455,0,3,0.0,0,0,0.0,3,7,10,5,0,1,4,2,10,7,1,Julius Randle,2024-25
22024,203944,0022401179,"Apr 11, 2025",MIN vs. BKN,W,30,8,11,0.727,5,6,0.833,0,0,0.0,1,3,4,3,2,0,3,2,21,21,1,Julius Randle,2024-25
22024,203944,0022401170,"Apr 10, 2025",MIN @ MEM,W,35,13,22,0.591,5,10,0.5,0,0,0.0,1,9,10,5,1,0,2,2,31,18,1,Julius Randle,2024-25
22024,203944,0022401152,"Apr 08, 2025",MIN @ MIL,L,35,3,8,0.375,1,3,0.333,2,2,1.0,1,6,7,6,1,0,5,4,9,-16,1,Julius Randle,2024-25
22024,203944,0022401130,"Apr 05, 2025",MIN @ PHI,W,33,5,11,0.455,0,2,0.0,5,9,0.556,2,3,5,4,0,0,0,3,15,-11,1,Julius Randle,2024-25
22024,203944,0022401113,"Apr 03, 2025",MIN @ BKN,W,27,4,11,0.364,3,8,0.375,0,0,0.0,2,6,8,4,0,0,4,3,11,2,1,Julius Randle,2024-25
22024,203944,0022401102,"Apr 01, 2025",MIN @ DEN,W,50,11,22,0.5,4,8,0.5,0,0,0.0,2,7,9,7,1,0,4,5,26,1,1,Julius Randle,2024-25
22024,203944,0022401084,"Mar 30, 2025",MIN vs. DET,W,32,9,18,0.5,1,4,0.25,7,7,1.0,2,6,8,5,0,1,2,3,26,14,1,Julius Randle,2024-25
22024,203944,0022401071,"Mar 28, 2025",MIN vs. PHX,W,32,9,15,0.6,2,4,0.5,5,5,1.0,1,5,6,8,1,1,0,1,25,7,1,Julius Randle,2024-25
22024,203944,0022401037,"Mar 24, 2025",MIN @ IND,L,24,3,7,0.429,0,2,0.0,3,5,0.6,1,5,6,2,0,0,2,1,9,-12,1,Julius Randle,2024-25
22024,203944,0022401016,"Mar 21, 2025",MIN vs. NOP,W,25,7,11,0.636,2,5,0.4,4,4,1.0,4,2,6,5,2,0,2,3,20,13,1,Julius Randle,2024-25
22024,203944,0022401001,"Mar 19, 2025",MIN vs. NOP,L,28,7,10,0.7,2,4,0.5,1,2,0.5,0,3,3,3,0,1,6,2,17,-20,1,Julius Randle,2024-25
22024,203944,0022400986,"Mar 17, 2025",MIN vs. IND,L,41,5,11,0.455,1,2,0.5,6,10,0.6,1,5,6,4,1,0,4,2,17,-6,1,Julius Randle,2024-25
22024,203944,0022400981,"Mar 16, 2025",MIN vs. UTA,W,20,4,9,0.444,1,2,0.5,2,4,0.5,2,1,3,4,0,0,1,2,11,14,1,Julius Randle,2024-25
22024,203944,0022400963,"Mar 14, 2025",MIN vs. ORL,W,29,7,13,0.538,1,3,0.333,7,8,0.875,2,5,7,5,0,0,3,4,22,-7,1,Julius Randle,2024-25
22024,203944,0022400952,"Mar 12, 2025",MIN @ DEN,W,28,9,12,0.75,3,5,0.6,4,6,0.667,1,3,4,3,2,0,4,3,25,17,1,Julius Randle,2024-25
22024,203944,0022400925,"Mar 09, 2025",MIN vs. SAS,W,30,5,14,0.357,2,6,0.333,2,2,1.0,6,1,7,10,0,1,0,2,14,10,1,Julius Randle,2024-25
22024,203944,0022400907,"Mar 07, 2025",MIN @ MIA,W,34,4,9,0.444,0,1,0.0,5,6,0.833,1,9,10,9,0,0,5,1,13,0,1,Julius Randle,2024-25
22024,203944,0022400892,"Mar 05, 2025",MIN @ CHA,W,36,8,18,0.444,2,7,0.286,7,8,0.875,4,6,10,9,0,0,2,3,25,14,1,Julius Randle,2024-25
22024,203944,0022400887,"Mar 04, 2025",MIN vs. PHI,W,30,5,9,0.556,0,3,0.0,6,6,1.0,3,5,8,5,1,0,5,1,16,6,1,Julius Randle,2024-25
22024,203944,0022400873,"Mar 02, 2025",MIN @ PHX,W,34,8,14,0.571,2,5,0.4,2,2,1.0,2,4,6,3,0,0,2,4,20,0,1,Julius Randle,2024-25
22024,203944,0022400677,"Jan 30, 2025",MIN @ UTA,W,10,3,7,0.429,0,2,0.0,0,0,0.0,0,1,1,1,0,0,0,0,6,-14,1,Julius Randle,2024-25
22024,203944,0022400672,"Jan 29, 2025",MIN @ PHX,W,35,10,16,0.625,0,3,0.0,8,10,0.8,0,7,7,6,3,0,0,4,28,-4,1,Julius Randle,2024-25
22024,203944,0022400656,"Jan 27, 2025",MIN vs. ATL,W,32,7,17,0.412,3,8,0.375,3,3,1.0,3,5,8,2,1,0,5,3,20,12,1,Julius Randle,2024-25
22024,203944,0022400634,"Jan 25, 2025",MIN vs. DEN,W,32,9,20,0.45,1,6,0.167,2,2,1.0,5,2,7,7,2,1,2,2,21,16,1,Julius Randle,2024-25
22024,203944,0022400614,"Jan 22, 2025",MIN @ DAL,W,34,4,13,0.308,1,2,0.5,7,8,0.875,3,3,6,3,3,0,2,5,16,6,1,Julius Randle,2024-25
22024,203944,0022400601,"Jan 20, 2025",MIN @ MEM,L,34,2,13,0.154,0,7,0.0,1,3,0.333,4,7,11,7,0,2,1,4,5,-9,1,Julius Randle,2024-25
22024,203944,0022400590,"Jan 18, 2025",MIN vs. CLE,L,38,7,12,0.583,1,5,0.2,5,7,0.714,3,11,14,9,1,0,3,1,20,0,1,Julius Randle,2024-25
22024,203944,0022400578,"Jan 17, 2025",MIN @ NYK,W,35,2,6,0.333,0,2,0.0,4,4,1.0,2,5,7,6,0,0,4,3,8,20,1,Julius Randle,2024-25
22024,203944,0022400565,"Jan 15, 2025",MIN vs. GSW,L,27,8,18,0.444,1,3,0.333,0,0,0.0,4,2,6,1,1,0,2,3,17,-2,1,Julius Randle,2024-25
22024,203944,0022400548,"Jan 13, 2025",MIN @ WAS,W,33,8,15,0.533,0,2,0.0,4,8,0.5,3,7,10,3,0,0,3,1,20,16,1,Julius Randle,2024-25
22024,203944,0022400535,"Jan 11, 2025",MIN vs. MEM,L,33,7,13,0.538,1,5,0.2,3,4,0.75,2,6,8,8,0,0,4,3,18,-5,1,Julius Randle,2024-25
22024,203944,0022400519,"Jan 09, 2025",MIN @ ORL,W,31,8,16,0.5,1,3,0.333,6,6,1.0,4,6,10,2,0,1,2,2,23,13,1,Julius Randle,2024-25
22024,203944,0022400505,"Jan 07, 2025",MIN @ NOP,W,35,6,11,0.545,1,4,0.25,3,5,0.6,0,6,6,3,2,0,3,4,16,21,1,Julius Randle,2024-25
22024,203944,0022400500,"Jan 06, 2025",MIN vs. LAC,W,23,2,10,0.2,0,3,0.0,1,2,0.5,4,2,6,2,0,0,3,4,5,2,1,Julius Randle,2024-25
22024,203944,0022400479,"Jan 04, 2025",MIN @ DET,L,36,6,12,0.5,0,4,0.0,5,5,1.0,2,5,7,6,0,0,3,4,17,-20,1,Julius Randle,2024-25
22024,203944,0022400464,"Jan 02, 2025",MIN vs. BOS,L,39,9,16,0.563,5,7,0.714,4,4,1.0,2,6,8,7,1,0,4,1,27,10,1,Julius Randle,2024-25
22024,203944,0022400452,"Dec 31, 2024",MIN @ OKC,L,27,5,12,0.417,1,4,0.25,0,0,0.0,4,2,6,6,0,1,4,1,11,-7,1,Julius Randle,2024-25
22024,203944,0022400441,"Dec 29, 2024",MIN vs. SAS,W,35,7,16,0.438,0,7,0.0,2,2,1.0,1,3,4,4,0,0,1,1,16,-9,1,Julius Randle,2024-25
22024,203944,0022400422,"Dec 27, 2024",MIN @ HOU,W,36,10,16,0.625,5,6,0.833,2,2,1.0,1,7,8,8,0,1,5,3,27,2,1,Julius Randle,2024-25
22024,203944,0022400406,"Dec 25, 2024",MIN @ DAL,W,34,6,13,0.462,3,5,0.6,8,10,0.8,2,8,10,8,0,0,3,2,23,5,1,Julius Randle,2024-25
22024,203944,0022400395,"Dec 23, 2024",MIN @ ATL,L,36,6,15,0.4,2,7,0.286,5,6,0.833,6,7,13,7,0,1,8,3,19,-5,1,Julius Randle,2024-25
22024,203944,0022400383,"Dec 21, 2024",MIN vs. GSW,L,32,4,13,0.308,1,3,0.333,7,9,0.778,1,6,7,6,0,0,3,1,16,-6,1,Julius Randle,2024-25
22024,203944,0022400367,"Dec 19, 2024",MIN vs. NYK,L,30,8,17,0.471,4,8,0.5,4,6,0.667,2,3,5,3,0,0,5,2,24,-13,1,Julius Randle,2024-25
22024,203944,0022401218,"Dec 15, 2024",MIN @ SAS,W,29,4,11,0.364,0,1,0.0,3,4,0.75,2,2,4,3,2,1,2,3,11,8,1,Julius Randle,2024-25
22024,203944,0022401210,"Dec 13, 2024",MIN vs. LAL,W,33,7,16,0.438,0,5,0.0,7,8,0.875,2,3,5,3,1,0,2,5,21,23,1,Julius Randle,2024-25
22024,203944,0022400355,"Dec 08, 2024",MIN @ GSW,L,37,4,14,0.286,2,4,0.5,4,4,1.0,3,8,11,4,0,2,2,2,14,-2,1,Julius Randle,2024-25
22024,203944,0022400338,"Dec 06, 2024",MIN @ GSW,W,24,5,11,0.455,2,4,0.5,4,4,1.0,2,7,9,4,1,0,3,1,16,3,1,Julius Randle,2024-25
22024,203944,0022400324,"Dec 04, 2024",MIN @ LAC,W,26,8,16,0.5,4,9,0.444,0,0,0.0,0,4,4,4,1,0,1,2,20,28,1,Julius Randle,2024-25
22024,203944,0022400318,"Dec 02, 2024",MIN vs. LAL,W,24,6,13,0.462,2,3,0.667,4,4,1.0,1,4,5,3,2,0,1,3,18,7,1,Julius Randle,2024-25
22024,203944,0022400044,"Nov 29, 2024",MIN vs. LAC,W,30,4,9,0.444,1,5,0.2,2,2,1.0,0,10,10,4,0,0,3,2,11,-5,1,Julius Randle,2024-25
22024,203944,0022400294,"Nov 27, 2024",MIN vs. SAC,L,36,8,14,0.571,1,5,0.2,4,4,1.0,1,8,9,4,2,0,4,4,21,-8,1,Julius Randle,2024-25
22024,203944,0022400037,"Nov 26, 2024",MIN vs. HOU,L,35,9,18,0.5,0,1,0.0,3,3,1.0,2,4,6,3,1,0,3,5,21,-20,1,Julius Randle,2024-25
22024,203944,0022400271,"Nov 24, 2024",MIN @ BOS,L,36,7,15,0.467,1,4,0.25,8,13,0.615,2,4,6,2,0,0,0,1,23,-10,1,Julius Randle,2024-25
22024,203944,0022400261,"Nov 21, 2024",MIN @ TOR,L,38,5,12,0.417,1,6,0.167,12,16,0.75,1,8,9,3,2,0,4,2,23,-6,1,Julius Randle,2024-25
22024,203944,0022400234,"Nov 17, 2024",MIN vs. PHX,W,34,11,20,0.55,5,11,0.455,8,9,0.889,1,3,4,7,1,0,3,2,35,16,1,Julius Randle,2024-25
22024,203944,0022400020,"Nov 15, 2024",MIN @ SAC,W,41,8,20,0.4,2,7,0.286,8,8,1.0,1,3,4,5,1,0,4,1,26,17,1,Julius Randle,2024-25
22024,203944,0022400226,"Nov 13, 2024",MIN @ POR,L,37,7,15,0.467,1,3,0.333,5,7,0.714,3,7,10,2,0,0,1,2,20,1,1,Julius Randle,2024-25
22024,203944,0022400008,"Nov 12, 2024",MIN @ POR,L,29,3,9,0.333,0,3,0.0,5,6,0.833,3,3,6,2,0,0,4,5,11,-6,1,Julius Randle,2024-25
22024,203944,0022400206,"Nov 10, 2024",MIN vs. MIA,L,36,6,16,0.375,1,6,0.167,4,4,1.0,2,4,6,6,1,0,4,4,17,-2,1,Julius Randle,2024-25
22024,203944,0022400193,"Nov 08, 2024",MIN vs. POR,W,32,8,18,0.444,3,6,0.5,3,4,0.75,3,3,6,4,0,1,2,1,22,15,1,Julius Randle,2024-25
22024,203944,0022400181,"Nov 07, 2024",MIN @ CHI,W,35,8,15,0.533,1,4,0.25,5,5,1.0,2,8,10,3,1,0,4,1,22,21,1,Julius Randle,2024-25
22024,203944,0022400162,"Nov 04, 2024",MIN vs. CHA,W,25,4,10,0.4,1,4,0.25,4,6,0.667,3,1,4,4,2,0,1,1,13,8,1,Julius Randle,2024-25
22024,203944,0022400146,"Nov 02, 2024",MIN @ SAS,L,30,8,15,0.533,0,3,0.0,5,6,0.833,1,4,5,2,1,0,3,3,21,-11,1,Julius Randle,2024-25
22024,203944,0022400139,"Nov 01, 2024",MIN vs. DEN,W,37,8,13,0.615,2,5,0.4,5,5,1.0,1,5,6,7,0,0,3,3,23,-14,1,Julius Randle,2024-25
22024,203944,0022400114,"Oct 29, 2024",MIN vs. DAL,L,35,7,13,0.538,3,3,1.0,3,4,0.75,2,5,7,7,2,0,3,4,20,-4,1,Julius Randle,2024-25
22024,203944,0022400093,"Oct 26, 2024",MIN vs. TOR,W,36,9,16,0.563,1,4,0.25,5,7,0.714,3,6,9,5,0,0,4,2,24,7,1,Julius Randle,2024-25
22024,203944,0022400076,"Oct 24, 2024",MIN @ SAC,W,35,13,17,0.765,5,6,0.833,2,3,0.667,0,5,5,4,0,0,3,3,33,-3,1,Julius Randle,2024-25
22024,203944,0022400062,"Oct 22, 2024",MIN @ LAL,L,34,5,10,0.5,1,3,0.333,5,7,0.714,3,6,9,4,0,0,2,3,16,2,1,Julius Randle,2024-25
22022,1629675,0022201144,"Mar 29, 2023",MIN @ PHX,L,23,5,13,0.385,2,4,0.5,3,5,0.6,1,5,6,2,0,1,1,1,15,-4,1,Naz Reid,2022-23
22022,1629675,0022201128,"Mar 27, 2023",MIN @ SAC,W,21,7,12,0.583,2,5,0.4,2,4,0.5,0,4,4,1,1,1,0,1,18,-8,1,Naz Reid,2022-23
22022,1629675,0022201121,"Mar 26, 2023",MIN @ GSW,W,21,10,17,0.588,3,5,0.6,0,0,0.0,1,5,6,1,0,0,1,0,23,8,1,Naz Reid,2022-23
22022,1629675,0022201090,"Mar 22, 2023",MIN vs. ATL,W,26,11,15,0.733,2,4,0.5,2,2,1.0,1,7,8,0,2,0,2,3,26,3,1,Naz Reid,2022-23
22022,1629675,0022201073,"Mar 20, 2023",MIN @ NYK,W,20,6,9,0.667,0,2,0.0,0,0,0.0,0,2,2,3,0,1,1,4,12,-13,1,Naz Reid,2022-23
22022,1629675,0022201058,"Mar 18, 2023",MIN @ TOR,L,20,8,10,0.8,1,2,0.5,5,7,0.714,0,4,4,1,0,0,2,3,22,-9,1,Naz Reid,2022-23
22022,1629675,0022201050,"Mar 17, 2023",MIN @ CHI,L,25,6,15,0.4,0,4,0.0,2,2,1.0,1,2,3,1,1,1,2,4,14,-12,1,Naz Reid,2022-23
22022,1629675,0022201039,"Mar 15, 2023",MIN vs. BOS,L,19,4,9,0.444,1,3,0.333,6,6,1.0,0,6,6,1,0,0,3,4,15,1,1,Naz Reid,2022-23
22022,1629675,0022201001,"Mar 10, 2023",MIN vs. BKN,L,11,1,3,0.333,1,1,1.0,0,0,0.0,1,3,4,0,0,0,2,3,3,-6,1,Naz Reid,2022-23
22022,1629675,0022200980,"Mar 07, 2023",MIN vs. PHI,L,18,4,9,0.444,1,4,0.25,2,2,1.0,1,2,3,3,1,0,1,3,11,-10,1,Naz Reid,2022-23
22022,1629675,0022200961,"Mar 04, 2023",MIN @ SAC,W,17,4,5,0.8,2,3,0.667,0,2,0.0,0,4,4,1,0,0,0,5,10,-7,1,Naz Reid,2022-23
22022,1629675,0022200955,"Mar 03, 2023",MIN @ LAL,W,21,6,12,0.5,3,6,0.5,0,0,0.0,1,7,8,2,2,0,2,4,15,9,1,Naz Reid,2022-23
22022,1629675,0022200932,"Feb 28, 2023",MIN @ LAC,W,19,4,6,0.667,0,1,0.0,4,7,0.571,3,5,8,2,1,0,4,5,12,4,1,Naz Reid,2022-23
22022,1629675,0022200916,"Feb 26, 2023",MIN @ GSW,L,36,12,22,0.545,4,11,0.364,2,5,0.4,2,7,9,3,5,2,2,3,30,-6,1,Naz Reid,2022-23
22022,1629675,0022200898,"Feb 24, 2023",MIN vs. CHA,L,18,6,12,0.5,2,7,0.286,2,2,1.0,1,7,8,2,0,2,1,4,16,-1,1,Naz Reid,2022-23
22022,1629675,0022200884,"Feb 16, 2023",MIN vs. WAS,L,12,2,7,0.286,0,2,0.0,2,2,1.0,1,4,5,2,0,0,2,0,6,-12,1,Naz Reid,2022-23
22022,1629675,0022200865,"Feb 13, 2023",MIN @ DAL,W,12,4,9,0.444,1,5,0.2,1,1,1.0,0,2,2,2,0,0,1,3,10,-7,1,Naz Reid,2022-23
22022,1629675,0022200841,"Feb 10, 2023",MIN @ MEM,L,17,4,7,0.571,2,3,0.667,0,0,0.0,0,3,3,2,0,0,1,3,10,-3,1,Naz Reid,2022-23
22022,1629675,0022200828,"Feb 08, 2023",MIN @ UTA,W,22,3,8,0.375,2,4,0.5,0,0,0.0,2,5,7,3,0,0,2,3,8,14,1,Naz Reid,2022-23
22022,1629675,0022200820,"Feb 07, 2023",MIN @ DEN,L,12,5,9,0.556,1,3,0.333,0,0,0.0,0,3,3,0,0,0,2,2,11,-7,1,Naz Reid,2022-23
22022,1629675,0022200806,"Feb 05, 2023",MIN vs. DEN,W,15,3,3,1.0,1,1,1.0,0,0,0.0,1,1,2,0,0,1,0,4,7,7,1,Naz Reid,2022-23
22022,1629675,0022200790,"Feb 03, 2023",MIN vs. ORL,L,21,4,7,0.571,2,4,0.5,0,1,0.0,2,1,3,1,1,1,2,4,10,-11,1,Naz Reid,2022-23
22022,1629675,0022200774,"Feb 01, 2023",MIN vs. GSW,W,35,10,22,0.455,2,8,0.25,2,4,0.5,1,12,13,4,1,1,1,4,24,5,1,Naz Reid,2022-23
22022,1629675,0022200758,"Jan 30, 2023",MIN vs. SAC,L,16,3,9,0.333,0,4,0.0,0,0,0.0,2,1,3,1,1,0,1,2,6,-8,1,Naz Reid,2022-23
22022,1629675,0022200746,"Jan 28, 2023",MIN vs. SAC,W,13,6,9,0.667,1,4,0.25,1,1,1.0,0,2,2,0,0,0,1,4,14,-8,1,Naz Reid,2022-23
22022,1629675,0022200737,"Jan 27, 2023",MIN vs. MEM,W,17,4,6,0.667,1,3,0.333,0,2,0.0,2,1,3,1,2,1,0,1,9,6,1,Naz Reid,2022-23
22022,1629675,0022200724,"Jan 25, 2023",MIN @ NOP,W,14,1,1,1.0,1,1,1.0,3,4,0.75,1,6,7,0,2,2,1,2,6,-4,1,Naz Reid,2022-23
22022,1629675,0022200709,"Jan 23, 2023",MIN @ HOU,L,9,1,2,0.5,0,1,0.0,0,0,0.0,1,0,1,0,1,1,1,0,2,-2,1,Naz Reid,2022-23
22022,1629675,0022200696,"Jan 21, 2023",MIN vs. HOU,W,15,2,7,0.286,0,4,0.0,1,1,1.0,1,2,3,1,0,1,1,3,5,-9,1,Naz Reid,2022-23
22022,1629675,0022200680,"Jan 19, 2023",MIN vs. TOR,W,22,2,6,0.333,1,1,1.0,0,0,0.0,0,7,7,2,2,1,4,3,5,16,1,Naz Reid,2022-23
22022,1629675,0022200676,"Jan 18, 2023",MIN @ DEN,L,26,4,9,0.444,0,5,0.0,9,10,0.9,1,2,3,2,0,3,3,5,17,2,1,Naz Reid,2022-23
22022,1629675,0022200662,"Jan 16, 2023",MIN vs. UTA,L,22,3,8,0.375,1,4,0.25,0,0,0.0,4,3,7,0,0,2,1,5,7,-6,1,Naz Reid,2022-23
22022,1629675,0022200645,"Jan 14, 2023",MIN vs. CLE,W,28,8,16,0.5,1,7,0.143,0,0,0.0,2,5,7,0,0,1,1,4,17,-5,1,Naz Reid,2022-23
22022,1629675,0022200637,"Jan 13, 2023",MIN vs. PHX,W,15,5,8,0.625,1,3,0.333,2,2,1.0,2,4,6,3,2,0,2,1,13,5,1,Naz Reid,2022-23
22022,1629675,0022200618,"Jan 11, 2023",MIN @ DET,L,13,4,7,0.571,0,0,0.0,0,0,0.0,6,2,8,0,0,0,2,2,8,-16,1,Naz Reid,2022-23
22022,1629675,0022200601,"Jan 08, 2023",MIN @ HOU,W,10,3,4,0.75,0,0,0.0,0,0,0.0,2,3,5,0,1,0,0,1,6,-8,1,Naz Reid,2022-23
22022,1629675,0022200587,"Jan 06, 2023",MIN vs. LAC,W,9,4,4,1.0,2,2,1.0,0,0,0.0,0,0,0,0,0,0,1,1,10,-14,1,Naz Reid,2022-23
22022,1629675,0022200544,"Dec 31, 2022",MIN vs. DET,L,24,3,6,0.5,0,2,0.0,0,0,0.0,2,7,9,0,2,2,3,2,6,-8,1,Naz Reid,2022-23
22022,1629675,0022200533,"Dec 30, 2022",MIN @ MIL,L,30,7,18,0.389,2,8,0.25,0,0,0.0,1,6,7,1,1,1,0,5,16,-6,1,Naz Reid,2022-23
22022,1629675,0022200520,"Dec 28, 2022",MIN @ NOP,L,25,5,8,0.625,2,5,0.4,1,2,0.5,0,6,6,1,0,2,1,1,13,6,1,Naz Reid,2022-23
22022,1629675,0022200500,"Dec 26, 2022",MIN @ MIA,L,29,8,15,0.533,1,4,0.25,4,5,0.8,2,9,11,2,0,1,3,1,21,13,1,Naz Reid,2022-23
22022,1629675,0022200482,"Dec 23, 2022",MIN @ BOS,L,25,6,10,0.6,2,4,0.5,0,0,0.0,1,4,5,2,0,2,4,4,14,-1,1,Naz Reid,2022-23
22022,1629675,0022200473,"Dec 21, 2022",MIN vs. DAL,L,13,2,3,0.667,2,2,1.0,0,0,0.0,0,3,3,4,0,0,1,5,6,-1,1,Naz Reid,2022-23
22022,1629675,0022200456,"Dec 19, 2022",MIN vs. DAL,W,40,11,19,0.579,2,6,0.333,3,4,0.75,2,11,13,1,2,1,2,2,27,17,1,Naz Reid,2022-23
22022,1629675,0022200449,"Dec 18, 2022",MIN vs. CHI,W,12,4,4,1.0,2,2,1.0,0,2,0.0,0,3,3,0,1,0,0,0,10,14,1,Naz Reid,2022-23
22022,1629675,0022200435,"Dec 16, 2022",MIN @ OKC,W,37,11,18,0.611,3,5,0.6,3,7,0.429,3,6,9,3,3,1,3,3,28,21,1,Naz Reid,2022-23
22022,1629675,0022200423,"Dec 14, 2022",MIN @ LAC,L,20,3,5,0.6,0,0,0.0,3,4,0.75,1,6,7,1,0,0,1,1,9,-15,1,Naz Reid,2022-23
22022,1629675,0022200407,"Dec 12, 2022",MIN @ POR,L,18,4,4,1.0,1,1,1.0,1,2,0.5,0,4,4,1,0,0,1,2,10,-12,1,Naz Reid,2022-23
22022,1629675,0022200394,"Dec 10, 2022",MIN @ POR,L,14,6,12,0.5,0,2,0.0,3,3,1.0,2,1,3,0,1,2,0,1,15,-17,1,Naz Reid,2022-23
22022,1629675,0022200385,"Dec 09, 2022",MIN @ UTA,W,17,4,10,0.4,3,6,0.5,1,1,1.0,1,3,4,1,0,1,4,2,12,-5,1,Naz Reid,2022-23
22022,1629675,0022200370,"Dec 07, 2022",MIN vs. IND,W,12,3,5,0.6,0,1,0.0,0,0,0.0,4,3,7,0,1,0,3,3,6,4,1,Naz Reid,2022-23
22022,1629675,0022200341,"Dec 03, 2022",MIN vs. OKC,L,30,6,12,0.5,0,2,0.0,1,2,0.5,3,15,18,3,0,4,1,4,13,0,1,Naz Reid,2022-23
22022,1629675,0022200317,"Nov 30, 2022",MIN vs. MEM,W,22,3,8,0.375,0,5,0.0,1,2,0.5,0,3,3,1,1,5,1,2,7,-5,1,Naz Reid,2022-23
22022,1629675,0022200300,"Nov 28, 2022",MIN @ WAS,L,18,2,6,0.333,1,3,0.333,1,2,0.5,0,3,3,0,0,0,1,5,6,-2,1,Naz Reid,2022-23
22022,1629675,0022200291,"Nov 27, 2022",MIN vs. GSW,L,16,3,6,0.5,2,3,0.667,0,1,0.0,0,2,2,2,0,0,0,1,8,-4,1,Naz Reid,2022-23
22022,1629675,0022200272,"Nov 25, 2022",MIN @ CHA,L,13,3,5,0.6,1,2,0.5,0,0,0.0,0,0,0,0,0,0,1,3,7,-3,1,Naz Reid,2022-23
22022,1629675,0022200252,"Nov 21, 2022",MIN vs. MIA,W,16,3,9,0.333,0,2,0.0,3,4,0.75,0,4,4,2,0,1,1,3,9,-25,1,Naz Reid,2022-23
22022,1629675,0022200237,"Nov 19, 2022",MIN @ PHI,W,10,3,4,0.75,1,1,1.0,2,2,1.0,1,3,4,1,0,0,0,5,9,3,1,Naz Reid,2022-23
22022,1629675,0022200212,"Nov 16, 2022",MIN @ ORL,W,2,0,0,0.0,0,0,0.0,0,0,0.0,0,1,1,1,0,0,0,0,0,-5,1,Naz Reid,2022-23
22022,1629675,0022200153,"Nov 07, 2022",MIN vs. NYK,L,18,5,8,0.625,0,3,0.0,1,2,0.5,2,0,2,0,0,1,0,2,11,-14,1,Naz Reid,2022-23
22022,1629675,0022200137,"Nov 05, 2022",MIN vs. HOU,W,13,4,7,0.571,2,4,0.5,1,2,0.5,0,3,3,0,0,1,5,6,11,8,1,Naz Reid,2022-23
22022,1629675,0022200129,"Nov 04, 2022",MIN vs. MIL,L,22,3,7,0.429,0,3,0.0,2,2,1.0,0,5,5,0,0,1,1,3,8,1,1,Naz Reid,2022-23
22022,1629675,0022200106,"Nov 01, 2022",MIN @ PHX,L,16,5,6,0.833,1,2,0.5,2,2,1.0,0,3,3,0,1,0,0,0,13,9,1,Naz Reid,2022-23
22022,1629675,0022200092,"Oct 30, 2022",MIN @ SAS,L,9,5,7,0.714,1,2,0.5,0,0,0.0,1,1,2,0,1,0,0,0,11,12,1,Naz Reid,2022-23
22022,1629675,0022200062,"Oct 26, 2022",MIN vs. SAS,W,5,1,1,1.0,0,0,0.0,0,0,0.0,0,2,2,1,1,0,0,0,2,3,1,Naz Reid,2022-23
22022,1629675,0022200050,"Oct 24, 2022",MIN vs. SAS,L,13,3,7,0.429,0,1,0.0,0,0,0.0,1,2,3,0,0,1,0,0,6,-1,1,Naz Reid,2022-23
22022,1629675,0022200041,"Oct 23, 2022",MIN @ OKC,W,13,5,7,0.714,2,4,0.5,2,4,0.5,1,1,2,1,0,1,0,4,14,2,1,Naz Reid,2022-23
22022,1629675,0022200025,"Oct 21, 2022",MIN vs. UTA,L,9,0,3,0.0,0,1,0.0,0,0,0.0,1,1,2,1,1,2,1,2,0,-1,1,Naz Reid,2022-23
22023,1629675,0022301194,"Apr 14, 2024",MIN vs. PHX,L,20,4,8,0.5,2,5,0.4,0,0,0.0,0,4,4,1,1,0,4,4,10,-17,1,Naz Reid,2023-24
22023,1629675,0022301178,"Apr 12, 2024",MIN vs. ATL,W,28,5,10,0.5,2,5,0.4,7,8,0.875,0,3,3,2,0,1,2,2,19,-3,1,Naz Reid,2023-24
22023,1629675,0022301164,"Apr 10, 2024",MIN @ DEN,L,30,6,19,0.316,0,4,0.0,1,5,0.2,1,5,6,2,2,1,0,4,13,3,1,Naz Reid,2023-24
22023,1629675,0022301152,"Apr 09, 2024",MIN vs. WAS,W,8,1,5,0.2,1,2,0.5,0,0,0.0,0,2,2,0,1,1,0,1,3,-15,1,Naz Reid,2023-24
22023,1629675,0022301143,"Apr 07, 2024",MIN @ LAL,W,35,12,16,0.75,6,8,0.75,1,3,0.333,1,10,11,1,2,1,1,5,31,11,1,Naz Reid,2023-24
22023,1629675,0022301125,"Apr 05, 2024",MIN @ PHX,L,32,3,13,0.231,1,5,0.2,1,2,0.5,1,10,11,2,2,2,5,3,8,-19,1,Naz Reid,2023-24
22023,1629675,0022301108,"Apr 03, 2024",MIN vs. TOR,W,26,8,15,0.533,6,10,0.6,1,2,0.5,1,6,7,1,1,2,2,0,23,12,1,Naz Reid,2023-24
22023,1629675,0022301098,"Apr 02, 2024",MIN vs. HOU,W,34,10,17,0.588,3,5,0.6,2,2,1.0,1,5,6,2,2,1,3,1,25,5,1,Naz Reid,2023-24
22023,1629675,0022301084,"Mar 31, 2024",MIN vs. CHI,L,31,5,14,0.357,3,9,0.333,1,1,1.0,0,3,3,4,1,2,3,2,14,-4,1,Naz Reid,2023-24
22023,1629675,0022301071,"Mar 29, 2024",MIN @ DEN,W,33,2,12,0.167,0,5,0.0,3,4,0.75,0,6,6,2,2,0,1,3,7,14,1,Naz Reid,2023-24
22023,1629675,0022301056,"Mar 27, 2024",MIN vs. DET,W,31,9,18,0.5,1,8,0.125,2,2,1.0,1,9,10,4,0,0,0,2,21,9,1,Naz Reid,2023-24
22023,1629675,0022301031,"Mar 24, 2024",MIN vs. GSW,W,29,7,11,0.636,6,8,0.75,0,0,0.0,2,10,12,0,1,2,6,3,20,-6,1,Naz Reid,2023-24
22023,1629675,0022301014,"Mar 22, 2024",MIN vs. CLE,W,26,7,15,0.467,3,8,0.375,1,1,1.0,0,3,3,3,1,0,1,3,18,10,1,Naz Reid,2023-24
22023,1629675,0022300987,"Mar 18, 2024",MIN @ UTA,W,17,7,12,0.583,2,4,0.5,1,2,0.5,2,2,4,0,0,1,1,1,17,3,1,Naz Reid,2023-24
22023,1629675,0022300974,"Mar 16, 2024",MIN @ UTA,W,35,7,18,0.389,4,11,0.364,4,5,0.8,0,12,12,5,2,2,0,1,22,17,1,Naz Reid,2023-24
22023,1629675,0022300944,"Mar 12, 2024",MIN @ LAC,W,22,3,7,0.429,0,3,0.0,0,0,0.0,1,4,5,3,1,1,0,3,6,15,1,Naz Reid,2023-24
22023,1629675,0022300932,"Mar 10, 2024",MIN @ LAL,L,42,9,17,0.529,5,10,0.5,2,3,0.667,0,5,5,3,0,4,3,4,25,-10,1,Naz Reid,2023-24
22023,1629675,0022300911,"Mar 08, 2024",MIN @ CLE,L,32,10,18,0.556,7,11,0.636,7,8,0.875,0,5,5,2,1,2,1,4,34,-9,1,Naz Reid,2023-24
22023,1629675,0022300903,"Mar 07, 2024",MIN @ IND,W,26,6,15,0.4,1,4,0.25,0,0,0.0,2,6,8,2,1,1,2,2,13,-12,1,Naz Reid,2023-24
22023,1629675,0022300881,"Mar 04, 2024",MIN vs. POR,W,23,4,5,0.8,4,4,1.0,0,2,0.0,0,5,5,0,0,1,1,0,12,16,1,Naz Reid,2023-24
22023,1629675,0022300873,"Mar 03, 2024",MIN vs. LAC,L,21,0,7,0.0,0,3,0.0,3,4,0.75,3,8,11,2,0,1,2,1,3,-18,1,Naz Reid,2023-24
22023,1629675,0022300862,"Mar 01, 2024",MIN vs. SAC,L,36,8,18,0.444,1,6,0.167,1,1,1.0,2,5,7,3,1,0,1,0,18,2,1,Naz Reid,2023-24
22023,1629675,0022300845,"Feb 28, 2024",MIN vs. MEM,W,26,6,11,0.545,4,6,0.667,3,3,1.0,1,5,6,2,0,2,0,5,19,18,1,Naz Reid,2023-24
22023,1629675,0022300838,"Feb 27, 2024",MIN vs. SAS,W,33,8,10,0.8,1,2,0.5,5,5,1.0,2,4,6,1,2,1,2,2,22,8,1,Naz Reid,2023-24
22023,1629675,0022300815,"Feb 24, 2024",MIN vs. BKN,W,27,2,9,0.222,0,5,0.0,2,4,0.5,4,5,9,1,0,3,3,4,6,8,1,Naz Reid,2023-24
22023,1629675,0022300808,"Feb 23, 2024",MIN vs. MIL,L,23,2,10,0.2,1,6,0.167,3,4,0.75,1,3,4,1,1,0,1,2,8,-13,1,Naz Reid,2023-24
22023,1629675,0022300791,"Feb 15, 2024",MIN @ POR,W,22,4,8,0.5,2,2,1.0,0,0,0.0,1,2,3,0,0,0,0,4,10,16,1,Naz Reid,2023-24
22023,1629675,0022300775,"Feb 13, 2024",MIN @ POR,W,25,4,8,0.5,1,3,0.333,1,2,0.5,0,3,3,1,1,2,0,2,10,18,1,Naz Reid,2023-24
22023,1629675,0022300770,"Feb 12, 2024",MIN @ LAC,W,27,5,9,0.556,1,2,0.5,0,0,0.0,0,7,7,1,0,0,2,3,11,17,1,Naz Reid,2023-24
22023,1629675,0022300738,"Feb 08, 2024",MIN @ MIL,W,24,6,11,0.545,2,4,0.5,3,3,1.0,1,3,4,0,1,1,1,1,17,6,1,Naz Reid,2023-24
22023,1629675,0022300723,"Feb 06, 2024",MIN @ CHI,L,20,4,11,0.364,2,6,0.333,0,0,0.0,0,4,4,2,0,1,0,1,10,3,1,Naz Reid,2023-24
22023,1629675,0022300709,"Feb 04, 2024",MIN vs. HOU,W,22,5,11,0.455,1,4,0.25,2,3,0.667,0,6,6,0,1,2,1,2,13,4,1,Naz Reid,2023-24
22023,1629675,0022300694,"Feb 02, 2024",MIN vs. ORL,L,22,4,5,0.8,1,2,0.5,0,0,0.0,0,5,5,1,0,0,2,1,9,4,1,Naz Reid,2023-24
22023,1629675,0022300680,"Jan 31, 2024",MIN vs. DAL,W,26,4,10,0.4,3,5,0.6,1,4,0.25,1,7,8,2,1,1,0,3,12,23,1,Naz Reid,2023-24
22023,1629675,0022300664,"Jan 29, 2024",MIN @ OKC,W,21,3,10,0.3,3,5,0.6,0,0,0.0,0,5,5,2,0,0,2,0,9,-7,1,Naz Reid,2023-24
22023,1629675,0022300649,"Jan 27, 2024",MIN @ SAS,L,22,5,12,0.417,2,5,0.4,1,2,0.5,0,2,2,0,0,3,1,2,13,5,1,Naz Reid,2023-24
22023,1629675,0022300629,"Jan 25, 2024",MIN @ BKN,W,23,2,7,0.286,1,3,0.333,0,0,0.0,1,3,4,2,0,1,1,3,5,8,1,Naz Reid,2023-24
22023,1629675,0022300620,"Jan 24, 2024",MIN @ WAS,W,21,2,9,0.222,1,3,0.333,0,0,0.0,0,3,3,2,1,1,0,1,5,4,1,Naz Reid,2023-24
22023,1629675,0022300610,"Jan 22, 2024",MIN vs. CHA,L,15,2,5,0.4,1,4,0.25,0,0,0.0,0,0,0,0,1,0,1,3,5,6,1,Naz Reid,2023-24
22023,1629675,0022300599,"Jan 20, 2024",MIN vs. OKC,L,26,7,13,0.538,4,8,0.5,0,0,0.0,0,3,3,0,0,4,4,3,18,17,1,Naz Reid,2023-24
22023,1629675,0022300582,"Jan 18, 2024",MIN vs. MEM,W,24,8,13,0.615,4,5,0.8,0,0,0.0,0,3,3,1,2,1,0,2,20,16,1,Naz Reid,2023-24
22023,1629675,0022300569,"Jan 17, 2024",MIN @ DET,W,23,3,9,0.333,1,4,0.25,2,4,0.5,0,4,4,1,3,0,1,0,9,3,1,Naz Reid,2023-24
22023,1629675,0022300553,"Jan 14, 2024",MIN vs. LAC,W,14,3,5,0.6,2,3,0.667,0,0,0.0,0,1,1,1,2,0,1,2,8,6,1,Naz Reid,2023-24
22023,1629675,0022300538,"Jan 12, 2024",MIN vs. POR,W,21,5,10,0.5,2,6,0.333,2,5,0.4,1,2,3,1,2,0,0,2,14,-4,1,Naz Reid,2023-24
22023,1629675,0022300517,"Jan 10, 2024",MIN @ BOS,L,37,7,15,0.467,3,7,0.429,2,2,1.0,3,7,10,3,0,3,1,4,19,2,1,Naz Reid,2023-24
22023,1629675,0022300513,"Jan 09, 2024",MIN @ ORL,W,21,5,8,0.625,2,4,0.5,1,2,0.5,2,8,10,2,0,0,3,3,13,1,1,Naz Reid,2023-24
22023,1629675,0022300501,"Jan 07, 2024",MIN @ DAL,L,27,7,12,0.583,1,4,0.25,0,2,0.0,4,5,9,0,0,0,0,2,15,-1,1,Naz Reid,2023-24
22023,1629675,0022300485,"Jan 05, 2024",MIN @ HOU,W,25,6,11,0.545,3,6,0.5,1,2,0.5,1,6,7,2,0,1,0,1,16,21,1,Naz Reid,2023-24
22023,1629675,0022300471,"Jan 03, 2024",MIN vs. NOP,L,25,3,8,0.375,2,5,0.4,0,0,0.0,0,6,6,2,0,2,1,2,8,3,1,Naz Reid,2023-24
22023,1629675,0022300451,"Jan 01, 2024",MIN @ NYK,L,19,2,6,0.333,1,4,0.25,0,0,0.0,0,2,2,0,0,0,0,5,5,-5,1,Naz Reid,2023-24
22023,1629675,0022300443,"Dec 30, 2023",MIN vs. LAL,W,27,8,11,0.727,2,5,0.4,3,4,0.75,0,5,5,1,2,2,2,3,21,13,1,Naz Reid,2023-24
22023,1629675,0022300423,"Dec 28, 2023",MIN vs. DAL,W,18,3,5,0.6,3,5,0.6,0,0,0.0,0,4,4,2,0,0,3,4,9,12,1,Naz Reid,2023-24
22023,1629675,0022300411,"Dec 26, 2023",MIN @ OKC,L,19,2,4,0.5,2,3,0.667,0,0,0.0,1,6,7,0,0,0,4,1,6,-9,1,Naz Reid,2023-24
22023,1629675,0022300400,"Dec 23, 2023",MIN @ SAC,W,19,2,4,0.5,0,1,0.0,2,2,1.0,0,2,2,2,2,0,1,0,6,-13,1,Naz Reid,2023-24
22023,1629675,0022300380,"Dec 21, 2023",MIN vs. LAL,W,21,3,9,0.333,3,6,0.5,0,0,0.0,2,3,5,2,1,1,3,6,9,5,1,Naz Reid,2023-24
22023,1629675,0022300367,"Dec 20, 2023",MIN @ PHI,L,20,4,9,0.444,2,6,0.333,0,0,0.0,1,1,2,1,0,1,4,3,10,-27,1,Naz Reid,2023-24
22023,1629675,0022300353,"Dec 18, 2023",MIN @ MIA,W,21,5,13,0.385,1,6,0.167,2,2,1.0,1,3,4,1,1,1,1,2,13,2,1,Naz Reid,2023-24
22023,1629675,0022300338,"Dec 16, 2023",MIN vs. IND,W,27,6,8,0.75,3,5,0.6,2,2,1.0,0,5,5,0,0,0,1,2,17,25,1,Naz Reid,2023-24
22023,1629675,0022300321,"Dec 14, 2023",MIN @ DAL,W,31,8,14,0.571,7,11,0.636,4,4,1.0,2,4,6,3,1,0,2,2,27,16,1,Naz Reid,2023-24
22023,1629675,0022300301,"Dec 11, 2023",MIN @ NOP,L,24,7,15,0.467,3,7,0.429,0,0,0.0,3,3,6,2,1,0,0,3,17,0,1,Naz Reid,2023-24
22023,1629675,0022301221,"Dec 08, 2023",MIN @ MEM,W,24,5,12,0.417,0,5,0.0,0,0,0.0,0,9,9,2,1,1,1,2,10,7,1,Naz Reid,2023-24
22023,1629675,0022301210,"Dec 06, 2023",MIN vs. SAS,W,29,7,18,0.389,1,7,0.143,0,0,0.0,4,5,9,2,0,1,1,2,15,10,1,Naz Reid,2023-24
22023,1629675,0022300281,"Dec 02, 2023",MIN @ CHA,W,25,9,14,0.643,3,6,0.5,2,2,1.0,2,3,5,2,1,0,2,0,23,-7,1,Naz Reid,2023-24
22023,1629675,0022300270,"Nov 30, 2023",MIN vs. UTA,W,22,3,9,0.333,0,4,0.0,0,0,0.0,1,2,3,0,1,1,0,2,6,-2,1,Naz Reid,2023-24
22023,1629675,0022300058,"Nov 28, 2023",MIN vs. OKC,W,25,6,9,0.667,3,4,0.75,0,0,0.0,1,6,7,2,0,2,1,2,15,1,1,Naz Reid,2023-24
22023,1629675,0022300249,"Nov 26, 2023",MIN @ MEM,W,22,4,9,0.444,1,2,0.5,3,4,0.75,2,4,6,0,1,0,1,4,12,4,1,Naz Reid,2023-24
22023,1629675,0022300050,"Nov 24, 2023",MIN vs. SAC,L,18,4,7,0.571,1,3,0.333,0,0,0.0,0,1,1,0,0,2,3,0,9,-19,1,Naz Reid,2023-24
22023,1629675,0022300232,"Nov 22, 2023",MIN vs. PHI,W,22,6,13,0.462,1,4,0.25,0,1,0.0,1,3,4,0,3,1,0,1,13,4,1,Naz Reid,2023-24
22023,1629675,0022300221,"Nov 20, 2023",MIN vs. NYK,W,18,3,8,0.375,1,6,0.167,3,3,1.0,0,3,3,1,1,0,3,6,10,3,1,Naz Reid,2023-24
22023,1629675,0022300203,"Nov 18, 2023",MIN @ NOP,W,18,2,8,0.25,2,6,0.333,2,2,1.0,0,1,1,0,0,1,1,0,8,-8,1,Naz Reid,2023-24
22023,1629675,0022300197,"Nov 15, 2023",MIN @ PHX,L,19,4,7,0.571,1,2,0.5,4,4,1.0,2,2,4,0,1,0,0,0,13,-5,1,Naz Reid,2023-24
22023,1629675,0022300025,"Nov 14, 2023",MIN @ GSW,W,16,4,5,0.8,2,3,0.667,0,0,0.0,0,2,2,0,0,0,1,4,10,-8,1,Naz Reid,2023-24
22023,1629675,0022300186,"Nov 12, 2023",MIN @ GSW,W,19,3,8,0.375,2,5,0.4,2,2,1.0,1,5,6,2,0,0,2,2,10,10,1,Naz Reid,2023-24
22023,1629675,0022300013,"Nov 10, 2023",MIN @ SAS,W,18,3,7,0.429,1,3,0.333,0,0,0.0,1,2,3,0,0,2,0,1,7,7,1,Naz Reid,2023-24
22023,1629675,0022300166,"Nov 08, 2023",MIN vs. NOP,W,22,4,8,0.5,1,4,0.25,0,0,0.0,1,3,4,0,1,0,0,2,9,17,1,Naz Reid,2023-24
22023,1629675,0022300154,"Nov 06, 2023",MIN vs. BOS,W,25,5,9,0.556,2,4,0.5,2,2,1.0,1,3,4,2,2,2,3,0,14,-2,1,Naz Reid,2023-24
22023,1629675,0022300138,"Nov 04, 2023",MIN vs. UTA,W,22,5,9,0.556,3,5,0.6,3,4,0.75,2,3,5,1,0,0,1,0,16,9,1,Naz Reid,2023-24
22023,1629675,0022300123,"Nov 01, 2023",MIN vs. DEN,W,19,6,9,0.667,1,3,0.333,3,3,1.0,1,4,5,1,1,0,1,0,16,4,1,Naz Reid,2023-24
22023,1629675,0022300104,"Oct 30, 2023",MIN @ ATL,L,24,5,12,0.417,3,7,0.429,0,0,0.0,0,1,1,0,0,0,1,1,13,-21,1,Naz Reid,2023-24
22023,1629675,0022300093,"Oct 28, 2023",MIN vs. MIA,W,28,10,14,0.714,4,7,0.571,1,1,1.0,1,7,8,1,2,0,0,3,25,30,1,Naz Reid,2023-24
22023,1629675,0022300069,"Oct 25, 2023",MIN @ TOR,L,24,3,8,0.375,0,2,0.0,4,4,1.0,1,3,4,1,0,0,1,0,10,1,1,Naz Reid,2023-24
22024,1629675,0022401195,"Apr 13, 2025",MIN vs. UTA,W,25,5,10,0.5,0,3,0.0,1,1,1.0,3,5,8,2,0,0,1,2,11,9,1,Naz Reid,2024-25
22024,1629675,0022401179,"Apr 11, 2025",MIN vs. BKN,W,26,3,6,0.5,1,3,0.333,0,0,0.0,2,3,5,2,0,1,0,0,7,7,1,Naz Reid,2024-25
22024,1629675,0022401170,"Apr 10, 2025",MIN @ MEM,W,24,4,13,0.308,1,5,0.2,5,5,1.0,3,3,6,1,0,0,2,5,14,-7,1,Naz Reid,2024-25
22024,1629675,0022401152,"Apr 08, 2025",MIN @ MIL,L,26,7,12,0.583,3,7,0.429,0,0,0.0,1,3,4,3,1,0,0,1,17,7,1,Naz Reid,2024-25
22024,1629675,0022401130,"Apr 05, 2025",MIN @ PHI,W,27,4,10,0.4,0,5,0.0,1,2,0.5,0,7,7,2,0,2,5,3,9,11,1,Naz Reid,2024-25
22024,1629675,0022401113,"Apr 03, 2025",MIN @ BKN,W,26,5,9,0.556,1,4,0.25,2,2,1.0,0,2,2,3,0,1,2,1,13,9,1,Naz Reid,2024-25
22024,1629675,0022401084,"Mar 30, 2025",MIN vs. DET,W,10,1,3,0.333,0,1,0.0,0,0,0.0,0,2,2,1,0,0,0,0,2,0,1,Naz Reid,2024-25
22024,1629675,0022401071,"Mar 28, 2025",MIN vs. PHX,W,26,3,7,0.429,3,5,0.6,0,0,0.0,1,6,7,4,1,0,1,2,9,3,1,Naz Reid,2024-25
22024,1629675,0022401037,"Mar 24, 2025",MIN @ IND,L,26,8,13,0.615,3,6,0.5,1,2,0.5,0,3,3,2,0,0,1,2,20,-5,1,Naz Reid,2024-25
22024,1629675,0022401016,"Mar 21, 2025",MIN vs. NOP,W,24,6,13,0.462,3,8,0.375,0,0,0.0,0,5,5,6,1,0,0,1,15,19,1,Naz Reid,2024-25
22024,1629675,0022401001,"Mar 19, 2025",MIN vs. NOP,L,34,3,11,0.273,2,7,0.286,1,2,0.5,2,5,7,4,1,1,1,1,9,6,1,Naz Reid,2024-25
22024,1629675,0022400986,"Mar 17, 2025",MIN vs. IND,L,30,9,16,0.563,3,7,0.429,0,0,0.0,1,3,4,0,1,1,2,3,21,5,1,Naz Reid,2024-25
22024,1629675,0022400981,"Mar 16, 2025",MIN vs. UTA,W,20,2,10,0.2,0,5,0.0,1,2,0.5,4,5,9,3,3,1,3,1,5,11,1,Naz Reid,2024-25
22024,1629675,0022400963,"Mar 14, 2025",MIN vs. ORL,W,27,3,9,0.333,2,6,0.333,0,2,0.0,0,7,7,3,1,2,2,4,8,7,1,Naz Reid,2024-25
22024,1629675,0022400952,"Mar 12, 2025",MIN @ DEN,W,26,3,7,0.429,2,5,0.4,0,0,0.0,0,5,5,2,1,1,3,4,8,17,1,Naz Reid,2024-25
22024,1629675,0022400925,"Mar 09, 2025",MIN vs. SAS,W,27,8,15,0.533,4,8,0.5,0,0,0.0,1,6,7,4,0,2,2,2,20,7,1,Naz Reid,2024-25
22024,1629675,0022400907,"Mar 07, 2025",MIN @ MIA,W,34,6,13,0.462,3,7,0.429,0,0,0.0,1,3,4,3,0,2,1,3,15,19,1,Naz Reid,2024-25
22024,1629675,0022400892,"Mar 05, 2025",MIN @ CHA,W,35,5,12,0.417,2,7,0.286,1,2,0.5,1,9,10,2,0,0,1,3,13,20,1,Naz Reid,2024-25
22024,1629675,0022400887,"Mar 04, 2025",MIN vs. PHI,W,33,9,18,0.5,5,10,0.5,0,0,0.0,1,5,6,2,1,1,3,2,23,12,1,Naz Reid,2024-25
22024,1629675,0022400873,"Mar 02, 2025",MIN @ PHX,W,39,3,15,0.2,1,8,0.125,0,2,0.0,0,10,10,5,2,1,1,3,7,26,1,Naz Reid,2024-25
22024,1629675,0022400858,"Feb 28, 2025",MIN @ UTA,L,41,10,25,0.4,6,15,0.4,1,2,0.5,4,7,11,5,3,1,2,3,27,-5,1,Naz Reid,2024-25
22024,1629675,0022400849,"Feb 27, 2025",MIN @ LAL,L,31,1,10,0.1,0,5,0.0,1,2,0.5,4,8,12,2,0,0,3,4,3,-9,1,Naz Reid,2024-25
22024,1629675,0022400826,"Feb 24, 2025",MIN @ OKC,W,41,7,21,0.333,2,8,0.25,6,6,1.0,2,9,11,3,0,0,2,2,22,3,1,Naz Reid,2024-25
22024,1629675,0022400820,"Feb 23, 2025",MIN vs. OKC,L,40,6,18,0.333,3,9,0.333,7,7,1.0,2,9,11,2,0,4,2,3,22,6,1,Naz Reid,2024-25
22024,1629675,0022400801,"Feb 21, 2025",MIN @ HOU,L,34,9,16,0.563,2,6,0.333,2,2,1.0,1,7,8,3,1,3,0,5,22,-10,1,Naz Reid,2024-25
22024,1629675,0022400787,"Feb 13, 2025",MIN vs. OKC,W,38,11,18,0.611,3,9,0.333,2,2,1.0,4,10,14,7,0,1,0,1,27,10,1,Naz Reid,2024-25
22024,1629675,0022400776,"Feb 12, 2025",MIN vs. MIL,L,33,7,17,0.412,1,7,0.143,7,7,1.0,2,11,13,2,0,1,2,2,22,10,1,Naz Reid,2024-25
22024,1629675,0022400755,"Feb 10, 2025",MIN @ CLE,L,35,4,12,0.333,1,6,0.167,1,2,0.5,2,4,6,4,0,2,1,3,10,-9,1,Naz Reid,2024-25
22024,1629675,0022400747,"Feb 08, 2025",MIN vs. POR,W,38,9,16,0.563,5,9,0.556,0,2,0.0,0,8,8,2,2,0,4,5,23,29,1,Naz Reid,2024-25
22024,1629675,0022400729,"Feb 06, 2025",MIN vs. HOU,W,36,6,16,0.375,2,8,0.25,1,1,1.0,4,7,11,4,2,2,2,2,15,25,1,Naz Reid,2024-25
22024,1629675,0022400723,"Feb 05, 2025",MIN vs. CHI,W,36,8,19,0.421,4,10,0.4,2,2,1.0,2,8,10,6,1,2,1,3,22,16,1,Naz Reid,2024-25
22024,1629675,0022400704,"Feb 03, 2025",MIN vs. SAC,L,40,12,19,0.632,5,9,0.556,1,1,1.0,1,4,5,3,0,2,0,1,30,3,1,Naz Reid,2024-25
22024,1629675,0022400690,"Feb 01, 2025",MIN vs. WAS,L,20,3,10,0.3,2,6,0.333,0,0,0.0,0,3,3,0,0,0,1,1,8,-9,1,Naz Reid,2024-25
22024,1629675,0022400677,"Jan 30, 2025",MIN @ UTA,W,28,4,5,0.8,4,5,0.8,0,0,0.0,0,4,4,4,1,0,0,1,12,35,1,Naz Reid,2024-25
22024,1629675,0022400656,"Jan 27, 2025",MIN vs. ATL,W,29,6,9,0.667,3,5,0.6,0,0,0.0,0,3,3,2,0,0,2,1,15,4,1,Naz Reid,2024-25
22024,1629675,0022400634,"Jan 25, 2025",MIN vs. DEN,W,25,5,9,0.556,1,2,0.5,2,2,1.0,2,0,2,4,2,2,2,1,13,14,1,Naz Reid,2024-25
22024,1629675,0022400614,"Jan 22, 2025",MIN @ DAL,W,27,5,9,0.556,2,3,0.667,0,0,0.0,0,6,6,1,1,0,0,3,12,-1,1,Naz Reid,2024-25
22024,1629675,0022400601,"Jan 20, 2025",MIN @ MEM,L,33,11,20,0.55,5,10,0.5,2,2,1.0,3,5,8,1,0,0,2,3,29,2,1,Naz Reid,2024-25
22024,1629675,0022400590,"Jan 18, 2025",MIN vs. CLE,L,26,6,12,0.5,4,8,0.5,0,0,0.0,0,2,2,4,2,2,0,3,16,-15,1,Naz Reid,2024-25
22024,1629675,0022400578,"Jan 17, 2025",MIN @ NYK,W,25,8,11,0.727,6,6,1.0,1,2,0.5,2,6,8,1,1,0,1,4,23,1,1,Naz Reid,2024-25
22024,1629675,0022400565,"Jan 15, 2025",MIN vs. GSW,L,29,5,13,0.385,3,7,0.429,2,2,1.0,2,4,6,1,0,1,0,0,15,8,1,Naz Reid,2024-25
22024,1629675,0022400548,"Jan 13, 2025",MIN @ WAS,W,24,3,5,0.6,3,4,0.75,3,4,0.75,0,5,5,1,3,1,0,4,12,7,1,Naz Reid,2024-25
22024,1629675,0022400535,"Jan 11, 2025",MIN vs. MEM,L,30,7,10,0.7,5,7,0.714,0,0,0.0,1,5,6,3,0,1,2,1,19,2,1,Naz Reid,2024-25
22024,1629675,0022400519,"Jan 09, 2025",MIN @ ORL,W,23,5,9,0.556,2,4,0.5,4,6,0.667,0,3,3,1,2,1,0,1,16,14,1,Naz Reid,2024-25
22024,1629675,0022400505,"Jan 07, 2025",MIN @ NOP,W,23,6,16,0.375,1,5,0.2,0,1,0.0,6,6,12,1,0,1,3,2,13,0,1,Naz Reid,2024-25
22024,1629675,0022400500,"Jan 06, 2025",MIN vs. LAC,W,31,8,14,0.571,1,5,0.2,1,3,0.333,1,6,7,3,1,2,1,5,18,-10,1,Naz Reid,2024-25
22024,1629675,0022400479,"Jan 04, 2025",MIN @ DET,L,25,2,7,0.286,2,4,0.5,3,4,0.75,0,3,3,1,0,0,0,2,9,-7,1,Naz Reid,2024-25
22024,1629675,0022400464,"Jan 02, 2025",MIN vs. BOS,L,26,6,11,0.545,4,5,0.8,4,4,1.0,3,2,5,3,0,0,2,1,20,-4,1,Naz Reid,2024-25
22024,1629675,0022400452,"Dec 31, 2024",MIN @ OKC,L,33,8,14,0.571,1,5,0.2,2,2,1.0,2,6,8,1,1,3,4,4,19,-8,1,Naz Reid,2024-25
22024,1629675,0022400441,"Dec 29, 2024",MIN vs. SAS,W,21,5,11,0.455,1,4,0.25,0,2,0.0,0,4,4,2,1,1,0,4,11,4,1,Naz Reid,2024-25
22024,1629675,0022400422,"Dec 27, 2024",MIN @ HOU,W,24,6,12,0.5,1,5,0.2,1,3,0.333,2,1,3,1,0,1,2,6,14,14,1,Naz Reid,2024-25
22024,1629675,0022400406,"Dec 25, 2024",MIN @ DAL,W,22,3,6,0.5,0,0,0.0,0,0,0.0,0,2,2,2,1,0,1,1,6,-3,1,Naz Reid,2024-25
22024,1629675,0022400395,"Dec 23, 2024",MIN @ ATL,L,29,10,19,0.526,3,10,0.3,0,0,0.0,2,1,3,3,1,0,1,2,23,-13,1,Naz Reid,2024-25
22024,1629675,0022400383,"Dec 21, 2024",MIN vs. GSW,L,25,6,11,0.545,4,7,0.571,0,0,0.0,1,3,4,2,0,1,3,3,16,-12,1,Naz Reid,2024-25
22024,1629675,0022400367,"Dec 19, 2024",MIN vs. NYK,L,16,1,7,0.143,1,4,0.25,0,0,0.0,0,2,2,2,0,0,1,4,3,-6,1,Naz Reid,2024-25
22024,1629675,0022401218,"Dec 15, 2024",MIN @ SAS,W,27,1,10,0.1,0,4,0.0,1,1,1.0,0,8,8,3,0,1,0,1,3,26,1,Naz Reid,2024-25
22024,1629675,0022401210,"Dec 13, 2024",MIN vs. LAL,W,26,3,10,0.3,2,2,1.0,2,2,1.0,1,4,5,0,0,1,2,3,10,-6,1,Naz Reid,2024-25
22024,1629675,0022400355,"Dec 08, 2024",MIN @ GSW,L,21,3,8,0.375,1,6,0.167,3,5,0.6,0,6,6,2,0,2,2,2,10,-2,1,Naz Reid,2024-25
22024,1629675,0022400338,"Dec 06, 2024",MIN @ GSW,W,32,4,10,0.4,1,5,0.2,0,0,0.0,1,9,10,4,3,2,0,1,9,20,1,Naz Reid,2024-25
22024,1629675,0022400324,"Dec 04, 2024",MIN @ LAC,W,21,1,4,0.25,0,2,0.0,2,2,1.0,0,4,4,1,0,2,1,1,4,15,1,Naz Reid,2024-25
22024,1629675,0022400318,"Dec 02, 2024",MIN vs. LAL,W,28,6,11,0.545,2,5,0.4,1,1,1.0,0,2,2,2,2,1,0,3,15,22,1,Naz Reid,2024-25
22024,1629675,0022400044,"Nov 29, 2024",MIN vs. LAC,W,23,3,9,0.333,1,6,0.167,1,1,1.0,0,6,6,1,1,2,1,0,8,-2,1,Naz Reid,2024-25
22024,1629675,0022400294,"Nov 27, 2024",MIN vs. SAC,L,24,3,7,0.429,0,3,0.0,1,2,0.5,0,3,3,1,3,3,3,3,7,-5,1,Naz Reid,2024-25
22024,1629675,0022400037,"Nov 26, 2024",MIN vs. HOU,L,27,7,14,0.5,3,7,0.429,2,2,1.0,1,6,7,0,2,0,2,0,19,6,1,Naz Reid,2024-25
22024,1629675,0022400271,"Nov 24, 2024",MIN @ BOS,L,26,2,9,0.222,1,6,0.167,0,0,0.0,0,5,5,2,1,0,2,3,5,10,1,Naz Reid,2024-25
22024,1629675,0022400261,"Nov 21, 2024",MIN @ TOR,L,22,1,8,0.125,0,3,0.0,0,0,0.0,2,2,4,1,0,1,2,5,2,-4,1,Naz Reid,2024-25
22024,1629675,0022400234,"Nov 17, 2024",MIN vs. PHX,W,22,4,10,0.4,1,6,0.167,4,5,0.8,2,2,4,1,1,0,2,1,13,-15,1,Naz Reid,2024-25
22024,1629675,0022400020,"Nov 15, 2024",MIN @ SAC,W,24,7,12,0.583,2,4,0.5,0,0,0.0,1,4,5,2,0,0,0,1,16,-20,1,Naz Reid,2024-25
22024,1629675,0022400226,"Nov 13, 2024",MIN @ POR,L,28,5,12,0.417,2,8,0.25,3,4,0.75,1,2,3,2,1,1,0,3,15,-11,1,Naz Reid,2024-25
22024,1629675,0022400008,"Nov 12, 2024",MIN @ POR,L,34,10,17,0.588,4,8,0.5,4,4,1.0,0,6,6,1,1,0,1,4,28,-15,1,Naz Reid,2024-25
22024,1629675,0022400206,"Nov 10, 2024",MIN vs. MIA,L,23,5,11,0.455,4,7,0.571,1,1,1.0,1,2,3,2,0,0,1,2,15,10,1,Naz Reid,2024-25
22024,1629675,0022400193,"Nov 08, 2024",MIN vs. POR,W,22,6,11,0.545,3,5,0.6,0,0,0.0,0,4,4,1,1,0,1,4,15,20,1,Naz Reid,2024-25
22024,1629675,0022400181,"Nov 07, 2024",MIN @ CHI,W,18,2,7,0.286,0,3,0.0,0,0,0.0,1,1,2,1,1,0,0,2,4,-10,1,Naz Reid,2024-25
22024,1629675,0022400162,"Nov 04, 2024",MIN vs. CHA,W,26,9,13,0.692,5,7,0.714,2,2,1.0,2,7,9,2,1,1,1,3,25,33,1,Naz Reid,2024-25
22024,1629675,0022400146,"Nov 02, 2024",MIN @ SAS,L,26,4,8,0.5,2,5,0.4,1,2,0.5,0,4,4,2,0,0,0,1,11,-10,1,Naz Reid,2024-25
22024,1629675,0022400139,"Nov 01, 2024",MIN vs. DEN,W,23,7,10,0.7,1,3,0.333,1,1,1.0,1,2,3,2,0,3,1,4,16,13,1,Naz Reid,2024-25
22024,1629675,0022400114,"Oct 29, 2024",MIN vs. DAL,L,26,5,8,0.625,2,5,0.4,2,2,1.0,0,9,9,2,0,1,5,1,14,-6,1,Naz Reid,2024-25
22024,1629675,0022400093,"Oct 26, 2024",MIN vs. TOR,W,21,3,7,0.429,0,2,0.0,4,4,1.0,1,3,4,1,1,0,0,0,10,-5,1,Naz Reid,2024-25
22024,1629675,0022400076,"Oct 24, 2024",MIN @ SAC,W,27,6,10,0.6,4,7,0.571,3,3,1.0,0,13,13,3,0,0,2,4,19,13,1,Naz Reid,2024-25
22024,1629675,0022400062,"Oct 22, 2024",MIN @ LAL,L,26,3,8,0.375,2,4,0.5,4,4,1.0,1,3,4,1,0,0,1,3,12,-6,1,Naz Reid,2024-25
22022,201144,0022201225,"Apr 09, 2023",MIN vs. NOP,W,34,5,11,0.455,1,6,0.167,6,7,0.857,0,2,2,7,1,0,1,3,17,5,1,Mike Conley,2022-23
22022,201144,0022201214,"Apr 08, 2023",MIN @ SAS,W,24,6,9,0.667,5,7,0.714,3,4,0.75,0,1,1,5,0,0,2,2,20,15,1,Mike Conley,2022-23
22022,201144,0022201180,"Apr 04, 2023",MIN @ BKN,W,33,6,9,0.667,3,5,0.6,3,4,0.75,0,1,1,1,1,1,1,1,18,2,1,Mike Conley,2022-23
22022,201144,0022201166,"Apr 02, 2023",MIN vs. POR,L,35,2,8,0.25,2,6,0.333,5,5,1.0,1,3,4,6,0,0,1,2,11,-3,1,Mike Conley,2022-23
22022,201144,0022201157,"Mar 31, 2023",MIN vs. LAL,L,32,7,11,0.636,4,6,0.667,7,8,0.875,0,3,3,7,3,0,2,6,25,5,1,Mike Conley,2022-23
22022,201144,0022201144,"Mar 29, 2023",MIN @ PHX,L,32,3,13,0.231,1,7,0.143,0,0,0.0,3,6,9,4,1,0,1,3,7,-11,1,Mike Conley,2022-23
22022,201144,0022201128,"Mar 27, 2023",MIN @ SAC,W,28,6,8,0.75,1,2,0.5,3,4,0.75,0,2,2,3,1,0,0,3,16,8,1,Mike Conley,2022-23
22022,201144,0022201121,"Mar 26, 2023",MIN @ GSW,W,31,4,11,0.364,4,9,0.444,0,2,0.0,1,1,2,2,2,0,2,3,12,-4,1,Mike Conley,2022-23
22022,201144,0022201090,"Mar 22, 2023",MIN vs. ATL,W,30,4,11,0.364,2,5,0.4,3,3,1.0,0,3,3,6,0,0,0,1,13,10,1,Mike Conley,2022-23
22022,201144,0022201073,"Mar 20, 2023",MIN @ NYK,W,32,6,11,0.545,3,5,0.6,9,9,1.0,1,3,4,11,2,1,2,1,24,11,1,Mike Conley,2022-23
22022,201144,0022201058,"Mar 18, 2023",MIN @ TOR,L,26,4,8,0.5,0,4,0.0,4,4,1.0,0,2,2,3,1,0,1,2,12,-7,1,Mike Conley,2022-23
22022,201144,0022201050,"Mar 17, 2023",MIN @ CHI,L,46,9,14,0.643,8,12,0.667,2,2,1.0,0,5,5,6,3,0,1,1,28,-12,1,Mike Conley,2022-23
22022,201144,0022201039,"Mar 15, 2023",MIN vs. BOS,L,30,2,7,0.286,2,6,0.333,1,1,1.0,2,3,5,2,0,0,1,2,7,-1,1,Mike Conley,2022-23
22022,201144,0022201021,"Mar 13, 2023",MIN @ ATL,W,28,9,13,0.692,3,5,0.6,0,1,0.0,0,1,1,6,1,0,1,4,21,19,1,Mike Conley,2022-23
22022,201144,0022201001,"Mar 10, 2023",MIN vs. BKN,L,41,3,13,0.231,1,6,0.167,4,5,0.8,4,2,6,7,2,1,2,0,11,7,1,Mike Conley,2022-23
22022,201144,0022200980,"Mar 07, 2023",MIN vs. PHI,L,24,1,6,0.167,1,3,0.333,3,3,1.0,0,0,0,3,2,0,2,0,6,-14,1,Mike Conley,2022-23
22022,201144,0022200961,"Mar 04, 2023",MIN @ SAC,W,30,7,12,0.583,4,8,0.5,6,6,1.0,0,3,3,3,0,0,0,0,24,17,1,Mike Conley,2022-23
22022,201144,0022200955,"Mar 03, 2023",MIN @ LAL,W,31,6,11,0.545,2,6,0.333,0,0,0.0,0,6,6,3,0,0,1,2,14,-3,1,Mike Conley,2022-23
22022,201144,0022200932,"Feb 28, 2023",MIN @ LAC,W,29,2,8,0.25,2,5,0.4,0,0,0.0,1,4,5,7,3,0,1,0,6,3,1,Mike Conley,2022-23
22022,201144,0022200916,"Feb 26, 2023",MIN @ GSW,L,34,3,7,0.429,3,5,0.6,0,0,0.0,1,2,3,7,1,1,1,2,9,-2,1,Mike Conley,2022-23
22022,201144,0022200898,"Feb 24, 2023",MIN vs. CHA,L,31,6,13,0.462,2,7,0.286,1,1,1.0,0,2,2,3,0,0,1,2,15,-5,1,Mike Conley,2022-23
22022,201144,0022200884,"Feb 16, 2023",MIN vs. WAS,L,33,0,6,0.0,0,3,0.0,0,0,0.0,1,1,2,6,2,0,0,0,0,-3,1,Mike Conley,2022-23
22022,201144,0022200865,"Feb 13, 2023",MIN @ DAL,W,32,4,8,0.5,3,6,0.5,1,2,0.5,1,2,3,9,1,0,2,4,12,6,1,Mike Conley,2022-23
22022,201144,0022200841,"Feb 10, 2023",MIN @ MEM,L,26,3,7,0.429,1,4,0.25,2,2,1.0,0,1,1,3,2,0,3,1,9,-11,1,Mike Conley,2022-23
22022,201144,0022200813,"Feb 06, 2023",UTA vs. DAL,L,31,4,8,0.5,1,4,0.25,1,1,1.0,0,1,1,11,0,0,2,1,10,-10,1,Mike Conley,2022-23
22022,201144,0022200792,"Feb 03, 2023",UTA vs. ATL,L,30,7,9,0.778,2,4,0.5,4,6,0.667,0,2,2,8,1,0,5,3,20,-7,1,Mike Conley,2022-23
22022,201144,0022200776,"Feb 01, 2023",UTA vs. TOR,W,31,5,8,0.625,0,3,0.0,9,9,1.0,0,3,3,8,0,2,3,2,19,1,1,Mike Conley,2022-23
22022,201144,0022200750,"Jan 28, 2023",UTA vs. DAL,W,34,2,8,0.25,0,4,0.0,0,0,0.0,2,3,5,11,4,0,3,3,4,16,1,Mike Conley,2022-23
22022,201144,0022200727,"Jan 25, 2023",UTA @ POR,L,32,3,6,0.5,2,5,0.4,0,0,0.0,1,4,5,10,2,0,3,2,8,-4,1,Mike Conley,2022-23
22022,201144,0022200710,"Jan 23, 2023",UTA vs. CHA,W,27,5,12,0.417,4,8,0.5,0,0,0.0,0,3,3,3,1,1,0,2,14,19,1,Mike Conley,2022-23
22022,201144,0022200689,"Jan 20, 2023",UTA vs. BKN,L,32,2,8,0.25,1,4,0.25,4,4,1.0,0,5,5,9,1,0,1,3,9,-10,1,Mike Conley,2022-23
22022,201144,0022200675,"Jan 18, 2023",UTA vs. LAC,W,29,6,8,0.75,5,6,0.833,0,0,0.0,0,4,4,9,0,1,0,2,17,12,1,Mike Conley,2022-23
22022,201144,0022200662,"Jan 16, 2023",UTA @ MIN,W,30,5,8,0.625,3,6,0.5,1,1,1.0,1,7,8,6,0,0,0,0,14,9,1,Mike Conley,2022-23
22022,201144,0022200646,"Jan 14, 2023",UTA vs. PHI,L,29,3,9,0.333,2,7,0.286,6,7,0.857,1,0,1,8,1,0,0,1,14,-1,1,Mike Conley,2022-23
22022,201144,0022200614,"Jan 10, 2023",UTA vs. CLE,W,33,4,9,0.444,1,5,0.2,4,4,1.0,0,0,0,4,0,0,3,3,13,8,1,Mike Conley,2022-23
22022,201144,0022200600,"Jan 08, 2023",UTA @ MEM,L,28,3,9,0.333,0,2,0.0,1,1,1.0,0,0,0,8,1,0,3,2,7,-4,1,Mike Conley,2022-23
22022,201144,0022200592,"Jan 07, 2023",UTA @ CHI,L,28,3,9,0.333,3,5,0.6,0,0,0.0,0,2,2,7,0,0,1,1,9,-26,1,Mike Conley,2022-23
22022,201144,0022200578,"Jan 05, 2023",UTA @ HOU,W,32,3,10,0.3,1,5,0.2,2,2,1.0,1,3,4,11,0,0,0,1,9,18,1,Mike Conley,2022-23
22022,201144,0022200563,"Jan 03, 2023",UTA vs. SAC,L,33,6,10,0.6,2,4,0.5,4,5,0.8,0,1,1,7,3,0,1,2,18,11,1,Mike Conley,2022-23
22022,201144,0022200546,"Dec 31, 2022",UTA vs. MIA,L,31,2,7,0.286,1,4,0.25,4,4,1.0,0,4,4,8,0,0,4,3,9,-7,1,Mike Conley,2022-23
22022,201144,0022200537,"Dec 30, 2022",UTA @ SAC,L,30,4,11,0.364,4,8,0.5,5,6,0.833,1,1,2,8,1,0,3,5,17,-1,1,Mike Conley,2022-23
22022,201144,0022200521,"Dec 28, 2022",UTA @ GSW,L,32,2,11,0.182,1,8,0.125,0,0,0.0,0,2,2,10,1,0,3,5,5,0,1,Mike Conley,2022-23
22022,201144,0022200503,"Dec 26, 2022",UTA @ SAS,L,33,6,12,0.5,5,7,0.714,0,0,0.0,1,4,5,6,3,1,3,3,17,0,1,Mike Conley,2022-23
22022,201144,0022200478,"Dec 22, 2022",UTA vs. WAS,W,27,3,7,0.429,0,2,0.0,2,2,1.0,0,0,0,6,0,0,1,1,8,-8,1,Mike Conley,2022-23
22022,201144,0022200461,"Dec 20, 2022",UTA @ DET,W,26,3,7,0.429,1,5,0.2,0,1,0.0,1,2,3,7,1,0,0,2,7,9,1,Mike Conley,2022-23
22022,201144,0022200452,"Dec 19, 2022",UTA @ CLE,L,28,3,8,0.375,1,3,0.333,0,0,0.0,1,1,2,9,2,0,3,2,7,-10,1,Mike Conley,2022-23
22022,201144,0022200442,"Dec 17, 2022",UTA @ MIL,L,25,2,6,0.333,0,3,0.0,0,0,0.0,0,1,1,4,1,0,0,2,4,-9,1,Mike Conley,2022-23
22022,201144,0022200426,"Dec 15, 2022",UTA vs. NOP,W,32,1,8,0.125,0,4,0.0,2,6,0.333,0,2,2,6,0,0,2,3,4,5,1,Mike Conley,2022-23
22022,201144,0022200412,"Dec 13, 2022",UTA vs. NOP,W,29,2,8,0.25,2,7,0.286,1,1,1.0,0,0,0,6,1,0,3,3,7,12,1,Mike Conley,2022-23
22022,201144,0022200385,"Dec 09, 2022",UTA vs. MIN,L,25,6,11,0.545,3,7,0.429,2,2,1.0,0,1,1,6,0,0,2,2,17,-12,1,Mike Conley,2022-23
22022,201144,0022200238,"Nov 19, 2022",UTA @ POR,W,9,0,1,0.0,0,0,0.0,0,0,0.0,0,1,1,3,1,0,0,2,0,-12,1,Mike Conley,2022-23
22022,201144,0022200232,"Nov 18, 2022",UTA vs. PHX,W,30,4,9,0.444,4,5,0.8,1,2,0.5,1,3,4,10,1,1,2,5,13,-2,1,Mike Conley,2022-23
22022,201144,0022200208,"Nov 15, 2022",UTA vs. NYK,L,34,3,10,0.3,1,6,0.167,3,3,1.0,1,3,4,7,4,0,1,5,10,4,1,Mike Conley,2022-23
22022,201144,0022200195,"Nov 13, 2022",UTA @ PHI,L,32,1,7,0.143,1,4,0.25,0,0,0.0,0,1,1,8,0,0,3,2,3,-13,1,Mike Conley,2022-23
22022,201144,0022200185,"Nov 12, 2022",UTA @ WAS,L,30,1,8,0.125,0,5,0.0,1,1,1.0,0,3,3,10,1,0,2,1,3,-21,1,Mike Conley,2022-23
22022,201144,0022200162,"Nov 09, 2022",UTA @ ATL,W,29,2,6,0.333,0,2,0.0,3,4,0.75,0,1,1,13,0,0,1,2,7,-11,1,Mike Conley,2022-23
22022,201144,0022200157,"Nov 07, 2022",UTA vs. LAL,W,24,5,7,0.714,3,4,0.75,1,2,0.5,0,1,1,12,0,0,0,2,14,12,1,Mike Conley,2022-23
22022,201144,0022200143,"Nov 06, 2022",UTA @ LAC,W,33,7,13,0.538,2,6,0.333,1,1,1.0,1,6,7,4,2,0,1,0,17,11,1,Mike Conley,2022-23
22022,201144,0022200131,"Nov 04, 2022",UTA @ LAL,W,31,6,11,0.545,2,5,0.4,1,1,1.0,2,0,2,10,1,0,2,0,15,9,1,Mike Conley,2022-23
22022,201144,0022200115,"Nov 02, 2022",UTA @ DAL,L,33,3,8,0.375,1,4,0.25,4,4,1.0,0,1,1,8,1,0,3,1,11,4,1,Mike Conley,2022-23
22022,201144,0022200101,"Oct 31, 2022",UTA vs. MEM,W,30,5,9,0.556,5,7,0.714,0,0,0.0,0,2,2,5,1,0,0,2,15,15,1,Mike Conley,2022-23
22022,201144,0022200078,"Oct 28, 2022",UTA @ DEN,L,23,4,7,0.571,4,5,0.8,2,2,1.0,1,1,2,5,0,0,0,2,14,-4,1,Mike Conley,2022-23
22022,201144,0022200063,"Oct 26, 2022",UTA vs. HOU,W,28,4,11,0.364,3,8,0.375,2,4,0.5,0,3,3,5,1,0,3,5,13,6,1,Mike Conley,2022-23
22022,201144,0022200048,"Oct 24, 2022",UTA @ HOU,L,27,3,6,0.5,0,3,0.0,1,3,0.333,0,2,2,7,3,2,2,0,7,1,1,Mike Conley,2022-23
22022,201144,0022200040,"Oct 23, 2022",UTA @ NOP,W,36,3,12,0.25,1,6,0.167,0,0,0.0,0,2,2,8,0,1,1,1,7,-10,1,Mike Conley,2022-23
22022,201144,0022200025,"Oct 21, 2022",UTA @ MIN,W,36,4,15,0.267,3,9,0.333,1,2,0.5,1,2,3,11,2,0,1,5,12,13,1,Mike Conley,2022-23
22022,201144,0022200012,"Oct 19, 2022",UTA vs. DEN,W,32,3,8,0.375,2,4,0.5,5,5,1.0,0,2,2,8,2,1,3,0,13,16,1,Mike Conley,2022-23
22023,201144,0022301194,"Apr 14, 2024",MIN vs. PHX,L,27,5,7,0.714,4,5,0.8,3,3,1.0,1,3,4,2,1,2,3,1,17,-14,1,Mike Conley,2023-24
22023,201144,0022301178,"Apr 12, 2024",MIN vs. ATL,W,31,5,11,0.455,2,6,0.333,1,1,1.0,1,5,6,10,2,0,2,3,13,6,1,Mike Conley,2023-24
22023,201144,0022301164,"Apr 10, 2024",MIN @ DEN,L,30,7,12,0.583,5,9,0.556,0,0,0.0,1,3,4,2,1,0,3,0,19,-10,1,Mike Conley,2023-24
22023,201144,0022301152,"Apr 09, 2024",MIN vs. WAS,W,28,5,11,0.455,5,9,0.556,0,0,0.0,1,1,2,3,1,0,2,1,15,14,1,Mike Conley,2023-24
22023,201144,0022301143,"Apr 07, 2024",MIN @ LAL,W,26,2,8,0.25,1,5,0.2,2,2,1.0,1,3,4,6,2,0,4,3,7,14,1,Mike Conley,2023-24
22023,201144,0022301125,"Apr 05, 2024",MIN @ PHX,L,25,1,6,0.167,1,3,0.333,2,2,1.0,0,0,0,3,0,0,3,1,5,-27,1,Mike Conley,2023-24
22023,201144,0022301098,"Apr 02, 2024",MIN vs. HOU,W,30,4,7,0.571,3,4,0.75,3,3,1.0,0,2,2,6,3,0,4,2,14,5,1,Mike Conley,2023-24
22023,201144,0022301084,"Mar 31, 2024",MIN vs. CHI,L,29,7,11,0.636,5,9,0.556,0,0,0.0,0,1,1,7,4,0,1,2,19,-6,1,Mike Conley,2023-24
22023,201144,0022301071,"Mar 29, 2024",MIN @ DEN,W,32,8,12,0.667,5,6,0.833,2,2,1.0,0,3,3,8,0,0,2,3,23,6,1,Mike Conley,2023-24
22023,201144,0022301056,"Mar 27, 2024",MIN vs. DET,W,25,3,8,0.375,1,5,0.2,2,2,1.0,0,0,0,7,2,1,2,2,9,5,1,Mike Conley,2023-24
22023,201144,0022301031,"Mar 24, 2024",MIN vs. GSW,W,30,5,12,0.417,3,7,0.429,1,2,0.5,0,1,1,7,4,0,2,2,14,3,1,Mike Conley,2023-24
22023,201144,0022301014,"Mar 22, 2024",MIN vs. CLE,W,32,8,15,0.533,3,6,0.5,2,3,0.667,0,2,2,6,1,1,0,1,21,6,1,Mike Conley,2023-24
22023,201144,0022300995,"Mar 19, 2024",MIN vs. DEN,L,29,3,7,0.429,1,4,0.25,6,6,1.0,2,4,6,5,1,0,2,5,13,10,1,Mike Conley,2023-24
22023,201144,0022300987,"Mar 18, 2024",MIN @ UTA,W,27,2,8,0.25,0,5,0.0,0,0,0.0,0,1,1,2,2,1,1,2,4,15,1,Mike Conley,2023-24
22023,201144,0022300974,"Mar 16, 2024",MIN @ UTA,W,30,8,12,0.667,5,8,0.625,4,5,0.8,1,1,2,2,0,0,0,1,25,4,1,Mike Conley,2023-24
22023,201144,0022300944,"Mar 12, 2024",MIN @ LAC,W,27,9,15,0.6,5,8,0.625,0,0,0.0,2,1,3,3,1,0,1,0,23,4,1,Mike Conley,2023-24
22023,201144,0022300932,"Mar 10, 2024",MIN @ LAL,L,29,3,6,0.5,1,3,0.333,2,2,1.0,0,3,3,6,1,0,0,3,9,-24,1,Mike Conley,2023-24
22023,201144,0022300911,"Mar 08, 2024",MIN @ CLE,L,32,4,11,0.364,0,5,0.0,1,1,1.0,1,2,3,5,0,0,1,1,9,-10,1,Mike Conley,2023-24
22023,201144,0022300903,"Mar 07, 2024",MIN @ IND,W,30,2,9,0.222,1,6,0.167,0,0,0.0,1,4,5,4,2,0,2,1,5,0,1,Mike Conley,2023-24
22023,201144,0022300881,"Mar 04, 2024",MIN vs. POR,W,29,6,13,0.462,2,6,0.333,5,5,1.0,2,0,2,7,3,0,2,1,19,-3,1,Mike Conley,2023-24
22023,201144,0022300873,"Mar 03, 2024",MIN vs. LAC,L,28,0,4,0.0,0,3,0.0,0,0,0.0,1,6,7,5,0,0,3,2,0,8,1,Mike Conley,2023-24
22023,201144,0022300862,"Mar 01, 2024",MIN vs. SAC,L,36,4,8,0.5,1,3,0.333,5,6,0.833,0,3,3,8,2,0,3,3,14,-22,1,Mike Conley,2023-24
22023,201144,0022300845,"Feb 28, 2024",MIN vs. MEM,W,28,1,4,0.25,1,4,0.25,1,2,0.5,1,4,5,7,0,0,2,1,4,-8,1,Mike Conley,2023-24
22023,201144,0022300838,"Feb 27, 2024",MIN vs. SAS,W,20,6,10,0.6,4,6,0.667,0,0,0.0,0,0,0,1,1,0,0,1,16,9,1,Mike Conley,2023-24
22023,201144,0022300815,"Feb 24, 2024",MIN vs. BKN,W,30,5,10,0.5,4,8,0.5,0,0,0.0,0,3,3,3,1,0,1,1,14,4,1,Mike Conley,2023-24
22023,201144,0022300808,"Feb 23, 2024",MIN vs. MIL,L,28,4,8,0.5,1,2,0.5,0,0,0.0,2,0,2,2,2,0,3,0,9,0,1,Mike Conley,2023-24
22023,201144,0022300791,"Feb 15, 2024",MIN @ POR,W,22,3,6,0.5,2,4,0.5,4,4,1.0,2,2,4,3,1,0,0,1,12,6,1,Mike Conley,2023-24
22023,201144,0022300775,"Feb 13, 2024",MIN @ POR,W,26,2,7,0.286,1,5,0.2,2,2,1.0,1,3,4,6,2,3,2,2,7,6,1,Mike Conley,2023-24
22023,201144,0022300770,"Feb 12, 2024",MIN @ LAC,W,24,2,5,0.4,1,3,0.333,0,0,0.0,1,3,4,7,2,0,1,1,5,10,1,Mike Conley,2023-24
22023,201144,0022300738,"Feb 08, 2024",MIN @ MIL,W,31,6,8,0.75,6,7,0.857,0,0,0.0,0,5,5,9,0,0,1,2,18,6,1,Mike Conley,2023-24
22023,201144,0022300723,"Feb 06, 2024",MIN @ CHI,L,36,3,7,0.429,3,7,0.429,0,0,0.0,0,0,0,8,0,0,0,2,9,-9,1,Mike Conley,2023-24
22023,201144,0022300709,"Feb 04, 2024",MIN vs. HOU,W,24,2,6,0.333,1,2,0.5,3,4,0.75,0,3,3,9,1,0,2,2,8,17,1,Mike Conley,2023-24
22023,201144,0022300694,"Feb 02, 2024",MIN vs. ORL,L,28,1,9,0.111,1,6,0.167,1,1,1.0,0,5,5,9,3,0,1,3,4,-13,1,Mike Conley,2023-24
22023,201144,0022300680,"Jan 31, 2024",MIN vs. DAL,W,25,4,6,0.667,2,3,0.667,0,0,0.0,0,4,4,3,1,1,1,2,10,25,1,Mike Conley,2023-24
22023,201144,0022300629,"Jan 25, 2024",MIN @ BKN,W,33,3,6,0.5,2,4,0.5,2,2,1.0,0,2,2,4,2,1,1,1,10,1,1,Mike Conley,2023-24
22023,201144,0022300599,"Jan 20, 2024",MIN vs. OKC,L,29,1,11,0.091,1,9,0.111,0,0,0.0,0,3,3,4,0,1,3,3,3,-22,1,Mike Conley,2023-24
22023,201144,0022300582,"Jan 18, 2024",MIN vs. MEM,W,30,7,11,0.636,3,6,0.5,0,0,0.0,2,2,4,10,2,0,0,1,17,11,1,Mike Conley,2023-24
22023,201144,0022300569,"Jan 17, 2024",MIN @ DET,W,29,3,8,0.375,2,6,0.333,0,1,0.0,0,3,3,7,1,1,1,0,8,20,1,Mike Conley,2023-24
22023,201144,0022300553,"Jan 14, 2024",MIN vs. LAC,W,32,2,7,0.286,2,6,0.333,0,0,0.0,1,1,2,5,1,0,2,2,6,-4,1,Mike Conley,2023-24
22023,201144,0022300538,"Jan 12, 2024",MIN vs. POR,W,20,3,7,0.429,3,5,0.6,0,0,0.0,0,4,4,10,0,0,0,1,9,34,1,Mike Conley,2023-24
22023,201144,0022300513,"Jan 09, 2024",MIN @ ORL,W,31,3,8,0.375,3,6,0.5,2,2,1.0,0,3,3,10,2,0,1,3,11,23,1,Mike Conley,2023-24
22023,201144,0022300501,"Jan 07, 2024",MIN @ DAL,L,32,3,7,0.429,3,6,0.5,0,0,0.0,0,1,1,7,0,0,2,1,9,-1,1,Mike Conley,2023-24
22023,201144,0022300485,"Jan 05, 2024",MIN @ HOU,W,25,3,8,0.375,2,5,0.4,0,0,0.0,0,2,2,5,0,0,0,3,8,13,1,Mike Conley,2023-24
22023,201144,0022300471,"Jan 03, 2024",MIN vs. NOP,L,26,3,5,0.6,1,3,0.333,0,0,0.0,0,0,0,9,1,0,0,1,7,-14,1,Mike Conley,2023-24
22023,201144,0022300451,"Jan 01, 2024",MIN @ NYK,L,29,2,6,0.333,0,1,0.0,1,1,1.0,0,2,2,5,1,1,0,1,5,-11,1,Mike Conley,2023-24
22023,201144,0022300443,"Dec 30, 2023",MIN vs. LAL,W,33,4,11,0.364,4,9,0.444,3,4,0.75,1,3,4,7,1,0,1,2,15,3,1,Mike Conley,2023-24
22023,201144,0022300423,"Dec 28, 2023",MIN vs. DAL,W,28,3,7,0.429,2,4,0.5,2,2,1.0,1,1,2,6,0,1,1,5,10,15,1,Mike Conley,2023-24
22023,201144,0022300411,"Dec 26, 2023",MIN @ OKC,L,25,6,10,0.6,5,7,0.714,0,0,0.0,0,2,2,4,2,0,0,0,17,-10,1,Mike Conley,2023-24
22023,201144,0022300400,"Dec 23, 2023",MIN @ SAC,W,32,4,10,0.4,3,7,0.429,1,1,1.0,0,7,7,9,2,0,2,1,12,28,1,Mike Conley,2023-24
22023,201144,0022300380,"Dec 21, 2023",MIN vs. LAL,W,30,6,9,0.667,4,6,0.667,0,0,0.0,0,1,1,8,2,1,1,1,16,3,1,Mike Conley,2023-24
22023,201144,0022300367,"Dec 20, 2023",MIN @ PHI,L,26,3,7,0.429,1,4,0.25,2,2,1.0,0,0,0,4,0,0,2,1,9,1,1,Mike Conley,2023-24
22023,201144,0022300353,"Dec 18, 2023",MIN @ MIA,W,33,4,5,0.8,4,5,0.8,2,2,1.0,0,1,1,6,1,0,4,1,14,4,1,Mike Conley,2023-24
22023,201144,0022300338,"Dec 16, 2023",MIN vs. IND,W,24,2,5,0.4,1,3,0.333,0,0,0.0,0,2,2,9,1,0,0,0,5,21,1,Mike Conley,2023-24
22023,201144,0022300321,"Dec 14, 2023",MIN @ DAL,W,29,5,9,0.556,2,4,0.5,2,2,1.0,0,2,2,3,1,0,1,2,14,7,1,Mike Conley,2023-24
22023,201144,0022300301,"Dec 11, 2023",MIN @ NOP,L,27,6,11,0.545,4,7,0.571,1,2,0.5,1,4,5,7,0,0,3,1,17,-19,1,Mike Conley,2023-24
22023,201144,0022301221,"Dec 08, 2023",MIN @ MEM,W,32,6,11,0.545,2,3,0.667,5,5,1.0,0,4,4,7,0,0,2,1,19,25,1,Mike Conley,2023-24
22023,201144,0022301210,"Dec 06, 2023",MIN vs. SAS,W,33,5,13,0.385,4,10,0.4,4,4,1.0,0,4,4,4,3,0,1,3,18,9,1,Mike Conley,2023-24
22023,201144,0022300281,"Dec 02, 2023",MIN @ CHA,W,34,3,9,0.333,1,7,0.143,7,8,0.875,0,5,5,10,0,0,1,2,14,10,1,Mike Conley,2023-24
22023,201144,0022300270,"Nov 30, 2023",MIN vs. UTA,W,29,2,6,0.333,2,6,0.333,2,2,1.0,0,3,3,7,2,0,2,3,8,4,1,Mike Conley,2023-24
22023,201144,0022300058,"Nov 28, 2023",MIN vs. OKC,W,37,3,14,0.214,3,10,0.3,0,0,0.0,0,2,2,8,1,0,0,2,9,17,1,Mike Conley,2023-24
22023,201144,0022300249,"Nov 26, 2023",MIN @ MEM,W,32,6,11,0.545,6,9,0.667,0,0,0.0,0,4,4,10,1,0,2,1,18,8,1,Mike Conley,2023-24
22023,201144,0022300050,"Nov 24, 2023",MIN vs. SAC,L,30,2,7,0.286,2,3,0.667,0,0,0.0,1,2,3,9,1,0,1,1,6,-10,1,Mike Conley,2023-24
22023,201144,0022300232,"Nov 22, 2023",MIN vs. PHI,W,23,2,5,0.4,1,2,0.5,0,0,0.0,0,0,0,8,3,0,1,1,5,6,1,Mike Conley,2023-24
22023,201144,0022300221,"Nov 20, 2023",MIN vs. NYK,W,28,3,9,0.333,3,8,0.375,2,2,1.0,0,1,1,5,0,1,0,3,11,20,1,Mike Conley,2023-24
22023,201144,0022300203,"Nov 18, 2023",MIN @ NOP,W,30,2,8,0.25,1,5,0.2,0,0,0.0,0,3,3,5,1,0,3,1,5,-5,1,Mike Conley,2023-24
22023,201144,0022300197,"Nov 15, 2023",MIN @ PHX,L,22,5,8,0.625,1,3,0.333,3,3,1.0,1,1,2,3,0,0,0,0,14,-16,1,Mike Conley,2023-24
22023,201144,0022300025,"Nov 14, 2023",MIN @ GSW,W,31,4,6,0.667,3,4,0.75,2,2,1.0,0,2,2,8,2,0,1,1,13,12,1,Mike Conley,2023-24
22023,201144,0022300186,"Nov 12, 2023",MIN @ GSW,W,31,3,7,0.429,1,5,0.2,1,1,1.0,1,4,5,9,0,0,1,4,8,6,1,Mike Conley,2023-24
22023,201144,0022300013,"Nov 10, 2023",MIN @ SAS,W,31,3,7,0.429,1,3,0.333,4,4,1.0,2,1,3,6,0,0,4,3,11,4,1,Mike Conley,2023-24
22023,201144,0022300166,"Nov 08, 2023",MIN vs. NOP,W,21,4,5,0.8,4,5,0.8,0,0,0.0,0,4,4,4,1,0,0,2,12,16,1,Mike Conley,2023-24
22023,201144,0022300154,"Nov 06, 2023",MIN vs. BOS,W,36,3,5,0.6,2,3,0.667,0,0,0.0,0,2,2,3,2,0,0,1,8,-18,1,Mike Conley,2023-24
22023,201144,0022300138,"Nov 04, 2023",MIN vs. UTA,W,28,3,9,0.333,1,4,0.25,0,0,0.0,0,3,3,6,1,0,0,4,7,23,1,Mike Conley,2023-24
22023,201144,0022300123,"Nov 01, 2023",MIN vs. DEN,W,27,7,9,0.778,3,4,0.75,0,0,0.0,0,3,3,6,1,0,0,1,17,19,1,Mike Conley,2023-24
22023,201144,0022300104,"Oct 30, 2023",MIN @ ATL,L,28,2,9,0.222,2,6,0.333,0,0,0.0,1,1,2,3,0,0,0,3,6,-12,1,Mike Conley,2023-24
22023,201144,0022300093,"Oct 28, 2023",MIN vs. MIA,W,29,6,10,0.6,2,6,0.333,0,0,0.0,2,2,4,5,1,0,0,1,14,21,1,Mike Conley,2023-24
22023,201144,0022300069,"Oct 25, 2023",MIN @ TOR,L,31,4,9,0.444,1,4,0.25,2,2,1.0,1,3,4,3,1,1,1,1,11,-6,1,Mike Conley,2023-24
22024,201144,0022401195,"Apr 13, 2025",MIN vs. UTA,W,15,0,3,0.0,0,2,0.0,0,0,0.0,0,2,2,2,0,0,0,1,0,3,1,Mike Conley,2024-25
22024,201144,0022401179,"Apr 11, 2025",MIN vs. BKN,W,14,1,2,0.5,0,1,0.0,0,0,0.0,0,4,4,4,1,0,0,1,2,6,1,Mike Conley,2024-25
22024,201144,0022401170,"Apr 10, 2025",MIN @ MEM,W,27,2,7,0.286,0,4,0.0,4,4,1.0,1,1,2,9,1,1,2,5,8,29,1,Mike Conley,2024-25
22024,201144,0022401152,"Apr 08, 2025",MIN @ MIL,L,28,2,6,0.333,1,3,0.333,0,0,0.0,1,3,4,3,0,0,0,0,5,-22,1,Mike Conley,2024-25
22024,201144,0022401130,"Apr 05, 2025",MIN @ PHI,W,25,3,7,0.429,2,4,0.5,0,0,0.0,0,4,4,4,0,0,2,1,8,17,1,Mike Conley,2024-25
22024,201144,0022401113,"Apr 03, 2025",MIN @ BKN,W,24,2,10,0.2,2,7,0.286,0,0,0.0,0,1,1,6,0,0,2,1,6,16,1,Mike Conley,2024-25
22024,201144,0022401102,"Apr 01, 2025",MIN @ DEN,W,36,3,8,0.375,3,7,0.429,0,0,0.0,1,0,1,8,1,0,1,4,9,-22,1,Mike Conley,2024-25
22024,201144,0022401084,"Mar 30, 2025",MIN vs. DET,W,30,5,9,0.556,2,2,1.0,5,7,0.714,1,1,2,2,1,0,0,3,17,24,1,Mike Conley,2024-25
22024,201144,0022401071,"Mar 28, 2025",MIN vs. PHX,W,30,5,10,0.5,3,7,0.429,0,0,0.0,0,3,3,4,2,1,2,1,13,23,1,Mike Conley,2024-25
22024,201144,0022401037,"Mar 24, 2025",MIN @ IND,L,22,3,5,0.6,1,2,0.5,0,0,0.0,0,4,4,5,1,1,2,0,7,-8,1,Mike Conley,2024-25
22024,201144,0022401016,"Mar 21, 2025",MIN vs. NOP,W,10,0,1,0.0,0,1,0.0,0,0,0.0,0,1,1,6,1,0,1,0,0,18,1,Mike Conley,2024-25
22024,201144,0022401001,"Mar 19, 2025",MIN vs. NOP,L,28,6,8,0.75,4,6,0.667,0,0,0.0,0,2,2,2,1,0,1,1,16,5,1,Mike Conley,2024-25
22024,201144,0022400986,"Mar 17, 2025",MIN vs. IND,L,32,2,3,0.667,2,2,1.0,3,4,0.75,0,3,3,5,2,0,1,3,9,24,1,Mike Conley,2024-25
22024,201144,0022400963,"Mar 14, 2025",MIN vs. ORL,W,24,3,6,0.5,3,5,0.6,0,0,0.0,0,1,1,3,0,0,0,1,9,20,1,Mike Conley,2024-25
22024,201144,0022400952,"Mar 12, 2025",MIN @ DEN,W,20,3,5,0.6,1,2,0.5,1,1,1.0,1,0,1,5,2,0,2,0,8,12,1,Mike Conley,2024-25
22024,201144,0022400925,"Mar 09, 2025",MIN vs. SAS,W,23,4,8,0.5,3,5,0.6,2,2,1.0,0,5,5,5,0,0,0,3,13,17,1,Mike Conley,2024-25
22024,201144,0022400907,"Mar 07, 2025",MIN @ MIA,W,25,6,9,0.667,3,5,0.6,0,0,0.0,1,1,2,2,2,1,2,0,15,0,1,Mike Conley,2024-25
22024,201144,0022400887,"Mar 04, 2025",MIN vs. PHI,W,25,4,6,0.667,3,5,0.6,1,1,1.0,1,6,7,6,0,0,2,1,12,20,1,Mike Conley,2024-25
22024,201144,0022400873,"Mar 02, 2025",MIN @ PHX,W,20,1,3,0.333,1,2,0.5,0,0,0.0,0,1,1,1,2,0,1,5,3,-5,1,Mike Conley,2024-25
22024,201144,0022400858,"Feb 28, 2025",MIN @ UTA,L,24,1,5,0.2,1,4,0.25,0,0,0.0,0,1,1,6,1,0,0,1,3,-16,1,Mike Conley,2024-25
22024,201144,0022400849,"Feb 27, 2025",MIN @ LAL,L,26,3,5,0.6,2,4,0.5,2,2,1.0,1,0,1,4,2,1,0,2,10,-17,1,Mike Conley,2024-25
22024,201144,0022400826,"Feb 24, 2025",MIN @ OKC,W,14,3,5,0.6,2,4,0.5,0,0,0.0,0,0,0,1,0,0,1,3,8,-8,1,Mike Conley,2024-25
22024,201144,0022400820,"Feb 23, 2025",MIN vs. OKC,L,31,3,6,0.5,3,6,0.5,0,0,0.0,0,2,2,5,0,0,1,3,9,7,1,Mike Conley,2024-25
22024,201144,0022400801,"Feb 21, 2025",MIN @ HOU,L,24,0,2,0.0,0,2,0.0,5,5,1.0,0,2,2,5,1,0,1,4,5,-1,1,Mike Conley,2024-25
22024,201144,0022400729,"Feb 06, 2025",MIN vs. HOU,W,29,6,8,0.75,4,4,1.0,0,0,0.0,0,3,3,5,1,1,1,1,16,12,1,Mike Conley,2024-25
22024,201144,0022400723,"Feb 05, 2025",MIN vs. CHI,W,26,2,10,0.2,2,7,0.286,2,2,1.0,2,3,5,9,0,0,0,0,8,21,1,Mike Conley,2024-25
22024,201144,0022400704,"Feb 03, 2025",MIN vs. SAC,L,27,2,8,0.25,1,3,0.333,0,0,0.0,1,2,3,9,0,0,0,2,5,5,1,Mike Conley,2024-25
22024,201144,0022400690,"Feb 01, 2025",MIN vs. WAS,L,34,5,12,0.417,2,7,0.286,4,4,1.0,0,3,3,5,0,0,2,2,16,-1,1,Mike Conley,2024-25
22024,201144,0022400672,"Jan 29, 2025",MIN @ PHX,W,30,2,4,0.5,2,3,0.667,0,0,0.0,0,0,0,6,0,0,2,2,6,-4,1,Mike Conley,2024-25
22024,201144,0022400656,"Jan 27, 2025",MIN vs. ATL,W,31,1,9,0.111,0,5,0.0,2,2,1.0,1,3,4,4,4,0,1,0,4,7,1,Mike Conley,2024-25
22024,201144,0022400634,"Jan 25, 2025",MIN vs. DEN,W,23,3,3,1.0,3,3,1.0,0,0,0.0,0,1,1,5,3,0,1,0,9,23,1,Mike Conley,2024-25
22024,201144,0022400614,"Jan 22, 2025",MIN @ DAL,W,32,6,9,0.667,4,6,0.667,2,2,1.0,1,4,5,8,2,0,0,3,18,19,1,Mike Conley,2024-25
22024,201144,0022400601,"Jan 20, 2025",MIN @ MEM,L,25,1,6,0.167,1,4,0.25,2,2,1.0,1,3,4,8,1,0,1,3,5,-7,1,Mike Conley,2024-25
22024,201144,0022400590,"Jan 18, 2025",MIN vs. CLE,L,23,3,7,0.429,3,6,0.5,0,0,0.0,1,2,3,3,0,0,1,1,9,-5,1,Mike Conley,2024-25
22024,201144,0022400578,"Jan 17, 2025",MIN @ NYK,W,25,5,9,0.556,3,5,0.6,0,0,0.0,0,0,0,2,1,0,1,1,13,16,1,Mike Conley,2024-25
22024,201144,0022400565,"Jan 15, 2025",MIN vs. GSW,L,19,0,3,0.0,0,2,0.0,1,2,0.5,0,0,0,3,0,1,0,1,1,-3,1,Mike Conley,2024-25
22024,201144,0022400548,"Jan 13, 2025",MIN @ WAS,W,20,1,3,0.333,1,2,0.5,4,5,0.8,0,5,5,4,0,1,1,2,7,4,1,Mike Conley,2024-25
22024,201144,0022400535,"Jan 11, 2025",MIN vs. MEM,L,15,1,4,0.25,1,3,0.333,0,0,0.0,0,0,0,2,0,0,1,0,3,0,1,Mike Conley,2024-25
22024,201144,0022400519,"Jan 09, 2025",MIN @ ORL,W,23,3,7,0.429,1,2,0.5,2,2,1.0,0,4,4,2,2,0,1,0,9,23,1,Mike Conley,2024-25
22024,201144,0022400505,"Jan 07, 2025",MIN @ NOP,W,25,2,4,0.5,1,3,0.333,3,4,0.75,1,3,4,6,0,0,1,1,8,-12,1,Mike Conley,2024-25
22024,201144,0022400500,"Jan 06, 2025",MIN vs. LAC,W,26,4,8,0.5,2,3,0.667,1,1,1.0,1,3,4,3,1,0,1,1,11,11,1,Mike Conley,2024-25
22024,201144,0022400479,"Jan 04, 2025",MIN @ DET,L,21,0,4,0.0,0,3,0.0,0,0,0.0,0,0,0,5,2,0,1,1,0,-18,1,Mike Conley,2024-25
22024,201144,0022400464,"Jan 02, 2025",MIN vs. BOS,L,19,2,4,0.5,1,2,0.5,0,0,0.0,1,1,2,3,0,0,1,0,5,1,1,Mike Conley,2024-25
22024,201144,0022400452,"Dec 31, 2024",MIN @ OKC,L,23,5,10,0.5,4,7,0.571,2,2,1.0,1,0,1,4,2,0,1,1,16,-2,1,Mike Conley,2024-25
22024,201144,0022400441,"Dec 29, 2024",MIN vs. SAS,W,23,1,5,0.2,1,4,0.25,2,2,1.0,0,2,2,3,0,0,0,3,5,-11,1,Mike Conley,2024-25
22024,201144,0022400422,"Dec 27, 2024",MIN @ HOU,W,24,1,5,0.2,1,4,0.25,0,0,0.0,1,1,2,2,2,0,0,0,3,-17,1,Mike Conley,2024-25
22024,201144,0022400406,"Dec 25, 2024",MIN @ DAL,W,26,4,9,0.444,1,5,0.2,1,1,1.0,0,2,2,3,1,0,0,2,10,1,1,Mike Conley,2024-25
22024,201144,0022400395,"Dec 23, 2024",MIN @ ATL,L,27,4,6,0.667,3,5,0.6,0,0,0.0,0,2,2,6,3,0,1,1,11,-8,1,Mike Conley,2024-25
22024,201144,0022400383,"Dec 21, 2024",MIN vs. GSW,L,25,1,6,0.167,1,5,0.2,0,0,0.0,0,2,2,5,1,0,2,4,3,-1,1,Mike Conley,2024-25
22024,201144,0022400367,"Dec 19, 2024",MIN vs. NYK,L,18,1,5,0.2,1,3,0.333,0,0,0.0,0,0,0,2,1,1,0,1,3,-19,1,Mike Conley,2024-25
22024,201144,0022401218,"Dec 15, 2024",MIN @ SAS,W,28,3,9,0.333,3,5,0.6,0,0,0.0,3,2,5,8,1,1,3,2,9,4,1,Mike Conley,2024-25
22024,201144,0022401210,"Dec 13, 2024",MIN vs. LAL,W,29,0,6,0.0,0,4,0.0,2,2,1.0,0,4,4,7,0,0,0,0,2,12,1,Mike Conley,2024-25
22024,201144,0022400355,"Dec 08, 2024",MIN @ GSW,L,25,3,7,0.429,3,6,0.5,3,3,1.0,1,1,2,3,1,0,0,2,12,-9,1,Mike Conley,2024-25
22024,201144,0022400338,"Dec 06, 2024",MIN @ GSW,W,27,5,12,0.417,3,9,0.333,0,0,0.0,0,4,4,4,3,1,3,2,13,12,1,Mike Conley,2024-25
22024,201144,0022400324,"Dec 04, 2024",MIN @ LAC,W,20,5,8,0.625,1,4,0.25,0,0,0.0,0,3,3,2,0,0,1,1,11,13,1,Mike Conley,2024-25
22024,201144,0022400318,"Dec 02, 2024",MIN vs. LAL,W,22,3,7,0.429,3,6,0.5,0,0,0.0,0,3,3,6,0,0,2,1,9,21,1,Mike Conley,2024-25
22024,201144,0022400044,"Nov 29, 2024",MIN vs. LAC,W,33,3,7,0.429,3,5,0.6,4,4,1.0,0,2,2,3,2,0,3,3,13,7,1,Mike Conley,2024-25
22024,201144,0022400294,"Nov 27, 2024",MIN vs. SAC,L,32,4,11,0.364,3,8,0.375,5,5,1.0,0,1,1,4,2,0,3,1,16,-11,1,Mike Conley,2024-25
22024,201144,0022400234,"Nov 17, 2024",MIN vs. PHX,W,30,1,2,0.5,1,1,1.0,0,1,0.0,0,4,4,3,2,0,1,0,3,14,1,Mike Conley,2024-25
22024,201144,0022400020,"Nov 15, 2024",MIN @ SAC,W,37,4,12,0.333,4,9,0.444,2,3,0.667,0,4,4,7,5,0,0,1,14,10,1,Mike Conley,2024-25
22024,201144,0022400008,"Nov 12, 2024",MIN @ POR,L,24,2,5,0.4,2,5,0.4,0,0,0.0,0,4,4,6,2,0,1,1,6,7,1,Mike Conley,2024-25
22024,201144,0022400206,"Nov 10, 2024",MIN vs. MIA,L,24,2,9,0.222,0,5,0.0,0,0,0.0,1,4,5,3,3,0,4,2,4,-16,1,Mike Conley,2024-25
22024,201144,0022400193,"Nov 08, 2024",MIN vs. POR,W,18,1,7,0.143,0,4,0.0,0,0,0.0,0,1,1,2,1,0,0,2,2,10,1,Mike Conley,2024-25
22024,201144,0022400181,"Nov 07, 2024",MIN @ CHI,W,26,5,9,0.556,3,6,0.5,1,1,1.0,0,2,2,11,0,0,0,2,14,7,1,Mike Conley,2024-25
22024,201144,0022400162,"Nov 04, 2024",MIN vs. CHA,W,23,4,8,0.5,3,5,0.6,0,0,0.0,1,4,5,4,0,1,0,0,11,20,1,Mike Conley,2024-25
22024,201144,0022400146,"Nov 02, 2024",MIN @ SAS,L,21,2,4,0.5,1,3,0.333,0,0,0.0,1,2,3,3,3,0,2,2,5,-12,1,Mike Conley,2024-25
22024,201144,0022400139,"Nov 01, 2024",MIN vs. DEN,W,26,2,7,0.286,2,5,0.4,3,4,0.75,0,0,0,5,1,0,1,4,9,10,1,Mike Conley,2024-25
22024,201144,0022400114,"Oct 29, 2024",MIN vs. DAL,L,22,2,6,0.333,2,4,0.5,3,3,1.0,1,3,4,6,0,0,2,4,9,0,1,Mike Conley,2024-25
22024,201144,0022400093,"Oct 26, 2024",MIN vs. TOR,W,26,2,9,0.222,2,6,0.333,4,4,1.0,1,2,3,6,4,1,1,1,10,17,1,Mike Conley,2024-25
22024,201144,0022400076,"Oct 24, 2024",MIN @ SAC,W,27,2,9,0.222,2,7,0.286,0,0,0.0,1,1,2,4,0,1,0,2,6,-6,1,Mike Conley,2024-25
22024,201144,0022400062,"Oct 22, 2024",MIN @ LAL,L,20,1,7,0.143,0,5,0.0,3,3,1.0,2,2,4,2,1,0,3,1,5,-22,1,Mike Conley,2024-25
